sample,archive,bytes,sha256,schema_valid,official_split,official_positive_pixels,positive_pixels,annotated,event_date,crs,xmin,ymin,xmax,ymax,mask_constant_across_time,spectral_array_sha256,notes
chimanimani_s2_1000.nc,s2_part01.tar.gz,6176008,9fb67a12293a9cb9991bba61de62319a6faf9f817279e16b098a5efda5f7328c,True,,,0,False,,EPSG:32736,479995.0,7787525.0,481275.0,7788805.0,True,31a73700216e732e3a2869e8548e26e0633c1f758a0a6c2ecd4dd33d2a04d84a,event_date_absent;scl_255_quality_unknown
chimanimani_s2_1001.nc,s2_part01.tar.gz,6176097,e5d452a8d6b5711a58cc82b4107953cc8e492d160485dd11a0f76cf7aa62cd90,True,,,27,True,2019-03-15,EPSG:32736,479995.0,7788805.0,481275.0,7790085.0,True,1f6380f454c275b297d0be0cd0f675b293055fd210fe9ccfdc75f713b1a15641,scl_255_quality_unknown
chimanimani_s2_1002.nc,s2_part01.tar.gz,6176236,022522c35617779fa5cc3cf8364590c7334e58dabf61636dd60a0c34fd3c3915,True,train,89,89,True,2019-03-15,EPSG:32736,479995.0,7790085.0,481275.0,7791365.0,True,b2775de810b7735c9217af300e9532820a33bf6f218e7b538c648fc384e89a9c,scl_255_quality_unknown
chimanimani_s2_1003.nc,s2_part01.tar.gz,6176371,2fe26acbe5ed89578a44ecb3fe6039248ebefd1b52da32b91e9210d033159b37,True,train,242,242,True,2019-03-15,EPSG:32736,479995.0,7791365.0,481275.0,7792645.0,True,df0a3f14bd27ff9baec998dd8b5c81c9e764e63a1e247bc0fd81daac669d22c6,scl_255_quality_unknown
chimanimani_s2_1004.nc,s2_part01.tar.gz,6177828,f02376a8f31c7679ad5de4b7a28ed6e7b214353cfc9c01e3cc2e4066d298e64f,True,test,362,362,True,2019-03-15,EPSG:32736,479995.0,7792645.0,481275.0,7793925.0,True,c06d0714e4f9d1e0670fa3fa33b335419f03c66a1dd3a1d2ca8c26e6fee46297,scl_255_quality_unknown
chimanimani_s2_1005.nc,s2_part01.tar.gz,6177745,49b83dd3ba69bf80d0ea551db6581dd9d90654eb62a00d9cccf3e406ca848188,True,train,310,310,True,2019-03-15,EPSG:32736,479995.0,7793925.0,481275.0,7795205.0,True,14ba57ed00adb5ab4f2bdb3d3b6b98b60716bb8bf7f49438ec497bf00e11cc0e,scl_255_quality_unknown
chimanimani_s2_1006.nc,s2_part01.tar.gz,6177794,372970efe81f22774e3cf1726aad95c9a2d3331868c490547f01ca191922ac18,True,train,357,357,True,2019-03-15,EPSG:32736,479995.0,7795205.0,481275.0,7796485.0,True,ec01354d8e353fc3d8e6a5ff708a67ff163fa211fae716abf3d704a06ed04866,scl_255_quality_unknown
chimanimani_s2_1007.nc,s2_part01.tar.gz,6176008,716db5637fa0f0fe3c09b77fd819ebf5fb60693de723923498aec13cbb2cdf7c,True,,,0,False,,EPSG:32736,479995.0,7796485.0,481275.0,7797765.0,True,ed8ebbe69f5cdc013cac842f9d16c1644552e52bca7493f298164942019c81ed,event_date_absent;scl_255_quality_unknown
chimanimani_s2_1010.nc,s2_part01.tar.gz,6176008,4b7bfb73e5a027bb19204bb63ee1b17db32d42bb0d364537db186004bcc28979,True,,,0,False,,EPSG:32736,479995.0,7800325.0,481275.0,7801605.0,True,c7bf3886ffc73597a0c1e88b5886446af536f84fcc873adbcbb3459749b1b5e3,event_date_absent;scl_255_quality_unknown
chimanimani_s2_1012.nc,s2_part01.tar.gz,6176008,5f460733ebfad6600078d50edb6223828ecde01e19429b755518c3e1fa070eae,True,,,0,False,,EPSG:32736,479995.0,7802885.0,481275.0,7804165.0,True,9bd13021d293a2a1162b88bdba44e29f79df3a9de436cc7f1fb0023205deb156,event_date_absent;scl_255_quality_unknown
chimanimani_s2_1014.nc,s2_part01.tar.gz,6176008,5449ec166f2267961f4ce9b0e3dd5624b15f25df0f996638f018409a941c2489,True,,,0,False,,EPSG:32736,479995.0,7805445.0,481275.0,7806725.0,True,7acfadaf17d76a610cd0051b811d377da79efcbc1e1f247d32489052ebb6e8ab,event_date_absent;scl_255_quality_unknown
chimanimani_s2_1015.nc,s2_part01.tar.gz,6176008,649e1666c4a8d6c21351ffc6628abe2db43ec0e9efba1c7be8f68ba782fb150e,True,,,0,False,,EPSG:32736,479995.0,7806725.0,481275.0,7808005.0,True,6995311d3dabdc00c3ebcde17898151550d87687cf919e703725c6dc6087dc5d,event_date_absent;scl_255_quality_unknown
chimanimani_s2_1016.nc,s2_part01.tar.gz,6176008,adb848591239b260639d13fd92bb9a95230246920559c77b9cf9b4f3f590b1b5,True,,,0,False,,EPSG:32736,479995.0,7808005.0,481275.0,7809285.0,True,1db6871b741fe1ac0d52e91511f4e6b077843769ae613871b29df7fee6f1b2f6,event_date_absent;scl_255_quality_unknown
chimanimani_s2_1018.nc,s2_part01.tar.gz,6176008,6b4fadf3768554423f99d780f69b2a5cc0b5baabc7e355062b01b96f14cb1a43,True,,,0,False,,EPSG:32736,479995.0,7810565.0,481275.0,7811845.0,True,3c8de66221da4eb2a6730fd0217b5d0d96334fb69f53f4842d40b30bfb70ade6,event_date_absent;scl_255_quality_unknown
chimanimani_s2_1019.nc,s2_part01.tar.gz,6176008,7ef66f2b717cf44f9bdc2e5f3ee4c4fd1ae9e5518b976c91ccbd890ef6c3f852,True,,,0,False,,EPSG:32736,479995.0,7811845.0,481275.0,7813125.0,True,785dddc0173a8bf9bbe740f7652a55fa3d42459aa6dfc7e1e4c598cc77c5a877,event_date_absent;scl_255_quality_unknown
chimanimani_s2_101.nc,s2_part01.tar.gz,6176008,651c8bf97078be77e11eaa366578837848513f1a3169a824d284d38cd2289bb0,True,,,0,False,,EPSG:32736,459515.0,7824645.0,460795.0,7825925.0,True,b0d7e3e99a24d90786be7235286d000130f23f5734b3475246406297f95632b9,event_date_absent;scl_255_quality_unknown
chimanimani_s2_1020.nc,s2_part01.tar.gz,6176008,779618345008977dd3d651128622a1a11f5df3a0178581fc3c1224265afe91f7,True,,,0,False,,EPSG:32736,479995.0,7813125.0,481275.0,7814405.0,True,71b18dc7d03bf97385f2e1f2f6cb20d93d85cece8b44f12e0db7b69997d70117,event_date_absent;scl_255_quality_unknown
chimanimani_s2_1023.nc,s2_part01.tar.gz,6176008,03da090689d266598e818edefc67c390641e2f119acd5557001248c1dcac218f,True,,,0,False,,EPSG:32736,479995.0,7816965.0,481275.0,7818245.0,True,d9934a2878cd83f2159dddb379c041f347ac1e953a864f68e82a412cf2dedb00,event_date_absent;scl_255_quality_unknown
chimanimani_s2_1025.nc,s2_part01.tar.gz,6176008,73e2920143021244899c110ef0fb3e56c89ef3e624d96a8851a0bf5dca84ee46,True,,,0,False,,EPSG:32736,479995.0,7819525.0,481275.0,7820805.0,True,ef64db59eb99d8a579ebf61c4ab9cd55da1822e5ba061ad08723e9aee6211627,event_date_absent;scl_255_quality_unknown
chimanimani_s2_1026.nc,s2_part01.tar.gz,6176008,456c56907bc643327ed4b09e7481b875c8f245a3e8d9a019bb58e9ffbbf5c4e9,True,,,0,False,,EPSG:32736,479995.0,7820805.0,481275.0,7822085.0,True,7eb98edb4a09f331d1cee8005f1a8401336c502828696114a8934c9ec0f0119e,event_date_absent;scl_255_quality_unknown
chimanimani_s2_1027.nc,s2_part01.tar.gz,6176109,1857e1c03e901960acd652cb9aaa0b889e2850c86af7ebd8c01427a27a229f0b,True,,,10,True,2019-03-15,EPSG:32736,479995.0,7822085.0,481275.0,7823365.0,True,0f3d38913fadcbdac281fb2af482167fda382151c473a673b2291ea36322f807,scl_255_quality_unknown
chimanimani_s2_1029.nc,s2_part01.tar.gz,6177608,a22dc40688b868b879f8f592b34197a890ad5660faef336827b3a7747313571b,True,train,280,280,True,2019-03-15,EPSG:32736,479995.0,7824645.0,481275.0,7825925.0,True,08f939dbbf0cf1ef5ed8068a2d6582a7ad3eaa8fc3c035258fb8575b7b5961d3,scl_255_quality_unknown
chimanimani_s2_102.nc,s2_part01.tar.gz,6176008,139818cd120502747d0a768f118d70d4885518fd586781555f9824e9da860855,True,,,0,False,,EPSG:32736,459515.0,7825925.0,460795.0,7827205.0,True,d6bc955d31ce2346aa16a03050000f36e41a7c69e8f84ac063eedd91d127018c,event_date_absent;scl_255_quality_unknown
chimanimani_s2_1030.nc,s2_part01.tar.gz,6176494,f192b3c52373bb2430812bdea68873b48e73ee8cff2e1d2adf8ca0061d675430,True,val,440,440,True,2019-03-15,EPSG:32736,479995.0,7825925.0,481275.0,7827205.0,True,bac06a4b0e82fb75fb612fd1063376ca7f7530b2a4314b383e95986a15148b39,scl_255_quality_unknown
chimanimani_s2_1033.nc,s2_part01.tar.gz,6176182,a4eff206f51bdfd69521e0adb7ef4311bc5af8a6066de44014955e80967025d1,True,test,312,312,True,2019-03-15,EPSG:32736,479995.0,7829765.0,481275.0,7831045.0,True,1e2307b4bdcc796a541fa45633c54c070a295557350ed18558daed08d9f1d80c,scl_255_quality_unknown
chimanimani_s2_1036.nc,s2_part01.tar.gz,6176008,4604b6265b9bbac4f893374dffcd5dc7589e093c120e5fa4a62d9f7ab72feff0,True,,,0,False,,EPSG:32736,479995.0,7833605.0,481275.0,7834885.0,True,4aa6e9ca799a5388ad35a2f58bab0ff4036aed6cc7a71ec7dd03e9a43d9235b5,event_date_absent;scl_255_quality_unknown
chimanimani_s2_1040.nc,s2_part01.tar.gz,6176008,cf5d73aaf9d75eb2f97d85c369f7bfa8074b4e398b852caf4c815ad2c3ef2138,True,,,0,False,,EPSG:32736,479995.0,7838725.0,481275.0,7840005.0,True,75c075979d54827d7e88ffad5ef8e896931e1063e9dded6c3adb2e1491acc3a1,event_date_absent;scl_255_quality_unknown
chimanimani_s2_1041.nc,s2_part01.tar.gz,6176008,9aa0bcfd59daf141328778098fd20697354e12321357f424f072749e182549a6,True,,,0,False,,EPSG:32736,479995.0,7840005.0,481275.0,7841285.0,True,2bb93423e0ee48f26871eeb8fceeaf628e022d873471e65589f27738042d1aa7,event_date_absent;scl_255_quality_unknown
chimanimani_s2_1042.nc,s2_part01.tar.gz,6176241,e09ac5c5587c50191eab5c4661f886c89af38b1b89bf20dc224e68a44ea59879,True,test,88,88,True,2019-03-15,EPSG:32736,479995.0,7841285.0,481275.0,7842565.0,True,e31ff3a585f1918c15c11f4178e12537e14e207fa369abdcc12ae512fb23b177,scl_255_quality_unknown
chimanimani_s2_1043.nc,s2_part01.tar.gz,6176173,3877c6ef370902ef2c76587bbc284411b84bb87d3340e47ca12dc8c210ca8694,True,test,217,217,True,2019-03-15,EPSG:32736,479995.0,7842565.0,481275.0,7843845.0,True,296e5542d9c27226dcbaf966fe54a36a68e6bbc7d0d16f4940f6a29fe3cc2c46,scl_255_quality_unknown
chimanimani_s2_1046.nc,s2_part01.tar.gz,6176008,46d901ff8544ff87812cbd06702430d5c4f82877d1c61bef5caaf6e3bcc39a09,True,,,0,False,,EPSG:32736,481275.0,7772165.0,482555.0,7773445.0,True,88c70101be89ec23b758317af23ebd0b71136b95fd4f5c28e95a174e1a974cb0,event_date_absent;scl_255_quality_unknown
chimanimani_s2_1049.nc,s2_part01.tar.gz,6176008,bf44ee310ac9a3c02f720401f3c2b12f7ed3bfceab4c013e0c9cd156a2733660,True,,,0,False,,EPSG:32736,481275.0,7776005.0,482555.0,7777285.0,True,93ff25195d31b18f3189ba43dec4f422929b0bfe773ceafaf24c14dd673f1a8a,event_date_absent;scl_255_quality_unknown
chimanimani_s2_104.nc,s2_part01.tar.gz,6176008,2d5afd202345a4f618422f7dbad862a48e1d22d181eb00b33bc0f82e37a1e52c,True,,,0,False,,EPSG:32736,459515.0,7828485.0,460795.0,7829765.0,True,e1abac723e3c7d879b8d62d1aa282e887e558d65c60877db7b645eb2427e5c11,event_date_absent;scl_255_quality_unknown
chimanimani_s2_1050.nc,s2_part01.tar.gz,6176008,3e2a507db282dd6df2736b419f688faaba41e911b0927c2c5bf34950cc9c0f20,True,,,0,False,,EPSG:32736,481275.0,7777285.0,482555.0,7778565.0,True,3ff473d8aae48dd911834dae7520907d9a81d83b65449027bab34b748fa98027,event_date_absent;scl_255_quality_unknown
chimanimani_s2_1051.nc,s2_part01.tar.gz,6176008,bb43a09106db6930edf46f3b81cc5d6bd5667dc061f0a1a15faedfeb293e9e06,True,,,0,False,,EPSG:32736,481275.0,7778565.0,482555.0,7779845.0,True,78e7717713aabc2a702c21820bda254db4da4bfe9427512331dfa970a5972c5c,event_date_absent;scl_255_quality_unknown
chimanimani_s2_1052.nc,s2_part01.tar.gz,6176008,d24e28171a748b3cb41b4cf8cea3364dac4cec072c0466256ffbf20b99160e7f,True,,,0,False,,EPSG:32736,481275.0,7779845.0,482555.0,7781125.0,True,307246c96f8c8d4f0a595c0b63976699240cc7d112c57fdafd05eb660f81043f,event_date_absent;scl_255_quality_unknown
chimanimani_s2_1053.nc,s2_part01.tar.gz,6176008,e273dbab236013f5e542e6d9dddeeefb97daba726ad5ee8ddda99e6d8a9b0cbb,True,,,0,False,,EPSG:32736,481275.0,7781125.0,482555.0,7782405.0,True,ea33d7dda56cc89568917414373d6582ec8af1d909325a47b95f118656babd0d,event_date_absent;scl_255_quality_unknown
chimanimani_s2_1057.nc,s2_part01.tar.gz,6176008,206947d65ac102c4c92f48d4ca6725cd112856d3fca522148012384038a09007,True,,,0,False,,EPSG:32736,481275.0,7786245.0,482555.0,7787525.0,True,ac49fa2c9277716444ff3f2fb96df0a06bc6335785c0f2710666df69cf0026c0,event_date_absent;scl_255_quality_unknown
chimanimani_s2_105.nc,s2_part01.tar.gz,6176008,81ce3319737476daa37366eaaa4e95b1aada8c70fc7e072362aa6cca6c0f9ed2,True,,,0,False,,EPSG:32736,459515.0,7829765.0,460795.0,7831045.0,True,5a7a7a9205a57c73ec3eda5d80eb2727a830d3b019c1a713e7dfddbaa9374309,event_date_absent;scl_255_quality_unknown
chimanimani_s2_1060.nc,s2_part01.tar.gz,6176108,19788aaaca8b8dd4ff97975df9f645a58c838ae7be3505a44e9e184da02711e5,True,,,23,True,2019-03-15,EPSG:32736,481275.0,7790085.0,482555.0,7791365.0,True,8c864d63097418093ec22be0d487657123aee9cabddaf36e3cfad0ef1cc89b95,scl_255_quality_unknown
chimanimani_s2_1061.nc,s2_part01.tar.gz,6177730,8e23f73bbc9c20eb12b50c5ee52210124be74845c7f4c09dfe5cf2b644cf1b4e,True,train,246,246,True,2019-03-15,EPSG:32736,481275.0,7791365.0,482555.0,7792645.0,True,d649f0e39f01689cf3fbba329c3969570f89b0bc53ca3de7887ae7e03a763000,scl_255_quality_unknown
chimanimani_s2_1062.nc,s2_part01.tar.gz,6176163,4b653dd6158bd61d37dba15fc4fd887c7fdafed62a7d1a2f48c7d7a66855b63b,True,,,29,True,2019-03-15,EPSG:32736,481275.0,7792645.0,482555.0,7793925.0,True,7b5e7ad8edf677d9e3cb80a1100321034d73671e1b8d4f836f9f2a509302e42f,scl_255_quality_unknown
chimanimani_s2_1063.nc,s2_part01.tar.gz,6176107,e30971cab1f04f6a77b7c9a714624143b1e43e3d18656a4bcccd0eef8d2da844,True,,,26,True,2019-03-15,EPSG:32736,481275.0,7793925.0,482555.0,7795205.0,True,cb54fb6efbb16570680b34848ca48dad6552d05c7f15d47f222a07c7ef28ecbb,scl_255_quality_unknown
chimanimani_s2_1067.nc,s2_part01.tar.gz,6176008,fa4b9c9b3bd599534ca84158193bcb6bf7d46be94cbad898539047cb580aae17,True,,,0,False,,EPSG:32736,481275.0,7799045.0,482555.0,7800325.0,True,1a61965b0c80c10177b645d77c1ed0b513110d86fde58814c614039bb387688f,event_date_absent;scl_255_quality_unknown
chimanimani_s2_1068.nc,s2_part01.tar.gz,6176008,12f396f2f8833c9661693fcd615d92e7358630a5d9adb9661a2e4e8893d78553,True,,,0,False,,EPSG:32736,481275.0,7800325.0,482555.0,7801605.0,True,07b9e18bd68d4127d92ef0f06ca62b8a83373ce391ea628881af20be718aaab4,event_date_absent;scl_255_quality_unknown
chimanimani_s2_1069.nc,s2_part01.tar.gz,6176008,7a08b14760db5b6a0b7096841c2b8738f5eb23d9bed36c0e11c8930332e91319,True,,,0,False,,EPSG:32736,481275.0,7801605.0,482555.0,7802885.0,True,b663d2d7f35d63ee97ce127ac4469d1b86488367495656192b646ad9160e6996,event_date_absent;scl_255_quality_unknown
chimanimani_s2_106.nc,s2_part01.tar.gz,6176008,dd81f144b6f43e41044845e94037f4f849938cb59746c1ac363d91942ca509f7,True,,,0,False,,EPSG:32736,459515.0,7831045.0,460795.0,7832325.0,True,cb72dcfb304cc06dfc39a4d64214f06f26c6b2510ff42276838ea6190ac18733,event_date_absent;scl_255_quality_unknown
chimanimani_s2_1070.nc,s2_part01.tar.gz,6176100,195ef80bcc35f811c5bd5afc544dcaf643b51a6bd4daff479146435741818db9,True,test,52,52,True,2019-03-15,EPSG:32736,481275.0,7802885.0,482555.0,7804165.0,True,2f062051ec4f0191748f5de513c4d0fb6136fb010704ecf463c750f04cf801b7,scl_255_quality_unknown
chimanimani_s2_1071.nc,s2_part01.tar.gz,6176156,c1063f6b3ec465ebcae5aeedddfad006ad661704c971aeef713bba8d8681ab95,True,,,38,True,2019-03-15,EPSG:32736,481275.0,7804165.0,482555.0,7805445.0,True,1374f800603d5cb0a8d6a2bec2cc24ba12fe39d22f1dfbafdc508867f81ad330,scl_255_quality_unknown
chimanimani_s2_1072.nc,s2_part01.tar.gz,6176165,7aae6ae28167b7ef3f4ef86dd6df6ed0290bb963c000f178cfa457815f8698ed,True,train,207,207,True,2019-03-15,EPSG:32736,481275.0,7805445.0,482555.0,7806725.0,True,3ead4054e07f048b43c3a2e02fd952d1b8ba754121f6f1d3a4722ca7ed8fd8fc,scl_255_quality_unknown
chimanimani_s2_1077.nc,s2_part01.tar.gz,6176008,6f95a5f63844235991358fdbee6a0e3bce1dd146ad8f8cadaeed9a80e5acde1a,True,,,0,False,,EPSG:32736,481275.0,7811845.0,482555.0,7813125.0,True,b2f312ce6e703d59aeadba0d20b33af086b0f9c3b10eebe029dd5ce8c67810af,event_date_absent;scl_255_quality_unknown
chimanimani_s2_1078.nc,s2_part01.tar.gz,6176008,eea735966914de99e4f329229ec356f10a354a6cc439d9ee9a59e3272ddbf185,True,,,0,False,,EPSG:32736,481275.0,7813125.0,482555.0,7814405.0,True,288216abf07575cd05165978f1eec87a66e19554428a31c68a47f8225f74936f,event_date_absent;scl_255_quality_unknown
chimanimani_s2_1079.nc,s2_part01.tar.gz,6176008,f2981f3dab5bdfd0c61698627948a697a05b476aaf70dd15e6cc471013d962f5,True,,,0,False,,EPSG:32736,481275.0,7814405.0,482555.0,7815685.0,True,070bae38289599a828ff2c547b31c96b032618d40cbf2e994597e90ce47a00da,event_date_absent;scl_255_quality_unknown
chimanimani_s2_107.nc,s2_part01.tar.gz,6176008,f38ed122eaeb34e93e97f75c83de6940066b8070d82ccdb1d4cc37e4685d0ef9,True,,,0,False,,EPSG:32736,459515.0,7832325.0,460795.0,7833605.0,True,cca7b165f76c8b2cfda390bc8e69f6acc4ffe17b98eb9091494a51ebf81c762d,event_date_absent;scl_255_quality_unknown
chimanimani_s2_1080.nc,s2_part01.tar.gz,6176008,73a0a6bb177eb70f762befa6bfd67448b19f7474b37f6f738ff51cd183a0bb58,True,,,0,False,,EPSG:32736,481275.0,7815685.0,482555.0,7816965.0,True,0d09a8bf383babc8ffbcd13aaad30309455e1bab635ec0c925aca76c0daae405,event_date_absent;scl_255_quality_unknown
chimanimani_s2_1083.nc,s2_part01.tar.gz,6176008,34546a9f36758f4d0fb7e0c7661b1bef8383782486bf4affb1494156fc920a0b,True,,,0,False,,EPSG:32736,481275.0,7819525.0,482555.0,7820805.0,True,4104c8225cb8c374a3333cf40f4c172e1e87457b584b9e34db051ad0d79e26cc,event_date_absent;scl_255_quality_unknown
chimanimani_s2_1086.nc,s2_part01.tar.gz,6176008,20277a728aab9e86cd36bdf8498a08eeb3025da40bc18f397f35b4cc5e611fbe,True,,,0,False,,EPSG:32736,481275.0,7823365.0,482555.0,7824645.0,True,fa973fb5cc5c8e4d60b52387830b6f3b27f1246c87a7ea1f7a4161d0efa4b6b0,event_date_absent;scl_255_quality_unknown
chimanimani_s2_1087.nc,s2_part01.tar.gz,6176445,f54c65ead7edc8055e90534ed0e6d86a0aeb1a7e21b0935ac47070ae026c398a,True,test,139,139,True,2019-03-15,EPSG:32736,481275.0,7824645.0,482555.0,7825925.0,True,fbb6f18a1680d53325037d98d7890b069e771d3fd458c2c9b4bb20c242122f69,scl_255_quality_unknown
chimanimani_s2_1088.nc,s2_part01.tar.gz,6176454,bf7e9cceb4c4b0fab0d7885e4ac250cdf04aa82dfbefb60b236d598e55773442,True,train,206,206,True,2019-03-15,EPSG:32736,481275.0,7825925.0,482555.0,7827205.0,True,b8c9e5a5d68800521cb4c531282a0dbd8bdfbfecaca2ce93077d2816710b85ac,scl_255_quality_unknown
chimanimani_s2_1089.nc,s2_part01.tar.gz,6176008,f678ad43c4539442fec25517fdc479a2fdd994e30636f488398fce754e150834,True,,,0,False,,EPSG:32736,481275.0,7827205.0,482555.0,7828485.0,True,1efb1d19117dfc000fa29871c07eec4b917b88b12e58bc583f25027396efd1c4,event_date_absent;scl_255_quality_unknown
chimanimani_s2_108.nc,s2_part01.tar.gz,6176008,c4e71df13c2f202d4e565247358f1757dfa9f3486898d7c762e15503c47a6b07,True,,,0,False,,EPSG:32736,459515.0,7833605.0,460795.0,7834885.0,True,bff46357821aad40ab82bcbe0a823614b41e3423f8a8d49be88ffbf1de1d5594,event_date_absent;scl_255_quality_unknown
chimanimani_s2_1091.nc,s2_part01.tar.gz,6176165,56b0dbe886dff78ab695e65c4268a8b11702397978e6ccd32b38494ccd5c8c11,True,train,56,56,True,2019-03-15,EPSG:32736,481275.0,7829765.0,482555.0,7831045.0,True,f0c6c83e92fdc71c95cfc4ec3cad61855913a3747c3b95551a9eff36b897553b,scl_255_quality_unknown
chimanimani_s2_1092.nc,s2_part01.tar.gz,6177915,6e816aa02b37980a0ace980776f6e9a91b31b759d8dbaac2662b77be9ec8264c,True,test,730,730,True,2019-03-15,EPSG:32736,481275.0,7831045.0,482555.0,7832325.0,True,7b473e252a611920657c31abc5c378d0bef311cdb71219dd0c5f27040081cd75,scl_255_quality_unknown
chimanimani_s2_1093.nc,s2_part01.tar.gz,6176415,78a5d390f81ccca07501b35a2e5101c79098719ee61b7f2b964aed0093168b15,True,train,319,319,True,2019-03-15,EPSG:32736,481275.0,7832325.0,482555.0,7833605.0,True,8683856ce423c92226cf0247505e0d4359a4f8547aae19d744f18296c9e87dcb,scl_255_quality_unknown
chimanimani_s2_1094.nc,s2_part01.tar.gz,6176286,20bcd77883ed9c6c22f9886a426cee00d42a8ff2939d3beec2849aff5342d860,True,train,291,291,True,2019-03-15,EPSG:32736,481275.0,7833605.0,482555.0,7834885.0,True,14055f1915d19943db46cca8dc332d1785bf628e485fe3e8d504ea6f2ae0e760,scl_255_quality_unknown
chimanimani_s2_1098.nc,s2_part01.tar.gz,6176008,ee7a937d3cbd1f88979ae5c95de41fb6aa78cd566d4736387b3cddb7037eb132,True,,,0,False,,EPSG:32736,481275.0,7838725.0,482555.0,7840005.0,True,c56e5b3f07b13e93c894385d3a2c42b23f6f2af846d4dd215825721d1f4465e8,event_date_absent;scl_255_quality_unknown
chimanimani_s2_1099.nc,s2_part01.tar.gz,6176157,953f613cfbb2cd53a9e8afd6e80a78aed686d8cca50d6a91e9f33fb994d265ab,True,val,225,225,True,2019-03-15,EPSG:32736,481275.0,7840005.0,482555.0,7841285.0,True,eae838fc8a053d2f3395b303d659cddb067cb797ea34ae4000fc1464fb4d5c57,scl_255_quality_unknown
chimanimani_s2_109.nc,s2_part01.tar.gz,6176008,558be7f60498efa5bd801cb08eafdbe6085e9ac4d9ddea38fbfa9f426f619b37,True,,,0,False,,EPSG:32736,459515.0,7834885.0,460795.0,7836165.0,True,52501cd77d83aafb31b7e09ebf2e557a24f3b5c21be9aa8856460d2c7bf0288b,event_date_absent;scl_255_quality_unknown
chimanimani_s2_1101.nc,s2_part01.tar.gz,6176100,3634412fc7fabbf0c937fe73c165c7b0751337c1a584ad6c3351677f007655d8,True,,,20,True,2019-03-15,EPSG:32736,481275.0,7842565.0,482555.0,7843845.0,True,a2ea57e4fa57e17940cdc0d58a9b6e82b927e56d4cafadd559f6226dfc1baaee,scl_255_quality_unknown
chimanimani_s2_1103.nc,s2_part01.tar.gz,6176008,4fbe92859b75dd1e675cdf35aa4abd92dbff16c9c67851229514cbc93c0ecbf0,True,,,0,False,,EPSG:32736,482555.0,7770885.0,483835.0,7772165.0,True,9a5dd3ed35e804818ddeacd204b7a1d8371489128f6e4188cda4750ef92a7ca3,event_date_absent;scl_255_quality_unknown
chimanimani_s2_1105.nc,s2_part01.tar.gz,6176008,e617017e29d90a7f260fce0dad15d894ffb40f5bd4f47ced267c89e2b52af669,True,,,0,False,,EPSG:32736,482555.0,7773445.0,483835.0,7774725.0,True,3934a084783501922257261150ee9bb76df9772c91f686e0517379d13d6eb9e8,event_date_absent;scl_255_quality_unknown
chimanimani_s2_1106.nc,s2_part01.tar.gz,6176008,869ea5e168a3061a582e274bf3083d34bcc6bf03bdc618bde17dea6a93875f55,True,,,0,False,,EPSG:32736,482555.0,7774725.0,483835.0,7776005.0,True,0a6a42c9c924ebccdb5aabc4e5d6f6f199105e970ce71677aadc012bc4164535,event_date_absent;scl_255_quality_unknown
chimanimani_s2_1107.nc,s2_part01.tar.gz,6176008,e0b766a476c5d9d1901ab925644192b6cf8438916c6e30cb8a363cbb6c8bfdcb,True,,,0,False,,EPSG:32736,482555.0,7776005.0,483835.0,7777285.0,True,a37b02fcd3738ff24dbc35e0f7440a8dd312519b4cedcfdda20ae6f442757a31,event_date_absent;scl_255_quality_unknown
chimanimani_s2_1110.nc,s2_part01.tar.gz,6176008,a636ca5bec80366d5600fca2867e66fa840052926f040ed957540c6cfd11f31c,True,,,0,False,,EPSG:32736,482555.0,7779845.0,483835.0,7781125.0,True,a0c9b4431161619b611a15b214dc460fccecafa37745280bf1170d1a9326a68a,event_date_absent;scl_255_quality_unknown
chimanimani_s2_1111.nc,s2_part01.tar.gz,6176008,e5f2f4f4713f51774863519b77e89eda672aa5d017b254d0fecf3258d066c6f7,True,,,0,False,,EPSG:32736,482555.0,7781125.0,483835.0,7782405.0,True,1b371126a6707c7f3c64990b0230ba87cf15589ead922b112bd2e0be5fb3a414,event_date_absent;scl_255_quality_unknown
chimanimani_s2_1112.nc,s2_part01.tar.gz,6176008,a8bb18f283f7d039a28455579457a58d1ed5521f700497c25381fd4d61fbe8c3,True,,,0,False,,EPSG:32736,482555.0,7782405.0,483835.0,7783685.0,True,339d05f9d8fe773deaff3b363a8ef24ac8399c832cc807d3c7223afbe2aaefe4,event_date_absent;scl_255_quality_unknown
chimanimani_s2_1113.nc,s2_part01.tar.gz,6176008,86a02faebb31b11f6a1ca809090f28f294b766226931e698d52cce7f5cb952aa,True,,,0,False,,EPSG:32736,482555.0,7783685.0,483835.0,7784965.0,True,a44fe16af6578c21850616f17c7d253b2e74538a2b70089442f5411ea3adf4d9,event_date_absent;scl_255_quality_unknown
chimanimani_s2_1115.nc,s2_part01.tar.gz,6176354,9fe033635aeffb4b6f420f1220136979b69289d43e78d5c1a26b5319e8a12c34,True,train,246,246,True,2019-03-15,EPSG:32736,482555.0,7786245.0,483835.0,7787525.0,True,49346cf07850d0398444cdaafe9564da72d148e03ef22dc1f680fac84e07b6f8,scl_255_quality_unknown
chimanimani_s2_1116.nc,s2_part01.tar.gz,6176173,36795766ea45f0a7258799fa8bfa0b8fdf64034f48296931ea905de5b23685cf,True,train,119,119,True,2019-03-15,EPSG:32736,482555.0,7787525.0,483835.0,7788805.0,True,68bfcb38c65e2a7a06b02c076a2030c79fc976dcfa9acc21bc59bb0358a429b3,scl_255_quality_unknown
chimanimani_s2_1117.nc,s2_part01.tar.gz,6176008,bd6639748b952f4231d01a0ff8fe03fd7e6a452cfb01e01f7ff180e3cd33cadd,True,,,0,False,,EPSG:32736,482555.0,7788805.0,483835.0,7790085.0,True,48548f5b6ec98c0954b5d354d19d80df0eda3e23e87a3c5c7c9743996a7ef7f3,event_date_absent;scl_255_quality_unknown
chimanimani_s2_1118.nc,s2_part01.tar.gz,6176008,bb82b16e66b11cda9a0ece103307feeb0a4af0e17863f9da5679d458ce2f0ada,True,,,0,False,,EPSG:32736,482555.0,7790085.0,483835.0,7791365.0,True,fc30632550c6cfe2b04e54e36101247d68930cc6262df9a7ade800c66af24c69,event_date_absent;scl_255_quality_unknown
chimanimani_s2_1119.nc,s2_part01.tar.gz,6176008,99dea90e81ec3878082d50f97e51cc2fb354bf144ad18edb1c1c169a893e5bde,True,,,0,False,,EPSG:32736,482555.0,7791365.0,483835.0,7792645.0,True,af203076dec41117c41d86e14843b397a151541b370b2b8b3217bd3d89802d80,event_date_absent;scl_255_quality_unknown
chimanimani_s2_1121.nc,s2_part01.tar.gz,6176165,312b2a9616430b40d6da36fa6a2648e7121cd6ad528956fc1f33d18fe34b0333,True,train,90,90,True,2019-03-15,EPSG:32736,482555.0,7793925.0,483835.0,7795205.0,True,ddcc92f2c03ea18749829312c213065668fface2c2737e579f3f4a5ce66fb3df,scl_255_quality_unknown
chimanimani_s2_1123.nc,s2_part01.tar.gz,6176008,cb34f4c2dc7b83343cade4456c2fe47f31a6f67b3caeba58a087e5aa56b102f7,True,,,0,False,,EPSG:32736,482555.0,7796485.0,483835.0,7797765.0,True,279632fabdbff81199e776219b173661addcd053c7b91bd781cf1fd06852ff22,event_date_absent;scl_255_quality_unknown
chimanimani_s2_1125.nc,s2_part01.tar.gz,6176403,933106a8dcc8033a8658a0fc265dcb617ee9485c3c88a266b2dd4b5d8d205adb,True,train,299,299,True,2019-03-15,EPSG:32736,482555.0,7799045.0,483835.0,7800325.0,True,afa3a171a1db001204dd3f168ee843e7bf33e1db1adde8a06503b829a6d506e4,scl_255_quality_unknown
chimanimani_s2_1127.nc,s2_part01.tar.gz,6176008,f989459246cab9cb0615c5bc0875de7b7b0c20169995b8884f23225e8f11387f,True,,,0,False,,EPSG:32736,482555.0,7801605.0,483835.0,7802885.0,True,0770666cc187770bbb76c330b1d2a8652e6a6add7944f46476cbdc48bb5fe097,event_date_absent;scl_255_quality_unknown
chimanimani_s2_1128.nc,s2_part01.tar.gz,6176493,3c92c9e8cbb9a661e0a77ec8d7bf266ddd40624d75ac1d18ad7a2c610c2413b3,True,train,335,335,True,2019-03-15,EPSG:32736,482555.0,7802885.0,483835.0,7804165.0,True,734cb3b95db34b1e233333aeb130b5d939344c9e4390bf4b144b32fc704b54c9,scl_255_quality_unknown
chimanimani_s2_1129.nc,s2_part01.tar.gz,6179304,dd2df7618647f7edc0e7b6d7767d54bf3933345f48224c4ae1b9a9ea989995fd,True,train,1573,1573,True,2019-03-15,EPSG:32736,482555.0,7804165.0,483835.0,7805445.0,True,c938f63ed8e4719b795f7c9b21080784787602dd58a659361b9c11fa78f71501,scl_255_quality_unknown
chimanimani_s2_1131.nc,s2_part01.tar.gz,6176174,9035c55677c7a3ce564c6209c432bb587df2fd82e67bab709563ee132ca75250,True,train,247,247,True,2019-03-15,EPSG:32736,482555.0,7806725.0,483835.0,7808005.0,True,cd668e1531d0a8904cd4e4c0eac84160d7fd222e81625c3e4abd2004b210b19d,scl_255_quality_unknown
chimanimani_s2_1132.nc,s2_part01.tar.gz,6176468,d6fe687d950d447e0d1297c0bdc73bca3d2cf742b3387c3269e6a28e19a46fcb,True,train,210,210,True,2019-03-15,EPSG:32736,482555.0,7808005.0,483835.0,7809285.0,True,afa9272651450600550c57b2dbbdfca01a3e5a4b50d43735ea186414447751c3,scl_255_quality_unknown
chimanimani_s2_1133.nc,s2_part01.tar.gz,6176098,d48e6092b5c54a0abbacdbb1c018008cd7138d0e6c74dd603f34085f479a370c,True,,,18,True,2019-03-15,EPSG:32736,482555.0,7809285.0,483835.0,7810565.0,True,6c3427bd3c3e11c80e74ec2b497e2019e7ec2ef9de71342326d0d8c33570aa1f,scl_255_quality_unknown
chimanimani_s2_1134.nc,s2_part01.tar.gz,6176099,5125a8b9a38454cf4df0f9dff4986c737a4f6dc7e013978c7aa8c3786ac06dc4,True,,,19,True,2019-03-15,EPSG:32736,482555.0,7810565.0,483835.0,7811845.0,True,6f3af89f4719842c63d27cf0a6d4bb3f125b52a92708b4f31aa29355c6453cd3,scl_255_quality_unknown
chimanimani_s2_1139.nc,s2_part01.tar.gz,6176008,b9ee9bb054f0fb3ee9e78aa8c7231220a0e7ab6f43ff535158ab5ef9fd9353f5,True,,,0,False,,EPSG:32736,482555.0,7816965.0,483835.0,7818245.0,True,5400de0b60839eedbdf944ec30d01892c265cd2089f70a98eac0c0949e6b31d1,event_date_absent;scl_255_quality_unknown
chimanimani_s2_1141.nc,s2_part01.tar.gz,6176115,8e8d295589408c3ac4c6cae05969f5648370d70e0c38a625cacdad15403fd2f2,True,,,36,True,2019-03-15,EPSG:32736,482555.0,7819525.0,483835.0,7820805.0,True,abdb30f57ddfa9a2270b0aed75ab6c7efa3bdb8c1eb6fcef7986a074a2d313cf,scl_255_quality_unknown
chimanimani_s2_1142.nc,s2_part01.tar.gz,6176100,990bd7a48860c4ef048497ab96bee8d003e10687de1bc0997dbbae844182e3d3,True,,,24,True,2019-03-15,EPSG:32736,482555.0,7820805.0,483835.0,7822085.0,True,cd8aa9311ddf60605945d628a3edd59505fb74f6040bcb1f07973fc6107b434b,scl_255_quality_unknown
chimanimani_s2_1144.nc,s2_part01.tar.gz,6176116,4d6fea8db3a4d674beab9cd10d613b826daf86ac2acfe93337b84708af0cb9b5,True,,,20,True,2019-03-15,EPSG:32736,482555.0,7823365.0,483835.0,7824645.0,True,76b8b12377195903d722a686d44789d129e7f7e451b94f34a446cdbcca4be92f,scl_255_quality_unknown
chimanimani_s2_1145.nc,s2_part01.tar.gz,6176008,60a3dbc3a2aed47bee2e2dca584c1028a58de0ec10cfa8c09bf40ee1a5769624,True,,,0,False,,EPSG:32736,482555.0,7824645.0,483835.0,7825925.0,True,b702fb6601bbb338d3d44d035cfddc24be93b021c4c9965bc4aa824e8b02849e,event_date_absent;scl_255_quality_unknown
chimanimani_s2_1146.nc,s2_part01.tar.gz,6176318,526cded301e3f44acfe1bf4cdf59e289e4b4b305658cc6d77d955b30a79320e0,True,train,79,79,True,2019-03-15,EPSG:32736,482555.0,7825925.0,483835.0,7827205.0,True,89f4bef889e75bc7b7add8b27e1248ecedda463f78865c0699774c6f97a5fde9,scl_255_quality_unknown
chimanimani_s2_1147.nc,s2_part01.tar.gz,6177721,812b00340b1977354b3178519a5a63f53c6e190e5fdbf607538a334b76ae7d9a,True,train,418,418,True,2019-03-15,EPSG:32736,482555.0,7827205.0,483835.0,7828485.0,True,5d99d1a13388b7e4fc9289913ac3c6eb4683173f7c38f740847552f5b741efd3,scl_255_quality_unknown
chimanimani_s2_1148.nc,s2_part01.tar.gz,6177749,a0ea33917c66ab8a40d2a68ecc11639b7696750a1e4e93215cb6d72e6a3e3f77,True,train,431,431,True,2019-03-15,EPSG:32736,482555.0,7828485.0,483835.0,7829765.0,True,9e73f0982c0202fb8133550b606ab9ba1444b4da9848f5b90d5c72b93fe027f1,scl_255_quality_unknown
chimanimani_s2_1149.nc,s2_part01.tar.gz,6177627,677beef92198e5f7f394b7cab74392af6a8dcaa6dc3ad2e0312c8079df420df0,True,train,346,346,True,2019-03-15,EPSG:32736,482555.0,7829765.0,483835.0,7831045.0,True,1054c5cd23ed9b07ea64e1d5ac4e43501cd5e44fb611d5d4b4048872140fa44a,scl_255_quality_unknown
chimanimani_s2_114.nc,s2_part01.tar.gz,6176008,ed7384d5ed802574079c04a573b0492cd7d4b08f591068bc26aa4ea7dd398f1b,True,,,0,False,,EPSG:32736,459515.0,7841285.0,460795.0,7842565.0,True,d62bc15ea527ea4d8e83ccf3945e2bdba807f2ceb07846d4896dc0c39f57d64a,event_date_absent;scl_255_quality_unknown
chimanimani_s2_1150.nc,s2_part01.tar.gz,6178120,c75f464b5a8d999d0b5eb07c52cca7a70ca72f8329c5da9c445e8a797229e8b0,True,val,879,879,True,2019-03-15,EPSG:32736,482555.0,7831045.0,483835.0,7832325.0,True,0afdd1df585adf7c0ccc26a5da89690b2157af926bc14e54eee7ef4550e2fe5c,scl_255_quality_unknown
chimanimani_s2_1151.nc,s2_part01.tar.gz,6177889,da5823032e4c459369a0159c4c05568e5cb5addfc187040e9dd3cb2d0b7df318,True,train,713,713,True,2019-03-15,EPSG:32736,482555.0,7832325.0,483835.0,7833605.0,True,187bc2c94dab719595b24184b63c9179a50f1046cdf25ed06932a1f13001cc5c,scl_255_quality_unknown
chimanimani_s2_1152.nc,s2_part01.tar.gz,6177627,133de05a813eefc76279ccff4eb3d6138cbadd785ee7f8405dfa7aec7cc2e27c,True,train,350,350,True,2019-03-15,EPSG:32736,482555.0,7833605.0,483835.0,7834885.0,True,36c52b37bc7e2409e705254f22e6b028dc11d18fc556a724d9eb40b7008bec91,scl_255_quality_unknown
chimanimani_s2_1153.nc,s2_part01.tar.gz,6176008,c4fcaebd2af526b6fbc17c826e42f78f871e4084c4464b620201704d88c5ea6d,True,,,0,False,,EPSG:32736,482555.0,7834885.0,483835.0,7836165.0,True,9db4c83eb1c5155d1719d855889b6e73d62c3fa502030d4a5ec8123843648713,event_date_absent;scl_255_quality_unknown
chimanimani_s2_1156.nc,s2_part01.tar.gz,6176100,fe5b8b4ca260e256a2a16254122d4b8cb2a6af5505043a2919812a618695b1d7,True,train,102,102,True,2019-03-15,EPSG:32736,482555.0,7838725.0,483835.0,7840005.0,True,c54c297772949c0623565075eee3d89c2d7e1bccb9ecb29c0c4e0503d53e5eaa,scl_255_quality_unknown
chimanimani_s2_1157.nc,s2_part01.tar.gz,6176008,71be311573265dd8afacaced3790a17e11b20afffb165526c00668d95d935443,True,,,0,False,,EPSG:32736,482555.0,7840005.0,483835.0,7841285.0,True,5fc2b9aa5794ac34be14267c2ff4696def041cf04988fd8fbe1ed87810c521ec,event_date_absent;scl_255_quality_unknown
chimanimani_s2_1158.nc,s2_part01.tar.gz,6176008,70eb709ef52676c8ee9229de444c13f4dceba1dbd0a05091ca153af6988edb2c,True,,,0,False,,EPSG:32736,482555.0,7841285.0,483835.0,7842565.0,True,26a5f0eaf3aefd90ff71e542c39f37d06438104b1828db7eac351441fc17dc21,event_date_absent;scl_255_quality_unknown
chimanimani_s2_115.nc,s2_part01.tar.gz,6176008,72c015f1474cddb9f2fda8ce998ffda636510e4456a4dda84393b5632fce6570,True,,,0,False,,EPSG:32736,459515.0,7842565.0,460795.0,7843845.0,True,d99d1348ebe2881659f5c503590e16562ba5a13d883457fa6d2e3f30ffc72145,event_date_absent;scl_255_quality_unknown
chimanimani_s2_1162.nc,s2_part01.tar.gz,6176008,bfbe0a20d437a56f2d05cb3d8d26d927f8ecac96c606b0f93c90d19d818d1586,True,,,0,False,,EPSG:32736,483835.0,7772165.0,485115.0,7773445.0,True,ce55d1f01bc5384e38f3dc757ae1432ee5ffef6fc57ed9819a17d81a1fef8eb6,event_date_absent;scl_255_quality_unknown
chimanimani_s2_1164.nc,s2_part01.tar.gz,6176008,64a449d329233a32d4ce8926196e2fe84d3b6f0ead493b114527e3d65bab121b,True,,,0,False,,EPSG:32736,483835.0,7774725.0,485115.0,7776005.0,True,4ec5ff9f4e6ad6b902c140572364c8cdb0785d8b3a5d9f6cf9bc0f791d849069,event_date_absent;scl_255_quality_unknown
chimanimani_s2_1165.nc,s2_part01.tar.gz,6176008,c54170bf09fa05e59ee6b3350e9f7b5c5ed632548b53da3e9a1ff3042b596486,True,,,0,False,,EPSG:32736,483835.0,7776005.0,485115.0,7777285.0,True,6b867580ad4237f43eed24741d3423884ab02694b5252cd8ada07d44a8381f5c,event_date_absent;scl_255_quality_unknown
chimanimani_s2_1167.nc,s2_part01.tar.gz,6176008,2842e76243e62be02b8dbb460456da157505d6e634a111a27da251f3775d614d,True,,,0,False,,EPSG:32736,483835.0,7778565.0,485115.0,7779845.0,True,a82d23c13f06932ad4ac7ba7ea9b6c2f256f365f2f2d3ef8576f8d8d1cdcacd9,event_date_absent;scl_255_quality_unknown
chimanimani_s2_1169.nc,s2_part01.tar.gz,6176008,30da36f1efc719f2e816513623e3173fe454ad853683cd7b287c6919f0755315,True,,,0,False,,EPSG:32736,483835.0,7781125.0,485115.0,7782405.0,True,e5ba01598bcf772fb76d8b44807e8f90e2395904d73085ce83a6aec3aaf3b616,event_date_absent;scl_255_quality_unknown
chimanimani_s2_1171.nc,s2_part01.tar.gz,6176008,77d5865a6216e37127e0e55ab42b7bd24ec2337813923e56bb709e650e43a0a7,True,,,0,False,,EPSG:32736,483835.0,7783685.0,485115.0,7784965.0,True,3d2e96bcef12b08995c53100679f5e81119a1ab528e2149185c3517e04b0ffb6,event_date_absent;scl_255_quality_unknown
chimanimani_s2_1173.nc,s2_part01.tar.gz,6176008,ee30e5c4cf5dd5c8d844b99bc447602ada2809b81aaec88369fffc54087af17a,True,,,0,False,,EPSG:32736,483835.0,7786245.0,485115.0,7787525.0,True,4440788e0bb053fe391ba1b333a535236b385700aa265b9e499b602da3c78653,event_date_absent;scl_255_quality_unknown
chimanimani_s2_1174.nc,s2_part01.tar.gz,6176008,cd6e710b8b762f0154cd555ec49005d0a6fd8c64992b50e5baedb354ac207e77,True,,,0,False,,EPSG:32736,483835.0,7787525.0,485115.0,7788805.0,True,ff591a324cf767f54c5ea1a5772325088db2dec5aba8647d0f2f84d9ce830746,event_date_absent;scl_255_quality_unknown
chimanimani_s2_1175.nc,s2_part01.tar.gz,6176008,bf8de08e91569e1eefa8601b59c926d7e358403bb75fef253bfa5ec8619fc5de,True,,,0,False,,EPSG:32736,483835.0,7788805.0,485115.0,7790085.0,True,72a865fa0c02f7a6bdbf8a2150196eda30b7d1c19d57c7f1f1f3ec771ebce616,event_date_absent;scl_255_quality_unknown
chimanimani_s2_1176.nc,s2_part01.tar.gz,6176504,c8f25b904a3297cafc8eb20afad88b91b93663292a74c0e61bcea8f4a7e874b6,True,train,379,379,True,2019-03-15,EPSG:32736,483835.0,7790085.0,485115.0,7791365.0,True,3f3eb3bb940aadee91e988ea7f2e20dec172328f5b985591d07d63b59989c55a,scl_255_quality_unknown
chimanimani_s2_1177.nc,s2_part01.tar.gz,6176312,8168235dd06ef3257a8f229973be09cf510ae2eb4ff217887602c2e42144519e,True,train,168,168,True,2019-03-15,EPSG:32736,483835.0,7791365.0,485115.0,7792645.0,True,051fc38ff0ddc8d72cc54bf3c12420a8ad37baab7bd9fedaef4802f0bfc2698c,scl_255_quality_unknown
chimanimani_s2_1178.nc,s2_part01.tar.gz,6176173,c8deebf8ee731bf5f933124e593cca56d47fbd72b94c2a1ad3914d41c8087b3d,True,train,73,73,True,2019-03-15,EPSG:32736,483835.0,7792645.0,485115.0,7793925.0,True,52cbedfa8c2af6b1007cc78942ca4e60dc564e1eab79514fc62d641f832759aa,scl_255_quality_unknown
chimanimani_s2_1179.nc,s2_part01.tar.gz,6176008,1972e16a55d9c986f339b13b4f654d986a2e3e4050f02af5d5196b26cf8502bf,True,,,0,False,,EPSG:32736,483835.0,7793925.0,485115.0,7795205.0,True,e976440f87cb091cde471ea3d904b29e2b1cb9d074f4f21e660570f454e784c2,event_date_absent;scl_255_quality_unknown
chimanimani_s2_117.nc,s2_part01.tar.gz,6176008,0aa5b53fed535ec808659630dca9808a4b5743e2b71a273fdfd2dc747fe4807d,True,,,0,False,,EPSG:32736,460795.0,7770885.0,462075.0,7772165.0,True,5fff7b4754456194ec4aa43228e0680b074ed02a3ea30e06d88cceb7201ab62a,event_date_absent;scl_255_quality_unknown
chimanimani_s2_1180.nc,s2_part01.tar.gz,6176444,b68f7b1088746396055ffe634b106834ba1b62e1921ed0131220ecf6856bddde,True,train,181,181,True,2019-03-15,EPSG:32736,483835.0,7795205.0,485115.0,7796485.0,True,691637f2aa7d4365072683572150c0db601a0ef382f4617366c6e552c8367b66,scl_255_quality_unknown
chimanimani_s2_1181.nc,s2_part01.tar.gz,6176239,ad01cddb5745d882b3aa1f8b9c02bb0d420aa4a1817d9ec79fa68cfba8b22af7,True,train,102,102,True,2019-03-15,EPSG:32736,483835.0,7796485.0,485115.0,7797765.0,True,cf0a2b72bea1d00191569efdb0410268df64ff4dab88e980729ecc1e013535d8,scl_255_quality_unknown
chimanimani_s2_1182.nc,s2_part01.tar.gz,6176147,6c099da437909a0559d877ff8d5759d6ebeffb42ee95f66dbc0b1e0b5d78832c,True,test,189,189,True,2019-03-15,EPSG:32736,483835.0,7797765.0,485115.0,7799045.0,True,1b75126a1d7445c7adcd4808ce10ac8d62beaca34b5efe0947527dd4939913b9,scl_255_quality_unknown
chimanimani_s2_1183.nc,s2_part01.tar.gz,6177938,04d7188d1e52c1cd8a7e973d33563b5b75bcc524cc055bab22f8dbf6159cd225,True,train,700,700,True,2019-03-15,EPSG:32736,483835.0,7799045.0,485115.0,7800325.0,True,dcbf8da1ba136d10abcd79ae3cb15f89499ba91faac307dd52970fc7f84f34a8,scl_255_quality_unknown
chimanimani_s2_1184.nc,s2_part01.tar.gz,6178007,96f6d09e7ac3df2783c8b9b55d7cc37447965a911803bab60c95030f3ae6a33e,True,train,890,890,True,2019-03-15,EPSG:32736,483835.0,7800325.0,485115.0,7801605.0,True,82e879ce3c2962edb6ce794e0bae88fe5d0ade1de7512b4014241b9570db2f77,scl_255_quality_unknown
chimanimani_s2_1185.nc,s2_part01.tar.gz,6176115,e0a27bac0b9a66c1a5a893957e59020640c2f881ad6f5218952f0563bdb1c529,True,,,31,True,2019-03-15,EPSG:32736,483835.0,7801605.0,485115.0,7802885.0,True,7d52bdda6e8db5dba992b2edb5a58048d87703a70fe2e84daebef76a0a6160ed,scl_255_quality_unknown
chimanimani_s2_1186.nc,s2_part01.tar.gz,6176287,2c44ab7fb73aa039cd8a4df55251df5474879afe7a419f5e26716b31519767d3,True,val,187,187,True,2019-03-15,EPSG:32736,483835.0,7802885.0,485115.0,7804165.0,True,3807354d949e2d993dfbe3fa45c8dbc823eef3775ff9af86ca5318e722c931de,scl_255_quality_unknown
chimanimani_s2_1187.nc,s2_part01.tar.gz,6177750,ffad2fa0e52a5d3cd62f6b3046dc6e40650e3af4b4dfa2d4c5ced08235c12ff4,True,test,633,633,True,2019-03-15,EPSG:32736,483835.0,7804165.0,485115.0,7805445.0,True,11a16797c4d97fe63ee68d61bdfe52911b302722c56b65fe786564d939f9bc53,scl_255_quality_unknown
chimanimani_s2_1188.nc,s2_part01.tar.gz,6176155,8588a36946f56c194d2ba7e1128d57b2a0424932e4e49d09a5c2d447fb422b22,True,,,27,True,2019-03-15,EPSG:32736,483835.0,7805445.0,485115.0,7806725.0,True,d9955ab761e3703d159ec8511cf539f47c33903f328d1bdfadfbe4f8a3b0076e,scl_255_quality_unknown
chimanimani_s2_1189.nc,s2_part01.tar.gz,6178131,722ac0b8b8d1a264ec0644a9056ed3c3eba30ce88799b8a041755ba7f92f7068,True,val,2844,2844,True,2019-03-15,EPSG:32736,483835.0,7806725.0,485115.0,7808005.0,True,b85d915b5b54c4d96a53296df23239a9d9ba151c7623e84cb99469e637ef3c36,scl_255_quality_unknown
chimanimani_s2_1190.nc,s2_part01.tar.gz,6177916,539a7216fd9d5ddae003aeda0e542376b82eba98ca1bb9a0661d4465768c8d1e,True,train,1359,1359,True,2019-03-15,EPSG:32736,483835.0,7808005.0,485115.0,7809285.0,True,672614a2b45bf0748f4dab9a5020d3c56606b66800c10f00341815d1c6a6c82f,scl_255_quality_unknown
chimanimani_s2_1191.nc,s2_part01.tar.gz,6176286,4a611a90a23249d2d7b3f43cf4a0d849881b7264cb70ab66f7839675b7376bc3,True,train,262,262,True,2019-03-15,EPSG:32736,483835.0,7809285.0,485115.0,7810565.0,True,c851bcc7d73e484b3b18f7ccc20e045ec302910a10d26610efaa2b0c548bd538,scl_255_quality_unknown
chimanimani_s2_1192.nc,s2_part01.tar.gz,6176167,7ac913988c24391d0b707398eb9a42481c8a69ccd6fe45ce0ab7364940468ad9,True,train,116,116,True,2019-03-15,EPSG:32736,483835.0,7810565.0,485115.0,7811845.0,True,c2873c72da561eb0ac6a84116a344c20016ed6f4f08bfd4bce235ba13d215edd,scl_255_quality_unknown
chimanimani_s2_1194.nc,s2_part01.tar.gz,6176008,76e7bc564e02dbd4d3a908bb498deddcef1444960a72d8077b0e1bda1ff3886a,True,,,0,False,,EPSG:32736,483835.0,7813125.0,485115.0,7814405.0,True,3461f377f30781ee9bb304a821c73bbd63b305125907b4126fd17893d0cbf6ba,event_date_absent;scl_255_quality_unknown
chimanimani_s2_1197.nc,s2_part01.tar.gz,6176008,1cac88a18bc2dec8df37679519252060ae621e36a9a8758fe1c4696725c9472e,True,,,0,False,,EPSG:32736,483835.0,7816965.0,485115.0,7818245.0,True,8817766ceffef2d9cfe8740c9521ef1578799ab2233fc03f226701fdc4d46410,event_date_absent;scl_255_quality_unknown
chimanimani_s2_1199.nc,s2_part01.tar.gz,6176008,dfc3703bcf4d33a45c6daf5de579521e5e3dd2fed5acd5f927c95768f2d86d48,True,,,0,False,,EPSG:32736,483835.0,7819525.0,485115.0,7820805.0,True,2b32590550a91bd555b946c022227a78dd2f0d149ad03de4c6242d87da549427,event_date_absent;scl_255_quality_unknown
chimanimani_s2_119.nc,s2_part01.tar.gz,6176008,b42b05c1a3338e10294192e648a60b6d962c0f7bea78db80051631002c699e59,True,,,0,False,,EPSG:32736,460795.0,7773445.0,462075.0,7774725.0,True,0287df723a4a8e4a7884771a5cfddf540aa061a214afa36f44697da205dcbfd5,event_date_absent;scl_255_quality_unknown
chimanimani_s2_1200.nc,s2_part01.tar.gz,6176099,346b881d1b41e043e174cbf5660baa3e5ef0b3e773d112dd8d6bfddf02a3781a,True,,,20,True,2019-03-15,EPSG:32736,483835.0,7820805.0,485115.0,7822085.0,True,c535da6e4908238f5a59855c1bd8d47bf026a7b219d8435e70a12fb6506b9b26,scl_255_quality_unknown
chimanimani_s2_1201.nc,s2_part01.tar.gz,6176165,7f66461d106fb7f8befacf5b93fdafda815edd4d3c10ac8d775ec892bd080432,True,train,244,244,True,2019-03-15,EPSG:32736,483835.0,7822085.0,485115.0,7823365.0,True,506084f16bf766511c8e1812daf3b65de8bbc8f7ffedcbd13182aaa0452ccbe3,scl_255_quality_unknown
chimanimani_s2_1202.nc,s2_part01.tar.gz,6176232,f4b8c6be59c1805649b7f312a5953a42812d6c7cfe9b9b5cfdb585790feab333,True,val,79,79,True,2019-03-15,EPSG:32736,483835.0,7823365.0,485115.0,7824645.0,True,cb877564f413da9b4b6c2c8487c5b573856f9601a2b95d38f8073dfdcc93f092,scl_255_quality_unknown
chimanimani_s2_1203.nc,s2_part01.tar.gz,6176166,eb43519464fb568f3b827de02a42cf6e2c8b306f1fc0d40c911db0e67971d434,True,test,147,147,True,2019-03-15,EPSG:32736,483835.0,7824645.0,485115.0,7825925.0,True,f0074011beb967b143b17fd8edc261d5fc170e0bfe5ef047a55037a5d4445e4e,scl_255_quality_unknown
chimanimani_s2_1204.nc,s2_part01.tar.gz,6177661,b5cb0387132fa4c9047ce420daf52adebfbed1e77de4c168c887b1cf36f74e72,True,test,524,524,True,2019-03-15,EPSG:32736,483835.0,7825925.0,485115.0,7827205.0,True,6e0ef1674ab7c591a82465b7746274ccb607a8bb821e734b752402b12ff18a2a,scl_255_quality_unknown
chimanimani_s2_1205.nc,s2_part01.tar.gz,6177882,f0a0ce1d9ff4d8ae443846a3fc8ceb1c842b97dc5533d79ac5986f81a8e56596,True,train,637,637,True,2019-03-15,EPSG:32736,483835.0,7827205.0,485115.0,7828485.0,True,f941629766be2d9f7d8d1084a974709053532b1238af0ad175b41dcca4de252a,scl_255_quality_unknown
chimanimani_s2_1206.nc,s2_part01.tar.gz,6176163,1d1127bbe9bc8b41ed835176d3493f4bd51f8b2824134d2586c38968cd6e5d11,True,,,44,True,2019-03-15,EPSG:32736,483835.0,7828485.0,485115.0,7829765.0,True,5b50f2ebe226331431d7ecf7d0202840806a380db6704b5bcfadc65b49fb0e41,scl_255_quality_unknown
chimanimani_s2_1207.nc,s2_part01.tar.gz,6176422,f149584a8cfd6d4f46ca22dcd3baf34547ba7fcfc03b7acdf077997de778e569,True,train,293,293,True,2019-03-15,EPSG:32736,483835.0,7829765.0,485115.0,7831045.0,True,5a5f458d5d5fc416a2318b55aa4c3285e8bdf9ece78dcebda469e9722445725e,scl_255_quality_unknown
chimanimani_s2_1208.nc,s2_part01.tar.gz,6177645,16ef96f28da97a81009afeeda833e9f0f94534d2f73fbed170880f0f9f798f52,True,train,359,359,True,2019-03-15,EPSG:32736,483835.0,7831045.0,485115.0,7832325.0,True,c4dc364de315eee8f419d92f336ee32d9c85a702f05c829665d1d3fc30b5513b,scl_255_quality_unknown
chimanimani_s2_1209.nc,s2_part01.tar.gz,6176256,20a1d5af5ad30001915b4736a8228a5b9d013b47aa3d04da2aad05ab80842f59,True,train,87,87,True,2019-03-15,EPSG:32736,483835.0,7832325.0,485115.0,7833605.0,True,a7714c5920f8f2304f12a68c16cc6b9c984a4b4721c3c0dec0685522e1940edf,scl_255_quality_unknown
chimanimani_s2_120.nc,s2_part01.tar.gz,6176008,bf20edbc70ebe650e213d145fcb8a002cf60f4309400cc7310681ccb21cb8195,True,,,0,False,,EPSG:32736,460795.0,7774725.0,462075.0,7776005.0,True,4be39ca767ad3d7cd2bfa6d9d65f4243ca576847ae3180b62639d977deab6b6b,event_date_absent;scl_255_quality_unknown
chimanimani_s2_1210.nc,s2_part01.tar.gz,6176008,25fc433a9f8e9507a8eb96c9c60216ca854f691d8355a506dd85f66bfb511fac,True,,,0,False,,EPSG:32736,483835.0,7833605.0,485115.0,7834885.0,True,e26c9661b7cf42e57f3840bf3cb9fc061f3a1f15f7ea48042ab342e4cd5d6ea4,event_date_absent;scl_255_quality_unknown
chimanimani_s2_1213.nc,s2_part01.tar.gz,6176100,25ffdc088d57067e240b50a7f1552753d407a4aa80162f3a0445feed0e7e306b,True,,,38,True,2019-03-15,EPSG:32736,483835.0,7837445.0,485115.0,7838725.0,True,7075f69386a314e448732f58c9b26f67e476d9532db1e82177d882d2ee98fba7,scl_255_quality_unknown
chimanimani_s2_1214.nc,s2_part01.tar.gz,6176182,2fc18d8ddc64e164fea5cab7a85e35f890595b5f1e4349c0fb73a19dd36e0c9a,True,train,98,98,True,2019-03-15,EPSG:32736,483835.0,7838725.0,485115.0,7840005.0,True,e66b7296013f4747e16f23ea1c01a00b8ed05827ebe86cd64c4939903603faf4,scl_255_quality_unknown
chimanimani_s2_1215.nc,s2_part01.tar.gz,6176158,c994451d4a3740b7232a6043654590f248428b075c3f66461f1d711203575c1d,True,test,82,82,True,2019-03-15,EPSG:32736,483835.0,7840005.0,485115.0,7841285.0,True,24a66c6928f50967dc3070a1065a97f916d624fbf7db2bbb1e2fc6d817b4a487,scl_255_quality_unknown
chimanimani_s2_1216.nc,s2_part01.tar.gz,6176115,e33f71b6eb5f8b39d918c6e1583fe4672f7e5bd0b1f19abbf832afddd7255148,True,train,62,62,True,2019-03-15,EPSG:32736,483835.0,7841285.0,485115.0,7842565.0,True,0c22b96e9d4b4ddc332096d1597717fe810a2876296291d28323fd399cd1530e,scl_255_quality_unknown
chimanimani_s2_1217.nc,s2_part01.tar.gz,6176100,4760228ab2bc84396988d0a68dd9aad18b5dcc4c519fdcf41e2667d87e34595c,True,,,43,True,2019-03-15,EPSG:32736,483835.0,7842565.0,485115.0,7843845.0,True,54795087fb50b6d185a9031ac9b211df505ad58c8ada3017222795b03c2279df,scl_255_quality_unknown
chimanimani_s2_1219.nc,s2_part01.tar.gz,6176008,51593e931abe6220d67eb4773c2eef1bb7bf5b44aa85635fcfd11e860e2e50cb,True,,,0,False,,EPSG:32736,485115.0,7770885.0,486395.0,7772165.0,True,f8f6b0ed4ed50df90d0fe21625cfed9167a018d43b592b43e7e954087bbd649f,event_date_absent;scl_255_quality_unknown
chimanimani_s2_121.nc,s2_part01.tar.gz,6176008,af53c8baed6d9cc8f6935ff610d8b3a48e72fbb7102e93ec9869526068847c45,True,,,0,False,,EPSG:32736,460795.0,7776005.0,462075.0,7777285.0,True,78d678ea92c3695e0d1d0d390d2a3c11b9a0a63585cc8421e1543f5b0fc3ad43,event_date_absent;scl_255_quality_unknown
chimanimani_s2_1220.nc,s2_part01.tar.gz,6176008,b04b5a9d0b5a4c8c86e48d96a77a54e5c862db3e4f17962f0f1fb3744da32dfa,True,,,0,False,,EPSG:32736,485115.0,7772165.0,486395.0,7773445.0,True,50d1799e87a8f6512dc9a434adfb51ef5faf5c9f05a9c548b6e46386aea9e568,event_date_absent;scl_255_quality_unknown
chimanimani_s2_1221.nc,s2_part01.tar.gz,6176008,6fb2b310d85b050b87889baa1666e71013ffc568fefea4dfaf3bec495edd017c,True,,,0,False,,EPSG:32736,485115.0,7773445.0,486395.0,7774725.0,True,ae79c4ad97437ca34ee7631e7a5aa881c4db06613868a66723df547bf0bee6da,event_date_absent;scl_255_quality_unknown
chimanimani_s2_1222.nc,s2_part01.tar.gz,6176008,aec61385e495c5e853e7bfd0184825ea171e4237e3930afeef4d6a01ce96b871,True,,,0,False,,EPSG:32736,485115.0,7774725.0,486395.0,7776005.0,True,446434eeba28ca9fb6201069ae27ed586e65135ebc384e25a14d66fa177fc525,event_date_absent;scl_255_quality_unknown
chimanimani_s2_1223.nc,s2_part01.tar.gz,6176008,9410b67f0d76ffe79be69098dc62967b75fd9bd9005ae5a804a8670ce03b8708,True,,,0,False,,EPSG:32736,485115.0,7776005.0,486395.0,7777285.0,True,1b760d454f4292933ecfa7aaee592bb36abbdd894bf40ca9e10b264ab7c7b547,event_date_absent;scl_255_quality_unknown
chimanimani_s2_1226.nc,s2_part01.tar.gz,6176008,44434e5de7bba89e5d38bb7f1af9b57da662d462d14cef25eba73707d031b425,True,,,0,False,,EPSG:32736,485115.0,7779845.0,486395.0,7781125.0,True,cd490e6f581695ffc8c6e33a53005c8fec055ec56bc23ae920600e85d2136287,event_date_absent;scl_255_quality_unknown
chimanimani_s2_1227.nc,s2_part01.tar.gz,6176008,a792442709d294022f92f4ee35682a90294c9bdc1ebe6fc9d54992e74bec400e,True,,,0,False,,EPSG:32736,485115.0,7781125.0,486395.0,7782405.0,True,07391f64a2894fab0404a7d4611a312ff728d7f18fbb20963b2241dab871c9b3,event_date_absent;scl_255_quality_unknown
chimanimani_s2_1228.nc,s2_part01.tar.gz,6176008,0dd64538a4a1d50d91f411c3d0ae50fcea9afe0a9ff5d412e4f6109f340f7a35,True,,,0,False,,EPSG:32736,485115.0,7782405.0,486395.0,7783685.0,True,a9c2d30bbf55d36e8a45fec701cb78fdaa029310918af3496faa106df49a8018,event_date_absent;scl_255_quality_unknown
chimanimani_s2_1230.nc,s2_part01.tar.gz,6176100,1eec37e6ef133cce738cb3471cb50f79d66ce81d84f33235eaf4304284c96115,True,,,25,True,2019-03-15,EPSG:32736,485115.0,7784965.0,486395.0,7786245.0,True,ea33f47bf2f70101e00cadf278ebe6a970281c85f35a9f234faf8b85098dde38,scl_255_quality_unknown
chimanimani_s2_1231.nc,s2_part01.tar.gz,6176008,827d0f07dc3ee9757867613fdcf7d21d8112e2e30df4c0aaad25544ba9571eba,True,,,0,False,,EPSG:32736,485115.0,7786245.0,486395.0,7787525.0,True,f7b309979fc57d00aa6d8812a1adcd164a55d10b9a8af524d17d0be9d474cde5,event_date_absent;scl_255_quality_unknown
chimanimani_s2_1232.nc,s2_part01.tar.gz,6176091,59ea5d810514c36c924fcda200d116c9fb87278915efb11415aba48dbc0f868d,True,,,30,True,2019-03-15,EPSG:32736,485115.0,7787525.0,486395.0,7788805.0,True,fe7f25d4fafa8558c14f8672428d416c173f78383d7479fee09cee2a43efb71a,scl_255_quality_unknown
chimanimani_s2_1233.nc,s2_part01.tar.gz,6176509,45ed33699b16d847916dfc43e957daf92c6dde3eab0f157a0a4e4a4a350680fa,True,train,352,352,True,2019-03-15,EPSG:32736,485115.0,7788805.0,486395.0,7790085.0,True,8dba35eac5d0897b2b418593235983c4cd01fd0a9a60e25bfb3239fd9e2d7754,scl_255_quality_unknown
chimanimani_s2_1234.nc,s2_part01.tar.gz,6177755,03ddd0dd2b1d388867a3f6f7c3fed66f56f467f9dad295adcacd3f74dd3791c7,True,train,729,729,True,2019-03-15,EPSG:32736,485115.0,7790085.0,486395.0,7791365.0,True,347c3d47c42552cb24a66467a8a77048b6fd3dbfcbceafed1a768dbb149df384,scl_255_quality_unknown
chimanimani_s2_1235.nc,s2_part01.tar.gz,6176352,9ef8d7af452ee38dc85ba5ec9c23601b6eb70179fefaaa13f14f9bacd8ce4497,True,train,279,279,True,2019-03-15,EPSG:32736,485115.0,7791365.0,486395.0,7792645.0,True,9c691d0c36cc154711abc2be7412c94ca136a257026b20aeb97b85c3fb266506,scl_255_quality_unknown
chimanimani_s2_1236.nc,s2_part01.tar.gz,6176165,5ada13587e3145e25ad655d2823204bb29f0b7832bcd0e32ee2842593fa58b85,True,val,53,53,True,2019-03-15,EPSG:32736,485115.0,7792645.0,486395.0,7793925.0,True,4049b2fc0ecdb28a9f8908ee4948a22fc2ca5d35c325247c9605f3d7a501b08a,scl_255_quality_unknown
chimanimani_s2_1237.nc,s2_part01.tar.gz,6176008,0e24138592bfba96378778ab9eee51a9523bab21d3c23e4464574cf5f9101ddc,True,,,0,False,,EPSG:32736,485115.0,7793925.0,486395.0,7795205.0,True,9ced66c89d91182e9587dcd15247e42aa7864d1f252b4c9a60eef223c06230a9,event_date_absent;scl_255_quality_unknown
chimanimani_s2_1238.nc,s2_part01.tar.gz,6177680,fba43bcf83449535f37486e7876562649bacf28cb9beecc0b4893766cf37b313,True,train,344,344,True,2019-03-15,EPSG:32736,485115.0,7795205.0,486395.0,7796485.0,True,2294999abe5f548b1e6ff982dd7a411d4b89005d0fde520a523848c69a1c8522,scl_255_quality_unknown
chimanimani_s2_1239.nc,s2_part01.tar.gz,6179547,45de5944b253028146b956cdfed0fcf53568ffaf6f9ab7cd6faab3bf0625b6a0,True,train,807,807,True,2019-03-15,EPSG:32736,485115.0,7796485.0,486395.0,7797765.0,True,289bc5116a19058182b2c5455d7fccbb0e9761698d34828813113cc9d770c0ac,scl_255_quality_unknown
chimanimani_s2_123.nc,s2_part01.tar.gz,6176008,10c095c03ddbe1556e90e633da6669f23ec7f438e4617aa1d1cab86ec1e0cf0b,True,,,0,False,,EPSG:32736,460795.0,7778565.0,462075.0,7779845.0,True,8da2f14cb1788ac08c089251e5237cb2028141a580fae08a9e1eb8cf4573ebe7,event_date_absent;scl_255_quality_unknown
chimanimani_s2_1240.nc,s2_part01.tar.gz,6177771,2e904bfd70d1072069a7b88f05dd38ab333f7888310e2383b19444827f3bed12,True,val,581,581,True,2019-03-15,EPSG:32736,485115.0,7797765.0,486395.0,7799045.0,True,cd35649b66da304d1a09f0cd7805391b92431c40a4b59266d90e1a4465fb28d6,scl_255_quality_unknown
chimanimani_s2_1241.nc,s2_part01.tar.gz,6176386,592b249d1e406d2e04d036d080a8e5430657d443b7fff96a021e8ff2d6ae906a,True,train,761,761,True,2019-03-15,EPSG:32736,485115.0,7799045.0,486395.0,7800325.0,True,06b872ff90ebf3ca2c216aa18ca8edd797c3cce792cbc35d0bc5b1b6dd042223,scl_255_quality_unknown
chimanimani_s2_1242.nc,s2_part01.tar.gz,6176008,9c367ace65aa1269873affba67af2b6b48428675e1cd1a869fb2e0a0f43f1d21,True,,,0,False,,EPSG:32736,485115.0,7800325.0,486395.0,7801605.0,True,8c1c4b7645a5ee388e809000ae44fedebfe1681a1975508c819ec31fd145dcca,event_date_absent;scl_255_quality_unknown
chimanimani_s2_1243.nc,s2_part01.tar.gz,6176117,930715e49d3b904644ba710ee653587f26b3c64d46e6a06f8a2ec9e021c0f0f8,True,,,24,True,2019-03-15,EPSG:32736,485115.0,7801605.0,486395.0,7802885.0,True,e460ab5173c22f67cd643016767d0780a0bfb2d0003816288c0ff36c02ca108c,scl_255_quality_unknown
chimanimani_s2_1244.nc,s2_part01.tar.gz,6176165,cd8d47702a8bfae923546d3ca207078f3150d3b5367b5056a1805be09a628756,True,train,159,159,True,2019-03-15,EPSG:32736,485115.0,7802885.0,486395.0,7804165.0,True,8e59bfede71b9ede07dfb1f4288c010588ede5623b9c85648ded1d06d92df1c9,scl_255_quality_unknown
chimanimani_s2_1245.nc,s2_part01.tar.gz,6176221,fcb6fbc30b33b11e15e8e51e22282eb0763ff4086290b65b9f6cc3d5df80bb72,True,test,211,211,True,2019-03-15,EPSG:32736,485115.0,7804165.0,486395.0,7805445.0,True,92bfc7eddbceea087f71b6892e1d9628cafcc5899d3c0d901217e1acef0ae030,scl_255_quality_unknown
chimanimani_s2_1246.nc,s2_part01.tar.gz,6176278,f059f3ca000da69d6c7caa0a4eb691b67772380b4908137f593eb6377f47d90a,True,test,184,184,True,2019-03-15,EPSG:32736,485115.0,7805445.0,486395.0,7806725.0,True,22c6f35ddc854b9bac1a7af1c2d7a44a81008da96f932b53745768c5323a401e,scl_255_quality_unknown
chimanimani_s2_1247.nc,s2_part01.tar.gz,6179565,9958dd8595f20087daa1ea5b08818703a49a3b5ccf4628b47cb999c8a406c494,True,train,2847,2847,True,2019-03-15,EPSG:32736,485115.0,7806725.0,486395.0,7808005.0,True,3b6426e0f053c528c0f0dc42bd5947964301e3452d4e1337a61b0c6b68ba2460,scl_255_quality_unknown
chimanimani_s2_1248.nc,s2_part01.tar.gz,6178002,719879b0833ad89faca2bda89ce00d48033e2b358f9c0e2ff4fea5fcd6016894,True,train,1287,1287,True,2019-03-15,EPSG:32736,485115.0,7808005.0,486395.0,7809285.0,True,2705cf13729d4e550ef737ac607681a080a0fd2d0380f92ebc7c1a29b37023d2,scl_255_quality_unknown
chimanimani_s2_1249.nc,s2_part01.tar.gz,6176300,6a3c0a557658bfbb193e7e8d15008de3a87e9d2b9244f1eb385715fa7b26c91f,True,train,247,247,True,2019-03-15,EPSG:32736,485115.0,7809285.0,486395.0,7810565.0,True,2a05b751de0a71a98fc51280b096b7dcc16286a8a78324b03ef92adbdb329660,scl_255_quality_unknown
chimanimani_s2_124.nc,s2_part01.tar.gz,6176008,697c4425112f7b781f9bb6efa22a851ac6065975b9d97e7227961291dfd32c0e,True,,,0,False,,EPSG:32736,460795.0,7779845.0,462075.0,7781125.0,True,6b19dc88e675b3d8ffedf75d350b3cd5606b9bec56c786d88ec0a1320713fc82,event_date_absent;scl_255_quality_unknown
chimanimani_s2_1250.nc,s2_part01.tar.gz,6176090,bc20dd4be30e89345c44ae994cd1a19dd97d79bfc29301d9c971b404da26c633,True,train,138,138,True,2019-03-15,EPSG:32736,485115.0,7810565.0,486395.0,7811845.0,True,d1ab192268179ac3961494911c27b30126cae1451eb834915dc48cb22041860b,scl_255_quality_unknown
chimanimani_s2_1252.nc,s2_part01.tar.gz,6176100,c269d2258968c0ed278a3e29b0d84dfdee161880145576949aefcb40d2c1a256,True,,,29,True,2019-03-15,EPSG:32736,485115.0,7813125.0,486395.0,7814405.0,True,4f998ac4f85763ced6217035e20f2053b0fcd64a17326d52712fc26b1da6202d,scl_255_quality_unknown
chimanimani_s2_1255.nc,s2_part01.tar.gz,6176164,70db14c751b7d8f2e3cf803d7a95c84c3251555292acf721f100a59451b5ddde,True,train,68,68,True,2019-03-15,EPSG:32736,485115.0,7816965.0,486395.0,7818245.0,True,faca748f95d62396d3656aba93272e84e4f242b4778114ab402cadb02321c64a,scl_255_quality_unknown
chimanimani_s2_1256.nc,s2_part01.tar.gz,6176174,d36cf4a3dc31a4898cc90e7ce273aa7fe45568caabe1a0aa5feb36bcf4762afb,True,train,73,73,True,2019-03-15,EPSG:32736,485115.0,7818245.0,486395.0,7819525.0,True,37962c57295e5db2d02bcd5667411f3199bf6c540d5f7e09b1bef13c279e6820,scl_255_quality_unknown
chimanimani_s2_1258.nc,s2_part01.tar.gz,6176239,cb17a22e2e374ebf4e33b9cb151b009e0fd6c8b0b94c73752c6eebbcfb6ab77b,True,val,143,143,True,2019-03-15,EPSG:32736,485115.0,7820805.0,486395.0,7822085.0,True,8ea74f7495a31391c31cac5c5440a608f6e64e2f07f008931b04fbe7273b4ffc,scl_255_quality_unknown
chimanimani_s2_1259.nc,s2_part01.tar.gz,6176008,a490f653900fbe5a4b68dbc63922b289f6e9cfaea22b4ab114abebc267ba3dbd,True,,,0,False,,EPSG:32736,485115.0,7822085.0,486395.0,7823365.0,True,94f117e548ac377a122f76fc80b2bcf4b4122ce28b15625815a82989ab1c5ee2,event_date_absent;scl_255_quality_unknown
chimanimani_s2_125.nc,s2_part01.tar.gz,6176008,5677c581bf5cfd8a099ce115dc7855ffb6b72d979d7dd5f7c2643c6bc0f31a26,True,,,0,False,,EPSG:32736,460795.0,7781125.0,462075.0,7782405.0,True,0fa8962096d57a106b8a45cf09f73313a4d9f63081e70c1193a861f45043c2e8,event_date_absent;scl_255_quality_unknown
chimanimani_s2_1261.nc,s2_part01.tar.gz,6176442,9e732953b3e7c4665cc22ce9349d4dfbc011861f0e58fd94458e168f219fc3f5,True,test,338,338,True,2019-03-15,EPSG:32736,485115.0,7824645.0,486395.0,7825925.0,True,c3387dc70560f2e681bdd2e7d07ac7009f24c61eb24255cf9590ab9dead16aca,scl_255_quality_unknown
chimanimani_s2_1262.nc,s2_part01.tar.gz,6177907,7a40b844a02144e127dd983125de31c94143ed8f32dabf2a6898071d6fa8328c,True,train,523,523,True,2019-03-15,EPSG:32736,485115.0,7825925.0,486395.0,7827205.0,True,4565e856497ad1f5bc901349dcf72fdda60c27a071a11d64e4fd44e685218a77,scl_255_quality_unknown
chimanimani_s2_1263.nc,s2_part01.tar.gz,6176305,60846f023146f932dc9e825f2a46610195184cf4c72cee17ce37372ccfbbda6e,True,train,89,89,True,2019-03-15,EPSG:32736,485115.0,7827205.0,486395.0,7828485.0,True,c759aeaab56162e8ff2b87129e38494bd527a4ae9da354b3595854c295b7928a,scl_255_quality_unknown
chimanimani_s2_1264.nc,s2_part01.tar.gz,6176008,d0d0f33be6898d8d84bd1bd9bb48f1bfc532d843d06087d7d405051d8bf3477c,True,,,0,False,,EPSG:32736,485115.0,7828485.0,486395.0,7829765.0,True,9e651f38ff720094f8c07feecf4d7928e9549c7d5aec03767b16c8410b40d14e,event_date_absent;scl_255_quality_unknown
chimanimani_s2_1265.nc,s2_part01.tar.gz,6176166,f878b529eedb4277e58f355403aae22f5c46f4318bbca7f464477bf743ffd765,True,,,48,True,2019-03-15,EPSG:32736,485115.0,7829765.0,486395.0,7831045.0,True,1f5e5aa278564704474562b67fdb10cd10b0de4ba953f268daa966bbbe1e67e7,scl_255_quality_unknown
chimanimani_s2_1266.nc,s2_part01.tar.gz,6176507,c1a4eafdfb44e2c113144ab31ee1268b5e9657dd90d79b43c65a6e3c3bdb0527,True,train,497,497,True,2019-03-15,EPSG:32736,485115.0,7831045.0,486395.0,7832325.0,True,e3fc307f21abd4c28762a49d801fb7ee26268b356debeb5a7b3fc7a5f9d7f9f7,scl_255_quality_unknown
chimanimani_s2_1267.nc,s2_part01.tar.gz,6177640,bf922b5a9664b62b988e64561854b8fdbd62f14a03a6dce3e7421a49c316d916,True,test,503,503,True,2019-03-15,EPSG:32736,485115.0,7832325.0,486395.0,7833605.0,True,dd047fa02a7b144b119e122e0e160c204269f7aa71340c91d9c49e17bf46a576,scl_255_quality_unknown
chimanimani_s2_1268.nc,s2_part01.tar.gz,6176321,106752904691ff7562ac2be334157428ee3d9552d755ca4e34d80764ef7610a3,True,test,117,117,True,2019-03-15,EPSG:32736,485115.0,7833605.0,486395.0,7834885.0,True,9638e4dff9575f9f49cfbc4caec09ec1379d1d942d893c32f69a2351e01ee4c2,scl_255_quality_unknown
chimanimani_s2_1269.nc,s2_part01.tar.gz,6176008,229ceff502f28b4c75a6d851e7c37f2224c13316e07887c2aef602595abd5ba3,True,,,0,False,,EPSG:32736,485115.0,7834885.0,486395.0,7836165.0,True,7193dffb04d0e059a7fc8f0b5c7b4cb3214a8970a9051cb82baf3146130659eb,event_date_absent;scl_255_quality_unknown
chimanimani_s2_126.nc,s2_part01.tar.gz,6176008,a3ab575885e41cb3cca1fb93bf0af2a95d42f004349e478f08ea8ca4841b0ecc,True,,,0,False,,EPSG:32736,460795.0,7782405.0,462075.0,7783685.0,True,c8f53e7c34b4a130955f144cc93d5a01af9fadf3d5317c232df370c36b07e03c,event_date_absent;scl_255_quality_unknown
chimanimani_s2_1270.nc,s2_part01.tar.gz,6176165,a621dc692b0f95e03899145ef5faab622c709e78f18f53adf4565278243e1bcc,True,test,50,50,True,2019-03-15,EPSG:32736,485115.0,7836165.0,486395.0,7837445.0,True,adc02e6bcc3337ff806aec64c20338037694c13e1ab94c932c858752a3a83d0c,scl_255_quality_unknown
chimanimani_s2_1271.nc,s2_part01.tar.gz,6176246,bf30564c114f15751d0708324c311993c7752422258e0c633ad452a50cf393f0,True,train,120,120,True,2019-03-15,EPSG:32736,485115.0,7837445.0,486395.0,7838725.0,True,f7d15ebab75eb377e36c5f16305924db3567a9ad8caec3b4b5654824d7833930,scl_255_quality_unknown
chimanimani_s2_1272.nc,s2_part01.tar.gz,6176239,72089fb503bcc4dd53172c8af42fcc2e77806cf9b7a1b84b2fd8497a23d7c194,True,test,122,122,True,2019-03-15,EPSG:32736,485115.0,7838725.0,486395.0,7840005.0,True,82ef5c5cb6d11863ebde8bcd2da894d1f723cc59397a7059e23580fa99299af2,scl_255_quality_unknown
chimanimani_s2_1273.nc,s2_part01.tar.gz,6177986,fe9c5a632bcf72a87cd38cee1b39624f33903f90e814ff1561c4a8bc376d18bf,True,val,919,919,True,2019-03-15,EPSG:32736,485115.0,7840005.0,486395.0,7841285.0,True,ac74da5c5eb9ee5516f97e43967951293a45de55c0d22c5add224a22debfd7cf,scl_255_quality_unknown
chimanimani_s2_1274.nc,s2_part01.tar.gz,6176368,f5b88b0943241a91553a76a535ed72f051e19d07ae5a0a6221bdb6bfd943a78d,True,test,272,272,True,2019-03-15,EPSG:32736,485115.0,7841285.0,486395.0,7842565.0,True,57745603d0c7314d4010757d1e64f4c23cbb5ae2f2f1bf47176bc0fef09e8926,scl_255_quality_unknown
chimanimani_s2_1275.nc,s2_part01.tar.gz,6176008,212c4a87f46f6a1e793805e55ce0c19536ccecae809595315d60e15a719ace63,True,,,0,False,,EPSG:32736,485115.0,7842565.0,486395.0,7843845.0,True,a095930f71d3cb4a44760dadd61578cd56087c6ae8ee0adb0c9e0db3c32bd766,event_date_absent;scl_255_quality_unknown
chimanimani_s2_1281.nc,s2_part01.tar.gz,6176008,b7d37f975d72dc9ae61b0361a3f8aa571aceb389c9f32b23e9ea0e0aa09e892c,True,,,0,False,,EPSG:32736,486395.0,7776005.0,487675.0,7777285.0,True,42d156fab50dd3d3a7bd4338d4cd3ba298ee59ef22bd64bc6b3b5233218574fb,event_date_absent;scl_255_quality_unknown
chimanimani_s2_1282.nc,s2_part01.tar.gz,6176008,5b7ff4804ba6b15f02455fa51ab6c3d0ca866786726a591de90551e82d8cfd14,True,,,0,False,,EPSG:32736,486395.0,7777285.0,487675.0,7778565.0,True,5186b9cb6552f67e6fe438aeba924b642da267a9b605d894d9f2c6ab610bb3be,event_date_absent;scl_255_quality_unknown
chimanimani_s2_1284.nc,s2_part01.tar.gz,6176008,f6e1f61fac95d71e22e39ddec3c2335e5b1af4e205168b4fca3720460a1b410b,True,,,0,False,,EPSG:32736,486395.0,7779845.0,487675.0,7781125.0,True,25ef576814d51e51a13c5a8dd462bb1de11361d7e45165ef58f3c39b4d8dd67f,event_date_absent;scl_255_quality_unknown
chimanimani_s2_1285.nc,s2_part01.tar.gz,6176008,f3cc0ffdaaa5fdb08f74aaf9f5cc04d644a1786a649f5ddba23f2453c6197c3b,True,,,0,False,,EPSG:32736,486395.0,7781125.0,487675.0,7782405.0,True,becf72313a17979d0780d382b34e6d91b138ca56cfc3f9d77150f55ceb7b490b,event_date_absent;scl_255_quality_unknown
chimanimani_s2_1288.nc,s2_part01.tar.gz,6176173,5bd397c0a223698157138379e1222286a360e41e255801814a83e1f151743b1d,True,val,142,142,True,2019-03-15,EPSG:32736,486395.0,7784965.0,487675.0,7786245.0,True,afe0ab71274d5099faf9a4151fd0a3ec6d80dd173506a7a537577aa07e6d8607,scl_255_quality_unknown
chimanimani_s2_1290.nc,s2_part01.tar.gz,6177622,0412f6df289cc458af31f2d434476b780d342e250e9dc9cbf21b58e845720729,True,train,182,182,True,2019-03-15,EPSG:32736,486395.0,7787525.0,487675.0,7788805.0,True,606cfba709762e86ee4409cf3397afae1a3b334d3a93fb6f5a786ffe892c85fa,scl_255_quality_unknown
chimanimani_s2_1291.nc,s2_part01.tar.gz,6176100,cc2537e74bfb88037ac42db1b757d220d23ac702d2d534d4de4fe1d8ff92126b,True,,,23,True,2019-03-15,EPSG:32736,486395.0,7788805.0,487675.0,7790085.0,True,1bb2ad89ce046b65dd730ce1d0f3c78aba4c369b3f0fe64221b5d23485afe11c,scl_255_quality_unknown
chimanimani_s2_1292.nc,s2_part01.tar.gz,6177718,326497c259af079a36f1a20c1060c1e66031fdc8b099675817b5a07f5b8bfebb,True,train,240,240,True,2019-03-15,EPSG:32736,486395.0,7790085.0,487675.0,7791365.0,True,548f3b93549b6338205026243ecbc42622db5dfd2e9bbc5a1a6342e379d685e4,scl_255_quality_unknown
chimanimani_s2_1293.nc,s2_part01.tar.gz,6178125,ce85725f39e04018f5e323ff16f789e27dcde7c5a13c093239c0ec4625442179,True,val,635,635,True,2019-03-15,EPSG:32736,486395.0,7791365.0,487675.0,7792645.0,True,b654cff8f6bd84eeba6e95ff842d47953adaa1a67fd65a51ebbe20397f723957,scl_255_quality_unknown
chimanimani_s2_1294.nc,s2_part01.tar.gz,6176295,a182180affab15e48b1288f5094fbb8f0bc3f1f0005da029a21b3692d3ce13c8,True,train,169,169,True,2019-03-15,EPSG:32736,486395.0,7792645.0,487675.0,7793925.0,True,02f1171edaaeb575943cbd52099d796880122104991389478b824c442d124296,scl_255_quality_unknown
chimanimani_s2_1295.nc,s2_part01.tar.gz,6176008,f55423aab89497105ab51ad2308c25cd39dbcecd8f899c84e27a3c5a814c5d66,True,,,0,False,,EPSG:32736,486395.0,7793925.0,487675.0,7795205.0,True,8821de32e39df5b5129abf54aececcc16e7b468727e1a56ebf8a404a91af1a31,event_date_absent;scl_255_quality_unknown
chimanimani_s2_1297.nc,s2_part01.tar.gz,6176097,0b5ea2151a2e2f11f9ce78dc37232f23dcd2305ba1243c64c226773c5d3c1c0a,True,,,43,True,2019-03-15,EPSG:32736,486395.0,7796485.0,487675.0,7797765.0,True,0f9d5f88d7766d6c5306b5dd087d08a05b7e529a98c1e1ca32d7826810b4daf5,scl_255_quality_unknown
chimanimani_s2_129.nc,s2_part01.tar.gz,6176008,3081a8918c67d0aad2c54004bad147e6d9233f62b1ccc04a0885b192b6381762,True,,,0,False,,EPSG:32736,460795.0,7786245.0,462075.0,7787525.0,True,7310fb5066b9d385f33f5d0bacf7dfa6b3be27f62efeb747d6a59e5b11d0b174,event_date_absent;scl_255_quality_unknown
chimanimani_s2_1301.nc,s2_part01.tar.gz,6177620,de443b6670d307878c62d5e4c8eb53bc8bcf7c125be8a01a9979b5968f555990,True,train,550,550,True,2019-03-15,EPSG:32736,486395.0,7801605.0,487675.0,7802885.0,True,1ba701bfd53dedce7e0664e85e382c73482e0fca4ec4384d7ce2d109773b78ad,scl_255_quality_unknown
chimanimani_s2_1302.nc,s2_part01.tar.gz,6176313,1f233d15f2dfda85163082d5cf69e37a3aef78e468cd2b2e2ce6a766be2054b2,True,val,219,219,True,2019-03-15,EPSG:32736,486395.0,7802885.0,487675.0,7804165.0,True,9259bcb555766dc5bbc5159e2b2b72fb8fa23ecadf6ace08963614336a5944a9,scl_255_quality_unknown
chimanimani_s2_1303.nc,s2_part01.tar.gz,6176220,18353dd8a4d59763dd58c0e00b1cd108ed93a463fe2bba307e5d5d57dfb7940a,True,train,121,121,True,2019-03-15,EPSG:32736,486395.0,7804165.0,487675.0,7805445.0,True,a1733bf42ac6d9985b247d1c2a2b9b561f728c0a4463d1bda97624cdfbabff13,scl_255_quality_unknown
chimanimani_s2_1304.nc,s2_part01.tar.gz,6178049,aec3d301f4dd26e7b4416009962bf5d2c0b20b36712fd3f39413a4d81fd7ef9b,True,train,1188,1188,True,2019-03-15,EPSG:32736,486395.0,7805445.0,487675.0,7806725.0,True,8f49e247ba3889482d48cf4ed55051b78db8725fca8d842cd15978579ea3da10,scl_255_quality_unknown
chimanimani_s2_1305.nc,s2_part01.tar.gz,6179317,cbea6a44cfd5da7f1d85bd51a10f1b5b6abc6a5566d252cfbb8583dbc7065ab2,True,test,2205,2205,True,2019-03-15,EPSG:32736,486395.0,7806725.0,487675.0,7808005.0,True,de6f55dd56a847f51022e75831ddf4bc9f282dc24aa89833d8863ae7b3041d44,scl_255_quality_unknown
chimanimani_s2_1306.nc,s2_part01.tar.gz,6177949,1391a0d8e3f557021079ee7f381b091293306b410c4de8ecb330067db2ff13c4,True,train,2106,2106,True,2019-03-15,EPSG:32736,486395.0,7808005.0,487675.0,7809285.0,True,c79f21bc997ec3f4dfd88681fcceea58f7d770fa1d14507b2a5189e4c6ad6a84,scl_255_quality_unknown
chimanimani_s2_1307.nc,s2_part01.tar.gz,6176247,e9368a9ea297bc8701246578327d7b3193f08790fcfc3ef9b667f3d8733013b6,True,train,726,726,True,2019-03-15,EPSG:32736,486395.0,7809285.0,487675.0,7810565.0,True,c209052c84d1412954134f592bf8ee3ea848783d69ccdbf329c50b3fdc320b4b,scl_255_quality_unknown
chimanimani_s2_1308.nc,s2_part01.tar.gz,6176183,44d4083aaea9f5ae23c8ed1135319608b1b621d2794b90e9276170d778553edb,True,val,75,75,True,2019-03-15,EPSG:32736,486395.0,7810565.0,487675.0,7811845.0,True,622c550f31a82e49d8edbbabb4fa02c3dc6ca4fcc47f09cff33aec2aa9059e9d,scl_255_quality_unknown
chimanimani_s2_1309.nc,s2_part01.tar.gz,6176008,9fe83bb2d2b76665fd3176874bf71431207f6fb44a381aa0b027066406d310a5,True,,,0,False,,EPSG:32736,486395.0,7811845.0,487675.0,7813125.0,True,5eb8535e26cee9b6aa15309cff29d8f03cb13331b5e43a1b7ae28dd264cf4103,event_date_absent;scl_255_quality_unknown
chimanimani_s2_1311.nc,s2_part01.tar.gz,6176100,2f1362269653436e576697d012e40140905ba3979873e9c3505ebe00c7d9438c,True,train,50,50,True,2019-03-15,EPSG:32736,486395.0,7814405.0,487675.0,7815685.0,True,fd358336ef11959cef6d9696fb24b631ffa4bd8dc54c219bd82670fa8e78a63b,scl_255_quality_unknown
chimanimani_s2_1312.nc,s2_part01.tar.gz,6176447,a4560e1a81194062d3ba578cfa7654d6f357e1224fb5e40427eb4f66d67440e9,True,train,159,159,True,2019-03-15,EPSG:32736,486395.0,7815685.0,487675.0,7816965.0,True,954da5a0bfa0a2068bcfd2bc85830a34460fa44b5e7a0a65389a58b0ffda58a5,scl_255_quality_unknown
chimanimani_s2_1313.nc,s2_part01.tar.gz,6177634,4d02e1fcd0ca30f301e39acc2db5735f38771319215bb4dc5edf7a4f678ff249,True,train,330,330,True,2019-03-15,EPSG:32736,486395.0,7816965.0,487675.0,7818245.0,True,801f7eefb6a9a9b198ae89a74efe706ca81b762c346301afb2ae9b1bcaeaac07,scl_255_quality_unknown
chimanimani_s2_1314.nc,s2_part01.tar.gz,6176100,f025994487d00a70a26a40af3e1eb611c965955993da2bbffc3c72f0c741ca2b,True,,,16,True,2019-03-15,EPSG:32736,486395.0,7818245.0,487675.0,7819525.0,True,e52a49d5746615a005d7f4ea5217c667c9d29fecd075a29663cad0f531891abb,scl_255_quality_unknown
chimanimani_s2_1315.nc,s2_part01.tar.gz,6176008,2644f76667301a12133d849dc2995d0042d8389474bd2d9359bfc9d6a8257912,True,,,0,False,,EPSG:32736,486395.0,7819525.0,487675.0,7820805.0,True,264faba6e3e9c9cfbfe78aa0e94964a55df74df8aa0efc135fb8ad642328bfa6,event_date_absent;scl_255_quality_unknown
chimanimani_s2_1317.nc,s2_part01.tar.gz,6176158,fe1b3d25aa0361be6eb16612cc5a015fac04e6c237a33f52ce6ee8f29f8248aa,True,val,71,71,True,2019-03-15,EPSG:32736,486395.0,7822085.0,487675.0,7823365.0,True,498d1d240ec04f48b5f0e1f0fb7d8fb030c0518e0581f38a034ba78f5a44b14b,scl_255_quality_unknown
chimanimani_s2_1318.nc,s2_part01.tar.gz,6176100,6fe638178d4f609eec4f74d4d76c0212dd0612bc6b23be9f4a1f30fafdc6c210,True,,,34,True,2019-03-15,EPSG:32736,486395.0,7823365.0,487675.0,7824645.0,True,9142a74e6083584efdbb49dfaa10962a57a52d2a79d93254cd630ae782ec0f69,scl_255_quality_unknown
chimanimani_s2_1319.nc,s2_part01.tar.gz,6176352,4e17ecb5bbd6fa67ded328cbb79c8120b6f49a5d915f997c136bb9a2a8c262d7,True,train,184,184,True,2019-03-15,EPSG:32736,486395.0,7824645.0,487675.0,7825925.0,True,8e47c298593c006e57ca1fb6d92379b69f265b95714ded69b6a90522f8e82600,scl_255_quality_unknown
chimanimani_s2_131.nc,s2_part01.tar.gz,6176008,8922d28a009bd959991790b7d6da84ab5bb86d6298e47850b72746b1628f152a,True,,,0,False,,EPSG:32736,460795.0,7788805.0,462075.0,7790085.0,True,c7fe4f1bf11c82927ca0c5560a77de6c8975158b7115fb51945f52a1af1bd5a1,event_date_absent;scl_255_quality_unknown
chimanimani_s2_1320.nc,s2_part01.tar.gz,6177754,eeeffbc290aa5656ecf0a56a06b7628d14c8ab1d65dbec37e2ffee3e141a5593,True,test,511,511,True,2019-03-15,EPSG:32736,486395.0,7825925.0,487675.0,7827205.0,True,c942fa16491b89d33fa11cadb856240690bb2b520b4e5809f9b12e865ca4b5f8,scl_255_quality_unknown
chimanimani_s2_1321.nc,s2_part01.tar.gz,6176165,d8ca04c6bb7fe84a0393cd7b7be47c1144da173b17ac52b21943233d1a67dec7,True,train,104,104,True,2019-03-15,EPSG:32736,486395.0,7827205.0,487675.0,7828485.0,True,bcce8569a9e33ed29e456d08063ee24cadc1d9e462e7cac57d1cbb8fa32cc1d5,scl_255_quality_unknown
chimanimani_s2_1322.nc,s2_part01.tar.gz,6176008,9f1f1999f133a54a4ed158260c5b7c25fa083ad6edbc8bda84648bce4b550eed,True,,,0,False,,EPSG:32736,486395.0,7828485.0,487675.0,7829765.0,True,d5bbed9ac7b57abdd37af92bf238e27a881c6673f09dc290d58ce612accd07b4,event_date_absent;scl_255_quality_unknown
chimanimani_s2_1323.nc,s2_part01.tar.gz,6176108,2d1712d1dd02a8a09884fed3b1098095fc19e06fabe7eb16173931a53e7bf973,True,,,34,True,2019-03-15,EPSG:32736,486395.0,7829765.0,487675.0,7831045.0,True,aa381ee4cf77a8776ede5a31fe61ac8613ef63a122b8796c55ddd318f43d1c42,scl_255_quality_unknown
chimanimani_s2_1324.nc,s2_part01.tar.gz,6176357,46407e0a7761cdc82102a09237f0f1198ef30888bc4a6590936d9649d1992e15,True,val,386,386,True,2019-03-15,EPSG:32736,486395.0,7831045.0,487675.0,7832325.0,True,64325508007870f6aad4b4b61453c44f60e37e62ad67ab34ea661496bd898143,scl_255_quality_unknown
chimanimani_s2_1325.nc,s2_part01.tar.gz,6176295,cc0d762bc8ba724c39c00841e21ee04e81d3fa5b5d938c6b7a4513d90a597fe5,True,train,256,256,True,2019-03-15,EPSG:32736,486395.0,7832325.0,487675.0,7833605.0,True,428c1a9359dbe0b5405fe9732d348c4e99d3b8f2134bfcd5fc85b44514a8e83c,scl_255_quality_unknown
chimanimani_s2_1326.nc,s2_part01.tar.gz,6177840,3fd21919f840b46cf8135d4dd09d32d504be90469a910cab4d1c3f21f9466e81,True,train,497,497,True,2019-03-15,EPSG:32736,486395.0,7833605.0,487675.0,7834885.0,True,3959a1a1c3d907c0065acb4ba42d272e296d89836864c03a3e3ee8346b52f928,scl_255_quality_unknown
chimanimani_s2_1327.nc,s2_part01.tar.gz,6179374,4a4f4c94b524dd63a988691229f4330a97fd6c77d3817478b5815790ac0b29b6,True,train,553,553,True,2019-03-15,EPSG:32736,486395.0,7834885.0,487675.0,7836165.0,True,8021e3794471734a7fcb7f2be9826d0e0d9e289b071502ce6d9e34901caf71f1,scl_255_quality_unknown
chimanimani_s2_1328.nc,s2_part01.tar.gz,6177719,257b044152dd726787e06f1e45d719084aaf306449a3b8ad066664ef2021c646,True,val,295,295,True,2019-03-15,EPSG:32736,486395.0,7836165.0,487675.0,7837445.0,True,6ecb59a29f47d33ead2f69ebf0afac3d0a32745a513d92c521227f9581a596fa,scl_255_quality_unknown
chimanimani_s2_1329.nc,s2_part01.tar.gz,6176008,f896bc0655d9e0f40cb039dae383e985a1d7ea339daf63345a638b84b43331ed,True,,,0,False,,EPSG:32736,486395.0,7837445.0,487675.0,7838725.0,True,33139af09136a84c3392960635b4236ad63bf6eef2b35d37cd10f0d5f04d5f40,event_date_absent;scl_255_quality_unknown
chimanimani_s2_1332.nc,s2_part01.tar.gz,6176232,7af68ba6c9abdd2f5603c55876766bb6dd512cf47b10a7d8f7a17cd67d943e6e,True,train,172,172,True,2019-03-15,EPSG:32736,486395.0,7841285.0,487675.0,7842565.0,True,f1d62117e9b20c0d29b537d9c207cb8fb6f100fb3f2c67cb24728b292eefc966,scl_255_quality_unknown
chimanimani_s2_1335.nc,s2_part01.tar.gz,6176008,76a5383e8da5ecbd0d583e944d3a40d44cf6dfdd390fdb1fd31eb261b9df5fcb,True,,,0,False,,EPSG:32736,487675.0,7770885.0,488955.0,7772165.0,True,a84877946cb51211a288932007153075d74b279f53719514e891c80674c58ac4,event_date_absent;scl_255_quality_unknown
chimanimani_s2_1339.nc,s2_part01.tar.gz,6176008,90e8e964c8853bf244e89be3d45beb5ba86e3e3f84871b47211f92e158c03aa6,True,,,0,False,,EPSG:32736,487675.0,7776005.0,488955.0,7777285.0,True,2214dbcf9fde23d351c20c15a2d97d91c39336d769349868dd183f6625fdd4a1,event_date_absent;scl_255_quality_unknown
chimanimani_s2_133.nc,s2_part01.tar.gz,6176008,b68837a95c2d8d5cefc505905030aea6ee94a26a8d78f50364643bd346c4e6b5,True,,,0,False,,EPSG:32736,460795.0,7791365.0,462075.0,7792645.0,True,5839311ec4089285cc8953f10e2aebf910d8d45c4df92c8104445a1b7fe114bf,event_date_absent;scl_255_quality_unknown
chimanimani_s2_1340.nc,s2_part01.tar.gz,6176008,694d39bd8e33f6f4716705f9a3862bfa361138c7eb827f6db66f317b277fa041,True,,,0,False,,EPSG:32736,487675.0,7777285.0,488955.0,7778565.0,True,6fe667ef37c20abaa0a44ce0b3108adb9d11eef54cbfc0d1d162515110effc1c,event_date_absent;scl_255_quality_unknown
chimanimani_s2_1343.nc,s2_part01.tar.gz,6176008,6be46fb4c40f9ca1356f2e44b53e93b24793c86b8c933332585217da0a90bfc7,True,,,0,False,,EPSG:32736,487675.0,7781125.0,488955.0,7782405.0,True,d2f43e2eb9168b7804846c879f3954176419ece1627d10f90fb18ba83ae85280,event_date_absent;scl_255_quality_unknown
chimanimani_s2_1345.nc,s2_part01.tar.gz,6176100,7df55cc15b62df236fa292b433d42d914d26a8c04d6fba77f449173a127a368e,True,test,66,66,True,2019-03-15,EPSG:32736,487675.0,7783685.0,488955.0,7784965.0,True,1e33748f86a1e146c87c8d9c691d5731d2200844efe86dc80a7f593db6893f1d,scl_255_quality_unknown
chimanimani_s2_1347.nc,s2_part01.tar.gz,6176098,bdbe6399d01d5262729c290bfe0a8c220402d1004cf228db16b9cdc024b586c2,True,,,47,True,2019-03-15,EPSG:32736,487675.0,7786245.0,488955.0,7787525.0,True,656acf6520e4ce7077c04fa1aac84cef7873bc31b02739ecf88257c195462d6b,scl_255_quality_unknown
chimanimani_s2_1348.nc,s2_part01.tar.gz,6177931,acd09007770b9ae513a3ddc6732bd87fe7e2a6eb8314d118f085381b9cd007ca,True,train,796,796,True,2019-03-15,EPSG:32736,487675.0,7787525.0,488955.0,7788805.0,True,30e9106f4a37d586e9736485fe8baef7e95dfbdc213b8338348217e8e9a6f8ec,scl_255_quality_unknown
chimanimani_s2_1349.nc,s2_part01.tar.gz,6176108,8d2bf015757c74d922086ebafc08c9fbf0d81ca8c293865908404817035c2250,True,,,36,True,2019-03-15,EPSG:32736,487675.0,7788805.0,488955.0,7790085.0,True,edc485a211caa7af2371ad6d7da3a2893e47f437a6c74dc2415cd9db8c2e6036,scl_255_quality_unknown
chimanimani_s2_134.nc,s2_part01.tar.gz,6176008,18a425cd88cac82fd00f25cdf34a037f84c58127eccda565a3de023c9bbbc327,True,,,0,False,,EPSG:32736,460795.0,7792645.0,462075.0,7793925.0,True,ce26e0f171949a51e8ec363fba97cf3b57c37aaa81af00481a47c3975bc53668,event_date_absent;scl_255_quality_unknown
chimanimani_s2_1350.nc,s2_part01.tar.gz,6176008,abbe97df2875845dab957796fbb9bfc357af6f5b4f03344bb1cee115cfec0b4b,True,,,0,False,,EPSG:32736,487675.0,7790085.0,488955.0,7791365.0,True,1e08bbe857a4b6b54eb2f51480afa89fecc4a079b0e7268c0479fef735df2492,event_date_absent;scl_255_quality_unknown
chimanimani_s2_1351.nc,s2_part01.tar.gz,6177691,6fb7452b7cfcc226746087945980c01e9ff8af8aaa3cb9247ff12adee2806e17,True,test,431,431,True,2019-03-15,EPSG:32736,487675.0,7791365.0,488955.0,7792645.0,True,a546a60586f2be7319645618ec92a827b184bb3388a00434cf3b00e593266551,scl_255_quality_unknown
chimanimani_s2_1352.nc,s2_part01.tar.gz,6176307,8b8ed429933b0b8cbab01c2a2d6b2a42ea5f8df3df14c6de7cc3e3844bfec71e,True,train,138,138,True,2019-03-15,EPSG:32736,487675.0,7792645.0,488955.0,7793925.0,True,cdcf4846ef953a421beefbec58b552aeb7d6496daf68a29c39e5337dea1696ba,scl_255_quality_unknown
chimanimani_s2_1353.nc,s2_part01.tar.gz,6176008,cfc2fe8af081d99dbdebd71570d5f7958e5b56fd241d3da4bc8ab5ff00704af8,True,,,0,False,,EPSG:32736,487675.0,7793925.0,488955.0,7795205.0,True,e10e983862558f641165d3774146fea9fa8f99c4b42ce2697f934897eec3ba98,event_date_absent;scl_255_quality_unknown
chimanimani_s2_1355.nc,s2_part01.tar.gz,6176008,bcaafedc084bd33d7e09c0e5861a841787db439343a05a75229a20a8ffce6641,True,,,0,False,,EPSG:32736,487675.0,7796485.0,488955.0,7797765.0,True,9f153ec7c701a9cdf8edc5167c4c183fcb7bd3b136235ae8632f6371727b1067,event_date_absent;scl_255_quality_unknown
chimanimani_s2_1357.nc,s2_part01.tar.gz,6176118,7670b104030dd0e502775a749b1b6a5dfea4292441589a99616b089c3cf4cf01,True,,,21,True,2019-03-15,EPSG:32736,487675.0,7799045.0,488955.0,7800325.0,True,585090d48a341adfad5c9d0ae04d3cae209e85b8919fb1efca0ed6a4814ed83a,scl_255_quality_unknown
chimanimani_s2_1358.nc,s2_part01.tar.gz,6176008,43e3c776ad982c273cb673c281b55ff63ae3493d4f8b2f6090d363af3dfb218b,True,,,0,False,,EPSG:32736,487675.0,7800325.0,488955.0,7801605.0,True,7c3f750dfbc45dd1042ba5dde125e2eddcdcaf76805942d982f866c016d7616e,event_date_absent;scl_255_quality_unknown
chimanimani_s2_1359.nc,s2_part01.tar.gz,6177764,e099ae2d468ccafb263ab7e3522d56ca7c4cef11831027fedb867565ac8fca1e,True,train,396,396,True,2019-03-15,EPSG:32736,487675.0,7801605.0,488955.0,7802885.0,True,619509768f79ef450074410a0f63a83ea8e912b7ac4beddae0db58dfc12647a2,scl_255_quality_unknown
chimanimani_s2_135.nc,s2_part01.tar.gz,6176008,9cbe692acb8ad57b730b80e95332a40675172f00bfd417e8d142780f98a5b718,True,,,0,False,,EPSG:32736,460795.0,7793925.0,462075.0,7795205.0,True,1685be23275ee2dc8e99b52a370f28ce2896c79de172c8576d125c279adb6208,event_date_absent;scl_255_quality_unknown
chimanimani_s2_1360.nc,s2_part01.tar.gz,6176499,d70b62d809908af8989c6642fb2920780b58451cfb19ff24cb660c3fedf2b2b1,True,train,1150,1150,True,2019-03-15,EPSG:32736,487675.0,7802885.0,488955.0,7804165.0,True,4aaa7a810fc49ca984dde094b950dcfcd01efa393af166817f88a677935d227c,scl_255_quality_unknown
chimanimani_s2_1361.nc,s2_part01.tar.gz,6176429,f4b97cef87ceef92b17b096b6c24b946faad8706710eb370e93a98a362d8f368,True,val,282,282,True,2019-03-15,EPSG:32736,487675.0,7804165.0,488955.0,7805445.0,True,a787ff20c5b051188807bf126d7a6b08f416fabd6e88f7ed9dc4d4380f462ffa,scl_255_quality_unknown
chimanimani_s2_1362.nc,s2_part01.tar.gz,6177989,86c15623628f5cd39199788b0c4d2ef90419e21490e87d38746bb0a983194ec8,True,train,1162,1162,True,2019-03-15,EPSG:32736,487675.0,7805445.0,488955.0,7806725.0,True,bc6360f707933e12773d9efbd9a58bcb76462f4978b1fb782ecb7e37ba0961ae,scl_255_quality_unknown
chimanimani_s2_1363.nc,s2_part01.tar.gz,6179351,8aa3de481ba900b6f8bc09ec1904cfb14361393874f2b1dc6ff025aeca73d34b,True,train,1748,1748,True,2019-03-15,EPSG:32736,487675.0,7806725.0,488955.0,7808005.0,True,c75f41d934869fe56472895118cf890201fabf579afe904c30ef8d1b2f14fe4e,scl_255_quality_unknown
chimanimani_s2_1364.nc,s2_part01.tar.gz,6177905,158b79dce6645f285dbfa795f54b1df1d8a0100515806ba1497af9e430987cb3,True,train,3229,3229,True,2019-03-15,EPSG:32736,487675.0,7808005.0,488955.0,7809285.0,True,795613f5304d19e9876197c7907da037a49cce0aa730e9bd017c9c255b7dfbfa,scl_255_quality_unknown
chimanimani_s2_1365.nc,s2_part01.tar.gz,6176392,48c5eba80d70c1771a4e22621993c1807a010af759689b6217798d0e63dbf80d,True,test,411,411,True,2019-03-15,EPSG:32736,487675.0,7809285.0,488955.0,7810565.0,True,bc2587827de95492f8c0d5588f18471c3b83492c764e58df9a8164295310612b,scl_255_quality_unknown
chimanimani_s2_1366.nc,s2_part01.tar.gz,6176008,c02c188a23dcdb8acaf682947e7a731afae24fe87d09ddee1f07f7a45badf7a1,True,,,0,False,,EPSG:32736,487675.0,7810565.0,488955.0,7811845.0,True,46c495624baa911d81958b9c4a4979d82fe8a53c3d020925e7e54dfa0acbd38c,event_date_absent;scl_255_quality_unknown
chimanimani_s2_1367.nc,s2_part01.tar.gz,6176313,000f8247cf0b3da5f192e4f82a9f5f6b6d44b065235349d8b6e3306b8e8d0fb4,True,train,198,198,True,2019-03-15,EPSG:32736,487675.0,7811845.0,488955.0,7813125.0,True,b452d0bc0362f979ae6dd51f430093eb2f601d29cda0d11be0028ac87bbf9b9a,scl_255_quality_unknown
chimanimani_s2_1368.nc,s2_part01.tar.gz,6177696,59a217f1cfe9c6c763121e3dec15850ab393b16246b79d1f53ee0de181045b99,True,train,439,439,True,2019-03-15,EPSG:32736,487675.0,7813125.0,488955.0,7814405.0,True,143ef16e351285203414b410760168e90a03853450e92ad8848856034665b384,scl_255_quality_unknown
chimanimani_s2_1369.nc,s2_part01.tar.gz,6176008,450475d0c36ebcc996f3bb73ff7ac720e0bc16448f561541e8990cbde490eab2,True,,,0,False,,EPSG:32736,487675.0,7814405.0,488955.0,7815685.0,True,c42a9865834bcd18e0bb674487810d93ef379a372ace894a619bc0f1444fa51d,event_date_absent;scl_255_quality_unknown
chimanimani_s2_136.nc,s2_part01.tar.gz,6176008,a026e63b231b45dcd378b37625c6d6cb3258fa2ac3cb649b1b5a710d84ce7853,True,,,0,False,,EPSG:32736,460795.0,7795205.0,462075.0,7796485.0,True,6619a70b7a79bc37eeaa85efc09929ccf2935f89314fd483715e7d56ffebc3b7,event_date_absent;scl_255_quality_unknown
chimanimani_s2_1370.nc,s2_part01.tar.gz,6176168,d3bc27da6fe5f26f6474d6c0c314b833f9c0d8e46d2a7b19dcbe93a61da6e4aa,True,train,63,63,True,2019-03-15,EPSG:32736,487675.0,7815685.0,488955.0,7816965.0,True,b8e53573edabaf555ee752de531ec5967f525751f83f62f4bd7178f4c689550a,scl_255_quality_unknown
chimanimani_s2_1372.nc,s2_part01.tar.gz,6176008,4b36bba83d83001e156cffc973cfaf88e1847ebade1ecc4f8b7bb6f943e80f95,True,,,0,False,,EPSG:32736,487675.0,7818245.0,488955.0,7819525.0,True,dc95828bdd1a8f4df87fdbe7a0ead982638fc41382a76f9975efd5167bc5e646,event_date_absent;scl_255_quality_unknown
chimanimani_s2_1373.nc,s2_part01.tar.gz,6176240,3e636123280de9e11b398a0ba3c8a3902ab1a2739f2af59b9e833e7e4d94323f,True,train,154,154,True,2019-03-15,EPSG:32736,487675.0,7819525.0,488955.0,7820805.0,True,c3604fa902f4f106f51f1602d360b537217ac5c0f533412f351e96b1c3cb6e97,scl_255_quality_unknown
chimanimani_s2_1375.nc,s2_part01.tar.gz,6176166,840c3dcf3aca3143bb758a7c4a250e4ce7dfabb24c59216b0504d1451960abfa,True,train,87,87,True,2019-03-15,EPSG:32736,487675.0,7822085.0,488955.0,7823365.0,True,a8906ae9efc30b39135f18057f93245537b2ca8781f8ca7a4016d591f4430f9a,scl_255_quality_unknown
chimanimani_s2_1376.nc,s2_part01.tar.gz,6176297,927366a9ca5324c86bb753d8da341f4d0067392953bba9b2d951f172e70221fa,True,test,582,582,True,2019-03-15,EPSG:32736,487675.0,7823365.0,488955.0,7824645.0,True,e5226af776052bb5918ff15cd029a8eaeeaab43b3342154f824d1add8676c743,scl_255_quality_unknown
chimanimani_s2_1377.nc,s2_part01.tar.gz,6179424,207da292ea653cc0ad99a4e7230202bc650529ac10b8b4a6d3b70748237cc9e7,True,train,1111,1111,True,2019-03-15,EPSG:32736,487675.0,7824645.0,488955.0,7825925.0,True,75077f152542a8b9c3b8c9bc29323c099831bed26e4f7dda98b4805654c22124,scl_255_quality_unknown
chimanimani_s2_1378.nc,s2_part01.tar.gz,6176008,e5b63dee43ff166ce2a1e701eb4d8098138a344c15af29e2712161c9a6c39885,True,,,0,False,,EPSG:32736,487675.0,7825925.0,488955.0,7827205.0,True,f5df2b792c7f6cc96a09ae0dd50f3c318a78838d189deb688130c8047bd54a1f,event_date_absent;scl_255_quality_unknown
chimanimani_s2_1379.nc,s2_part01.tar.gz,6176008,81679dec7943e7f62cca815bce50e795e0011b3727e9cf5fa7f15cb6e3c3c11d,True,,,0,False,,EPSG:32736,487675.0,7827205.0,488955.0,7828485.0,True,6e0ada5028dd50b3e3c7d89efeccd4173bffa3ebd9a0985c262913b724d01e06,event_date_absent;scl_255_quality_unknown
chimanimani_s2_137.nc,s2_part01.tar.gz,6176008,ac63a6fe15b8cb722933bb2c5efee3b6f1aa9ee8ad4ba92406e0c218087835fa,True,,,0,False,,EPSG:32736,460795.0,7796485.0,462075.0,7797765.0,True,223b2d7391bbcf8514e1f6cf1e18af8c47327edcc3cd1832a1cdd1003d0bcdd4,event_date_absent;scl_255_quality_unknown
chimanimani_s2_1380.nc,s2_part01.tar.gz,6176108,290bbea4e85cbb41c7257155878ab332feef3867e390eff99b387eb609d320f6,True,train,116,116,True,2019-03-15,EPSG:32736,487675.0,7828485.0,488955.0,7829765.0,True,8d78b35905605d7beb1d802ad2770b581214b30617c29284ae61b2174372d300,scl_255_quality_unknown
chimanimani_s2_1382.nc,s2_part01.tar.gz,6176108,1131ab7d159dbdaa62a040cf0b4ded43a0760dc72f2bb560f8473bddeb051bc9,True,,,33,True,2019-03-15,EPSG:32736,487675.0,7831045.0,488955.0,7832325.0,True,57014aa7b27add2124df36e45b5ddae6eb9fcf79cbb5d2edee6eb471c1894593,scl_255_quality_unknown
chimanimani_s2_1384.nc,s2_part01.tar.gz,6176166,48838f0d50923beb707f2020b37e46cac969d6067f1e5ddcd7df1c1fa178dd92,True,train,52,52,True,2019-03-15,EPSG:32736,487675.0,7833605.0,488955.0,7834885.0,True,fd5fc38f0bf079ee05fcf54295b58e2e6c72523de7a468773cd0c32d164da14b,scl_255_quality_unknown
chimanimani_s2_1385.nc,s2_part01.tar.gz,6177830,607f7153fa3fc35046ef39a53d946eb1da625b5787225dac5d586feb133d177e,True,val,450,450,True,2019-03-15,EPSG:32736,487675.0,7834885.0,488955.0,7836165.0,True,b8765a102d7dc18bdfa56863439804430416f0be3b9d0cf0ac8de36b3acb99a7,scl_255_quality_unknown
chimanimani_s2_1386.nc,s2_part01.tar.gz,6176297,b1b019dce2d5dec7f72311ebb3a7fb5b619c2912610a32e6de235d3df958675c,True,train,178,178,True,2019-03-15,EPSG:32736,487675.0,7836165.0,488955.0,7837445.0,True,07d8eaa7fc50ffdc48d6a64e6387adcbfbf4fa26d36c9f0fb469a0740d291093,scl_255_quality_unknown
chimanimani_s2_1389.nc,s2_part01.tar.gz,6176008,e8de6fda52206c4bda9218bbd5a5844a3eee9f44568f9d127e6133bc87392f05,True,,,0,False,,EPSG:32736,487675.0,7840005.0,488955.0,7841285.0,True,eb0e57a3713159306312b93cc85b803564d97cadc17266c698fc975e778c8d82,event_date_absent;scl_255_quality_unknown
chimanimani_s2_138.nc,s2_part01.tar.gz,6176008,701494c9c0e1d8f7bb7a1275d2c68f29d4ad04003fceb917b72aa34c4fabe89d,True,,,0,False,,EPSG:32736,460795.0,7797765.0,462075.0,7799045.0,True,bfea1399106daf31f1ea4d12d096db154d2895b757da3ddfe87dec56cc730ed4,event_date_absent;scl_255_quality_unknown
chimanimani_s2_1390.nc,s2_part01.tar.gz,6176008,90b6972aef3176a862bd748ec79a1a9f882bb05b995a22d5aad3d3d369688b22,True,,,0,False,,EPSG:32736,487675.0,7841285.0,488955.0,7842565.0,True,6edec3af615973f18dd4825ed804e2f165b0cf8a469a0eca7427fff517883dc7,event_date_absent;scl_255_quality_unknown
chimanimani_s2_1393.nc,s2_part01.tar.gz,6176008,cde1fd03026d45e3b49798297e92cebcd83bb1cc62a48862e7f1389e58125a2d,True,,,0,False,,EPSG:32736,488955.0,7770885.0,490235.0,7772165.0,True,8308086100febe2f5e4cb4882156f8196a9eb22c353b9bcc97c091f4e950b673,event_date_absent;scl_255_quality_unknown
chimanimani_s2_1394.nc,s2_part01.tar.gz,6176008,4779a7039ae4ef4ffcca201d5dbe6cf5037ed23c0b843b01ebeed1fc03188e41,True,,,0,False,,EPSG:32736,488955.0,7772165.0,490235.0,7773445.0,True,635557f690ff6c6fec225fdb00eeaa940070e048efe93a81ca082012b16ebba9,event_date_absent;scl_255_quality_unknown
chimanimani_s2_1395.nc,s2_part01.tar.gz,6176008,e14a27cd1f3037259770afcef3a0180d58b1f94a9cbe0ccd1cce21d36725e73f,True,,,0,False,,EPSG:32736,488955.0,7773445.0,490235.0,7774725.0,True,0dc92ea943dd2877e28c47912c4c73b7e20cea1b2290895aa2f4917ab0883602,event_date_absent;scl_255_quality_unknown
chimanimani_s2_1399.nc,s2_part01.tar.gz,6176008,0f622c49bbe67283f25f4dd59e30bdf58e9b46eebd705ad708850bd883c902b6,True,,,0,False,,EPSG:32736,488955.0,7778565.0,490235.0,7779845.0,True,548f9744bdfc93c69427a80c8a31bbf30dc5173529122670d86b42002902b162,event_date_absent;scl_255_quality_unknown
chimanimani_s2_139.nc,s2_part01.tar.gz,6176008,0499568112cc766d0b5797dcfe1bdd1f1a87ecc21eddab0a2cb75227ba5f2686,True,,,0,False,,EPSG:32736,460795.0,7799045.0,462075.0,7800325.0,True,bee5bd85f22529bc4f1cf26347cddd86efe62423ffc4605b02249c5c562ebf9c,event_date_absent;scl_255_quality_unknown
chimanimani_s2_1400.nc,s2_part01.tar.gz,6176008,8236c4bd2d4d0a40058e4782be46e371e748385a3b8aa77d8c746d5227416606,True,,,0,False,,EPSG:32736,488955.0,7779845.0,490235.0,7781125.0,True,6b475ea514ffe382509515f5791feda8601bf9f048bbd56d54d21ecaa8e823de,event_date_absent;scl_255_quality_unknown
chimanimani_s2_1401.nc,s2_part01.tar.gz,6176008,bb11a94c67b95c851664e1efa67ba5c01c9fa3c5f766734c8e25d5cd7c4f3038,True,,,0,False,,EPSG:32736,488955.0,7781125.0,490235.0,7782405.0,True,890c8bb2cd59e08feb191e66b62254f18e25477d233a1028cab6135346ab7eed,event_date_absent;scl_255_quality_unknown
chimanimani_s2_1402.nc,s2_part01.tar.gz,6176008,598a38657bdc73ceacfaa4db90a925c2872df2f00b9b697e860b4f94546ab47b,True,,,0,False,,EPSG:32736,488955.0,7782405.0,490235.0,7783685.0,True,ab903a6f645a43d188210f01eaadd179692162ff4575525fc0dcb2e10809148e,event_date_absent;scl_255_quality_unknown
chimanimani_s2_1404.nc,s2_part01.tar.gz,6176008,533260e25e05e4e40f56b5460bd4ccd977dc38209d2d41f4b598eb781974de26,True,,,0,False,,EPSG:32736,488955.0,7784965.0,490235.0,7786245.0,True,ee7756f1c194204ca01e326a505a007b9c1c189a3a62c61ec0384cb6c8ddfe69,event_date_absent;scl_255_quality_unknown
chimanimani_s2_1405.nc,s2_part01.tar.gz,6176241,6f7fa6273b5b362abd65c964c0fcf26bdc1962017ce7135397e41938f128d8e5,True,test,137,137,True,2019-03-15,EPSG:32736,488955.0,7786245.0,490235.0,7787525.0,True,900b691293fd531bf23ea4a0f6dcc64f21028e23b3f2c4b150eee5b129dfe82a,scl_255_quality_unknown
chimanimani_s2_1406.nc,s2_part01.tar.gz,6177667,63632ac73814a45944fcf885061d375f8df3fb7b6275e37ee1515dab623bcf24,True,train,293,293,True,2019-03-15,EPSG:32736,488955.0,7787525.0,490235.0,7788805.0,True,630361aa6b005edacbc48e90f4989f02e22dc2215fd9e1b8c9ca208355fd8152,scl_255_quality_unknown
chimanimani_s2_1407.nc,s2_part01.tar.gz,6176325,b089783fb03c0bb4fe3c780ab1456265fa337e1075cf6f208dd40ed7d8458a30,True,train,84,84,True,2019-03-15,EPSG:32736,488955.0,7788805.0,490235.0,7790085.0,True,da76e968223a13167b47a7e8ef06b2367671b9b57ff98eef5644b622c8a87612,scl_255_quality_unknown
chimanimani_s2_1408.nc,s2_part01.tar.gz,6176184,9dc42f9f932b16355f2a30affa71371625fd5001535ea29ea88566bc3d3ffa0d,True,,,30,True,2019-03-15,EPSG:32736,488955.0,7790085.0,490235.0,7791365.0,True,d6135c469f1bb816f5a49fc8ca816cf839323bed39de3e8268ad39212cdaf0b8,scl_255_quality_unknown
chimanimani_s2_140.nc,s2_part01.tar.gz,6176008,3e53a555ef23823bc7564a7208cf0b8261cbdd2673c428e38055ddd9a098f0ec,True,,,0,False,,EPSG:32736,460795.0,7800325.0,462075.0,7801605.0,True,da62e9b2802d085d2244e3486adb4c7a11495c4e97aa8ea3a91661883398c633,event_date_absent;scl_255_quality_unknown
chimanimani_s2_1410.nc,s2_part01.tar.gz,6176008,8e404d7374d784a7546550783d1e16d5eace45f96dab68c326359b2cd8b52f34,True,,,0,False,,EPSG:32736,488955.0,7792645.0,490235.0,7793925.0,True,9b3f7026d818ee941f85e57da4cf693c6489567d14c81151cd113e8d1ba4e0b5,event_date_absent;scl_255_quality_unknown
chimanimani_s2_1412.nc,s2_part01.tar.gz,6176008,41777248e0c9445dd4716f5d19f91ce45f287347bb5e76fa78575d78bc839b39,True,,,0,False,,EPSG:32736,488955.0,7795205.0,490235.0,7796485.0,True,4805ac197f0b51cb24ebb4561982d80e3052a3a7fdb5eb43106eb1602026074a,event_date_absent;scl_255_quality_unknown
chimanimani_s2_1413.nc,s2_part01.tar.gz,6176008,6d333405326c6928d3f7170c0701116e14159805003dae3090c0b3354197eefb,True,,,0,False,,EPSG:32736,488955.0,7796485.0,490235.0,7797765.0,True,75419d147cab66a4a0b20c961743f4841a2bf3e35e38a54f850a0f0592769e3a,event_date_absent;scl_255_quality_unknown
chimanimani_s2_1414.nc,s2_part01.tar.gz,6176008,c62b9e1632a32d5b12ebfb5d4d4e9527974ed1f33aae0ddb73ef93220975e93a,True,,,0,False,,EPSG:32736,488955.0,7797765.0,490235.0,7799045.0,True,dfe18c66cf6e5bee9c3b0e47c60bc4ef33fc7d60152e10f4387f0bf930692ce1,event_date_absent;scl_255_quality_unknown
chimanimani_s2_1415.nc,s2_part01.tar.gz,6176008,10326596bc2f8580fba15ddbd2d1d5e37b7fbd281d4317266414d16ab3698ebe,True,,,0,False,,EPSG:32736,488955.0,7799045.0,490235.0,7800325.0,True,97b6884fbc9f6e8c08e1f740c21ad1f0162e11c255f73da9277a61449731fea8,event_date_absent;scl_255_quality_unknown
chimanimani_s2_1416.nc,s2_part01.tar.gz,6176346,4b536b56174870c846b6cdfa7c40341545545843becb1e9577e60e504e9c9709,True,train,122,122,True,2019-03-15,EPSG:32736,488955.0,7800325.0,490235.0,7801605.0,True,ff76f4f14b0623085f1b0394a056060fe73ec248e0ef449dbca4b8c70277b2db,scl_255_quality_unknown
chimanimani_s2_1417.nc,s2_part01.tar.gz,6177719,0920933c22be5452f2369658575b3fd6d4ebf0f622f6b8b0990d8851a4c69c82,True,train,424,424,True,2019-03-15,EPSG:32736,488955.0,7801605.0,490235.0,7802885.0,True,218479ad03b8ba6584dafab271c25c4185687d2a55a85a7ac8d5aa79e763801f,scl_255_quality_unknown
chimanimani_s2_1418.nc,s2_part01.tar.gz,6179584,a00f25c361e41c870cacd9515202c27530f85272339de38418b0f1eb31eb94b3,True,test,1299,1299,True,2019-03-15,EPSG:32736,488955.0,7802885.0,490235.0,7804165.0,True,afee1768f3b20bb7494e4c16bebd01c227a9158b92da9989272b026cb43301f8,scl_255_quality_unknown
chimanimani_s2_1419.nc,s2_part01.tar.gz,6176452,1a7be65d547fab6988caf25e8f3b814cbd16ae6c735ca945ea1567d017532979,True,test,356,356,True,2019-03-15,EPSG:32736,488955.0,7804165.0,490235.0,7805445.0,True,65f51c3aa7705b786bc307c52d3db9f43937a890038e53109fd51a0090bb6fdb,scl_255_quality_unknown
chimanimani_s2_141.nc,s2_part01.tar.gz,6176008,966b1f6a29f379182c08f9164b9db1e56ff0b106784d3b252c9840958dee9377,True,,,0,False,,EPSG:32736,460795.0,7801605.0,462075.0,7802885.0,True,004cf1e40aa33f2fd7dda9fbef8262769bf61477b901b7d7f71628e51a9a7134,event_date_absent;scl_255_quality_unknown
chimanimani_s2_1420.nc,s2_part01.tar.gz,6177850,d6f27322dfcbca8a62bbddc9305d0d5fd52d72f184b7aac842bc100a841ae639,True,train,1234,1234,True,2019-03-15,EPSG:32736,488955.0,7805445.0,490235.0,7806725.0,True,830db0a1cc0920a2c4322aa790911363bf121217c8b66e25bca35bac3cc61549,scl_255_quality_unknown
chimanimani_s2_1421.nc,s2_part01.tar.gz,6176442,2655bdffe974ac0efcb294d080f017ce7041366d42d66c07a6f5d4426ec55f96,True,train,906,906,True,2019-03-15,EPSG:32736,488955.0,7806725.0,490235.0,7808005.0,True,2291b6379d1570a970448fc293ac3ba731484fdb2c35e182d2f76957d064a355,scl_255_quality_unknown
chimanimani_s2_1422.nc,s2_part01.tar.gz,6176167,80ce8c3f73c1476fc330643cfcffd0a69cab5151e78b06ca9001d37ebbeb765d,True,train,155,155,True,2019-03-15,EPSG:32736,488955.0,7808005.0,490235.0,7809285.0,True,26936c33ebb60516e5c1ab9527b856c7071a229e28d4b68effd74502b885fe52,scl_255_quality_unknown
chimanimani_s2_1426.nc,s2_part01.tar.gz,6176175,b64aa0092bc2a925f9f5a39caf3276464f595eab80fdaba213dbf1dfaff9b5f4,True,val,174,174,True,2019-03-15,EPSG:32736,488955.0,7813125.0,490235.0,7814405.0,True,d0e41285c9ef8a50ac990a3deccba613de900e1d899656245d8220bb83a5b328,scl_255_quality_unknown
chimanimani_s2_1428.nc,s2_part01.tar.gz,6179379,a924422eac0447fb82016488924d3da67af659a3c1833b52b03a41ad3a2f8b6c,True,train,1357,1357,True,2019-03-15,EPSG:32736,488955.0,7815685.0,490235.0,7816965.0,True,c8a220b95d2507f879a24cebe95f97b988d9ce86dff4e891a23b1c59a29a6e18,scl_255_quality_unknown
chimanimani_s2_1429.nc,s2_part01.tar.gz,6176301,be3267fc750fbc77af8b4e292dac0c396c521a1aa91979a3d0a24c65155af431,True,train,122,122,True,2019-03-15,EPSG:32736,488955.0,7816965.0,490235.0,7818245.0,True,50fa0178f3976876bb412b20e1aa5c4b6215638caf9d381a8c989aa3bc4b74d2,scl_255_quality_unknown
chimanimani_s2_142.nc,s2_part01.tar.gz,6176008,fcc741c3c8d442e86618ab6d1e0a051392826fe2f69079fe2b94100163952968,True,,,0,False,,EPSG:32736,460795.0,7802885.0,462075.0,7804165.0,True,7a786bc96393b47d72fe943bd0e64ccd580eb0f11acfd3dbaa04542c2d62b27f,event_date_absent;scl_255_quality_unknown
chimanimani_s2_1432.nc,s2_part01.tar.gz,6176099,287ce110e410541ed5d49451ef60f12bd20baf291189930d863c3e9b950c5eb5,True,,,33,True,2019-03-15,EPSG:32736,488955.0,7820805.0,490235.0,7822085.0,True,19fad5b05429fd86517185b85fcbcdc52075eb39e1d47f18f9b00d07d2784f40,scl_255_quality_unknown
chimanimani_s2_1433.nc,s2_part01.tar.gz,6176008,d9a3e1fd0caaee10c00d7430dcda2b8b262c39da7f92a51d14f5bcffbb3e78f0,True,,,0,False,,EPSG:32736,488955.0,7822085.0,490235.0,7823365.0,True,81f12b2e8661d6ff4df56dc56d22a0c8ecbf747639e4ad6b507fce492963046d,event_date_absent;scl_255_quality_unknown
chimanimani_s2_1434.nc,s2_part01.tar.gz,6176101,1f90c2595e9e1ca02a5532d2f3b7f4778b396eed8a1b0288810cd90e97ffcc75,True,test,53,53,True,2019-03-15,EPSG:32736,488955.0,7823365.0,490235.0,7824645.0,True,6ce0335ca209db3273d7ec6ef394aab186b507ec7818fbb68db32bb35d1a2107,scl_255_quality_unknown
chimanimani_s2_1435.nc,s2_part01.tar.gz,6176457,749d69b8f7d9a0779e0c36545eb6c78abecfdfb3907dc0d7f0390ed02b234ef7,True,train,346,346,True,2019-03-15,EPSG:32736,488955.0,7824645.0,490235.0,7825925.0,True,6c000ed37c7962460d5d7e72c3b497370b384b2523fc782f7944a300b469c9a8,scl_255_quality_unknown
chimanimani_s2_1436.nc,s2_part01.tar.gz,6176008,2faac977b0a8bf661beb0ad5d224e0263960ce8bb2c279980e2d24026fb1b212,True,,,0,False,,EPSG:32736,488955.0,7825925.0,490235.0,7827205.0,True,35d8d610163dda2fc0ee43c488fe3a480ebcb0b8b75c92980cd90813d32d2be8,event_date_absent;scl_255_quality_unknown
chimanimani_s2_1437.nc,s2_part01.tar.gz,6176008,a0922e86de4046fc8b356682c40e88ea9b62b6b49577d3be50bd1c23226f2816,True,,,0,False,,EPSG:32736,488955.0,7827205.0,490235.0,7828485.0,True,fb700cf379185830c54eabc05561845afe69e58a28019012cef51228307e0062,event_date_absent;scl_255_quality_unknown
chimanimani_s2_1438.nc,s2_part01.tar.gz,6177631,3e00df0df59907db667edd963d1322253d5a2c3cf5f68a32011c7d8b0ed7ba08,True,test,398,398,True,2019-03-15,EPSG:32736,488955.0,7828485.0,490235.0,7829765.0,True,44098fde2fce4b819fcffa202facabf55d4e68e70cb1c3f6db634989aff29afc,scl_255_quality_unknown
chimanimani_s2_1439.nc,s2_part01.tar.gz,6177651,bc04b25bad29ad0fa5d66d90174c1590fb2af5f00f0ec6f6d889462e3eb0f070,True,train,525,525,True,2019-03-15,EPSG:32736,488955.0,7829765.0,490235.0,7831045.0,True,4554479cd4c26f33c96ad370685463bf4b2e0058991fd982084a04e5e867f94b,scl_255_quality_unknown
chimanimani_s2_143.nc,s2_part01.tar.gz,6176008,d8503cf4c41c9079e1ef1bb4b2bfcd26ef3ac60f47cb1ce6969d78b6238c8973,True,,,0,False,,EPSG:32736,460795.0,7804165.0,462075.0,7805445.0,True,27a29028ff47976ca13260689ca81cf0334f1129135663f046db8396782898de,event_date_absent;scl_255_quality_unknown
chimanimani_s2_1440.nc,s2_part01.tar.gz,6177928,1f54ee54d50d46a984fb94dbfeca53b8153077ce514790ea9756167cd95b72bc,True,val,487,487,True,2019-03-15,EPSG:32736,488955.0,7831045.0,490235.0,7832325.0,True,d9a8da171432b5c5fd4dec920e6523987e5604e6808d3927ed61c10279d81e45,scl_255_quality_unknown
chimanimani_s2_1441.nc,s2_part01.tar.gz,6176468,4cae951ea9770956363b9c5d76c49f721abb03bc49c77d98ea1057da8c4458de,True,train,333,333,True,2019-03-15,EPSG:32736,488955.0,7832325.0,490235.0,7833605.0,True,e0769080eb46f772ef6d2de84a12a30475be5ef3a49dd06fbf104ed40646e2be,scl_255_quality_unknown
chimanimani_s2_1442.nc,s2_part01.tar.gz,6176008,50970d432369dacb38d07460f10fc458c01972e718acda37cd0add9d565b2e7a,True,,,0,False,,EPSG:32736,488955.0,7833605.0,490235.0,7834885.0,True,787dc02dabdad290f6a26e8076190a435234874a4fa17be656391fd86be048d2,event_date_absent;scl_255_quality_unknown
chimanimani_s2_1443.nc,s2_part01.tar.gz,6176241,0492bcdb423942670d8c4d869e00f1803bdd45ac93b1e22036bd42da79529e99,True,test,168,168,True,2019-03-15,EPSG:32736,488955.0,7834885.0,490235.0,7836165.0,True,d08a3392361247d7c848c3deefd1c690c854d384fdef7743f242e16de9cd986d,scl_255_quality_unknown
chimanimani_s2_1444.nc,s2_part01.tar.gz,6176091,57414074659cb2abeb6762e30277cab9f2b0afec03b5691c8cf5064b6a5b2c5c,True,,,34,True,2019-03-15,EPSG:32736,488955.0,7836165.0,490235.0,7837445.0,True,4d3a62b6d97274b3584fa4b35772fe94dec4de4ce8256d2019be6ec9cff3a156,scl_255_quality_unknown
chimanimani_s2_1445.nc,s2_part01.tar.gz,6176008,548370f93bf7992dd87dfa9bb065beb92c5a242bc8d783e851afd7aabaf9032e,True,,,0,False,,EPSG:32736,488955.0,7837445.0,490235.0,7838725.0,True,f8338d6f49a52e1fd687f7d00396cd6f861221c049860ee8638ffa6a793fc987,event_date_absent;scl_255_quality_unknown
chimanimani_s2_1446.nc,s2_part01.tar.gz,6176008,6fefd531c800a25a370166fb0f88355eb98dab6498f9afd0071051f95e6e8b0e,True,,,0,False,,EPSG:32736,488955.0,7838725.0,490235.0,7840005.0,True,066fa622e016d464f366621a03b30b8f553197a3fe297c79091d01f487bcaf04,event_date_absent;scl_255_quality_unknown
chimanimani_s2_1447.nc,s2_part01.tar.gz,6176008,044ebc485f0a44516d33df7380d8597637ea23dff26bfa0e76969c1557372e3b,True,,,0,False,,EPSG:32736,488955.0,7840005.0,490235.0,7841285.0,True,8068839b508404f73f80ad3862fdeeca0cbd837fb33a492cd02a63622af54441,event_date_absent;scl_255_quality_unknown
chimanimani_s2_1448.nc,s2_part01.tar.gz,6176008,cc831736ae554b5ec93a10303a94ff47607a82e6c78815e1d366f46dbf72b96b,True,,,0,False,,EPSG:32736,488955.0,7841285.0,490235.0,7842565.0,True,28952d9e2f350efefbef35127bce3fa211c864be7408dfa19d130b5f0a95c9bf,event_date_absent;scl_255_quality_unknown
chimanimani_s2_1453.nc,s2_part01.tar.gz,6176008,6c98f6954b1373a303ef86d845778c58c25536ab9b2fc8714b6ce2a36180c947,True,,,0,False,,EPSG:32736,490235.0,7773445.0,491515.0,7774725.0,True,7b71c21f17449b8ff68e832277ff2790e9fc8de99574d00c8a328ab6bb955a8f,event_date_absent;scl_255_quality_unknown
chimanimani_s2_1454.nc,s2_part01.tar.gz,6176008,21a4fdf13e768aaacd1c9513afb3bc77b4ffbc1f4df2820aa1f7ea283f89d710,True,,,0,False,,EPSG:32736,490235.0,7774725.0,491515.0,7776005.0,True,57e457ee48b8ecac3b4fc6ed90abd709dc052a8653f3d16a717842b0404b219d,event_date_absent;scl_255_quality_unknown
chimanimani_s2_1457.nc,s2_part01.tar.gz,6176008,fbdd3eb2760c729470cf121ef6bd515de568e027725bea43288493f1813a2bf8,True,,,0,False,,EPSG:32736,490235.0,7778565.0,491515.0,7779845.0,True,602c4d5b82dca9c98164d60e2ce6d87827a1b40035141e81ff4ac6917ea769ee,event_date_absent;scl_255_quality_unknown
chimanimani_s2_1463.nc,s2_part01.tar.gz,6176008,e05a9576aa786a326dd87f61faa53a83129110b8b69cd0eabf11f074791ee4ac,True,,,0,False,,EPSG:32736,490235.0,7786245.0,491515.0,7787525.0,True,e342f1bf7603f598ed4c1e36e81394e13142628f530a0fd678b9a0c593d9535e,event_date_absent;scl_255_quality_unknown
chimanimani_s2_1464.nc,s2_part01.tar.gz,6176241,ff128fb515dce5374e6fc2b7dece00a274dc956074dbb89a21da652bbe597a82,True,train,129,129,True,2019-03-15,EPSG:32736,490235.0,7787525.0,491515.0,7788805.0,True,01c10a6e87a0c506917f8e8b91463deed4b4adef6674ca3f578739309a31cc8b,scl_255_quality_unknown
chimanimani_s2_1465.nc,s2_part01.tar.gz,6178043,fb3732a9cc9708b0eba4c2cd40ac78eec5b309b59cb7b89eeeef275b96e87555,True,test,400,400,True,2019-03-15,EPSG:32736,490235.0,7788805.0,491515.0,7790085.0,True,c13e207683fe9bdc83201b7fda2e7bc82b9051795ff6b8fa5003711eddb60fe9,scl_255_quality_unknown
chimanimani_s2_1466.nc,s2_part01.tar.gz,6179483,8f237bb02fca758305e5468a2910768933f002fed858b447b88c504f6dc5e55f,True,val,958,958,True,2019-03-15,EPSG:32736,490235.0,7790085.0,491515.0,7791365.0,True,49b79aa82a99882560dee81b925859368b136c8edd7c8ae4c9e912bb6f5a5538,scl_255_quality_unknown
chimanimani_s2_1467.nc,s2_part01.tar.gz,6177678,d2c2c711be2fc54083b28ac31ed09abec74262d057ba6cf6175bcd729bf76acb,True,train,250,250,True,2019-03-15,EPSG:32736,490235.0,7791365.0,491515.0,7792645.0,True,644276b468be660cf544ab703a4a9179de24cd2833bb6a27cccc23c563a4c777,scl_255_quality_unknown
chimanimani_s2_1468.nc,s2_part01.tar.gz,6176008,1fc08f00852a746121173f43ab25fa07c8885429eeeb11b76d1e0580b17d9fcc,True,,,0,False,,EPSG:32736,490235.0,7792645.0,491515.0,7793925.0,True,5f3c024db7f80335191f085bd955c3fd68282ccc674b955a83210890dea6705f,event_date_absent;scl_255_quality_unknown
chimanimani_s2_1469.nc,s2_part01.tar.gz,6176008,bb40c8c9d87ac596c59b5d49d6b653fc08653695ea1a01a6b257e4309aec0db7,True,,,0,False,,EPSG:32736,490235.0,7793925.0,491515.0,7795205.0,True,4865dbd30a78b5318149e638569963b7d295fdef656d9d038ca0db0712b7dca3,event_date_absent;scl_255_quality_unknown
chimanimani_s2_146.nc,s2_part01.tar.gz,6176008,2915a8aba03c06d75c9dbd2f915f1c9462c0b950ab4824df9f13f81f42fe7ff9,True,,,0,False,,EPSG:32736,460795.0,7808005.0,462075.0,7809285.0,True,afb9982b08042e144ffc0c476dc26ebfb3512b59cd068c23e4a18fff38fff679,event_date_absent;scl_255_quality_unknown
chimanimani_s2_1470.nc,s2_part01.tar.gz,6176101,6982139dfa443a54e90ae2b289bc0fb657c475f83bfd4199e406688a151c1f52,True,train,57,57,True,2019-03-15,EPSG:32736,490235.0,7795205.0,491515.0,7796485.0,True,3ef1fa264fce85ab538a8c640242a0f0784a15f8da8e935b823a6616fc28b6de,scl_255_quality_unknown
chimanimani_s2_1471.nc,s2_part01.tar.gz,6176008,c063e550bbbd00614961a7a2ca8832146bc09905649e87e704d9a46259365f4b,True,,,0,False,,EPSG:32736,490235.0,7796485.0,491515.0,7797765.0,True,c87540990fd6943af78584908d04b3ca71ba47fce19166b3baf639ff31b0fe96,event_date_absent;scl_255_quality_unknown
chimanimani_s2_1472.nc,s2_part01.tar.gz,6176199,1850b374f486ab8b3e7ab6188411b5ebfc51b7896e02ecae1bd8d838fe7b4551,True,train,57,57,True,2019-03-15,EPSG:32736,490235.0,7797765.0,491515.0,7799045.0,True,41decf536d3fcdc9c80b8b677d3b912dfca68d27f658e759e80199c497ba21b2,scl_255_quality_unknown
chimanimani_s2_1473.nc,s2_part01.tar.gz,6176008,16ec751bd62b4afe591ee4017257a7b2d5a2364d6e2f415942fdd6926c8c7de2,True,,,0,False,,EPSG:32736,490235.0,7799045.0,491515.0,7800325.0,True,50fc823622eec4e4bba1e972b8104bb6665bffe3a8e2805731faefb3fb582f95,event_date_absent;scl_255_quality_unknown
chimanimani_s2_1474.nc,s2_part01.tar.gz,6176330,517289b75a7fd8a2c778683f2c0d7ba56e522dbbd35f9c93631914fb3a636414,True,train,103,103,True,2019-03-15,EPSG:32736,490235.0,7800325.0,491515.0,7801605.0,True,c64880231d975c2891ac41567f93e0953c5cb405305f2122aff831814da52c8b,scl_255_quality_unknown
chimanimani_s2_1475.nc,s2_part01.tar.gz,6179659,0c8ec2111dc1a54d2bae98b39b21bf985f7eb67119a76ee0561801c96c8f51c7,True,train,1591,1591,True,2019-03-15,EPSG:32736,490235.0,7801605.0,491515.0,7802885.0,True,36e520fe172366aad631fc79eee17182978f053c7d6fbb18f98ada44841871b7,scl_255_quality_unknown
chimanimani_s2_1476.nc,s2_part01.tar.gz,6179487,2f2d7e40a731ad4012fd5ff51e2c6a841eff4803aa06f405fc0683e51079a94a,True,train,1185,1185,True,2019-03-15,EPSG:32736,490235.0,7802885.0,491515.0,7804165.0,True,6a29270f6ba55beec39fa728f54eae80308871c0a7ab8b540b0a8eaa9aa1d523,scl_255_quality_unknown
chimanimani_s2_1477.nc,s2_part01.tar.gz,6179665,4357cfb194c967688afac6a22c077feb2db24cc17488986022cff1c532666059,True,test,1128,1128,True,2019-03-15,EPSG:32736,490235.0,7804165.0,491515.0,7805445.0,True,aceaa308fc8107339071f7e399f4edbeca3994ec886b21e7a1c0a5f4f7d56f50,scl_255_quality_unknown
chimanimani_s2_1478.nc,s2_part01.tar.gz,6179269,7e8d96d603d0be84f00ec8f7162798004601e43f212f4bae3b4fbecccddbee41,True,train,1508,1508,True,2019-03-15,EPSG:32736,490235.0,7805445.0,491515.0,7806725.0,True,ef3c78d206638600b3c13156597473043b08b440fd56c5eb41b42c944c7516d2,scl_255_quality_unknown
chimanimani_s2_1479.nc,s2_part01.tar.gz,6179703,68a91d628dae321af872a8254a5810492f4b1663a56581ff0869dbda78b74fab,True,train,2546,2546,True,2019-03-15,EPSG:32736,490235.0,7806725.0,491515.0,7808005.0,True,cc97f945dfd7c2b08f49fbc41a379ca3e01b9984faca491d248d5283bba31d02,scl_255_quality_unknown
chimanimani_s2_1480.nc,s2_part01.tar.gz,6177628,4d2e69b3ea7807db6b434011b068ae639d95701f4135d2935d5d8ec883c6107c,True,train,941,941,True,2019-03-15,EPSG:32736,490235.0,7808005.0,491515.0,7809285.0,True,44cfd040832266fc9a5741467e20ffd5d8ea97818550cbfe6b438d3f40245825,scl_255_quality_unknown
chimanimani_s2_1481.nc,s2_part01.tar.gz,6176008,cc6a54a77d2e9e7519d329674905350174ad61e560cd5097c10deb6e765427c9,True,,,0,False,,EPSG:32736,490235.0,7809285.0,491515.0,7810565.0,True,2fca44e9e1ed4b5000983f0cd94ffd167a7c81677061388fc2c273dfbd235208,event_date_absent;scl_255_quality_unknown
chimanimani_s2_1484.nc,s2_part01.tar.gz,6176304,6d83ed7ad8e0bcd8a39693e869870927afe4dd6700643b71e15d6bb0c45a8940,True,train,420,420,True,2019-03-15,EPSG:32736,490235.0,7813125.0,491515.0,7814405.0,True,6044991d498edd416f2dc095b7dd5402cdb0efe7c931bab5e8f0164cc351091c,scl_255_quality_unknown
chimanimani_s2_1485.nc,s2_part01.tar.gz,6176316,4dff3a10e7b8117c4494a35676489f2f3796db74485e59fc1e28e5b672b412b7,True,train,60,60,True,2019-03-15,EPSG:32736,490235.0,7814405.0,491515.0,7815685.0,True,f3f53fb871be82436212b59c754f2c8f469c5a099d6eecf00a5329f7d7aba029,scl_255_quality_unknown
chimanimani_s2_1486.nc,s2_part01.tar.gz,6177784,9b6fe00a7b8a605692e794d8ccbf9685e08a66f2c853612ade00b1923140981d,True,val,427,427,True,2019-03-15,EPSG:32736,490235.0,7815685.0,491515.0,7816965.0,True,1fd7f58d3019b794dd0f6d817b52fdfb2dd32e5b5ac7e6187832a24371ed15ee,scl_255_quality_unknown
chimanimani_s2_1487.nc,s2_part01.tar.gz,6177806,0d6134584f8ecdabc5e81e4d88fbb4dd8a70084b0b6e38c64fc6860fb09cd63b,True,train,1181,1181,True,2019-03-15,EPSG:32736,490235.0,7816965.0,491515.0,7818245.0,True,cb7dc8008496089b88cf810406db3486b6848059665a8f3d53bc84a616134d91,scl_255_quality_unknown
chimanimani_s2_1488.nc,s2_part01.tar.gz,6176375,bda484a5574afbeb8881401defbed14fcac66b0bb6c037bde6e0ee02bbf5dcfe,True,train,137,137,True,2019-03-15,EPSG:32736,490235.0,7818245.0,491515.0,7819525.0,True,ef6cd18ab09ed8ba82367ea34b2b5bbfb9663da663e76f35809416bcbf01b88d,scl_255_quality_unknown
chimanimani_s2_1489.nc,s2_part01.tar.gz,6176522,b5ddad2dc47cc9ed6c2f2f4809007e4a0be63dfd672fe2091b6d8780d6153f4f,True,train,464,464,True,2019-03-15,EPSG:32736,490235.0,7819525.0,491515.0,7820805.0,True,0a7bba66f38d1f5fe5e1643ec78b6b77714d9320abf393d5643852a6caa3ea11,scl_255_quality_unknown
chimanimani_s2_148.nc,s2_part01.tar.gz,6176008,333858cbc6f6b04d5f818303ad99d7e2e9d80bd2993d6d921973537111f24ad8,True,,,0,False,,EPSG:32736,460795.0,7810565.0,462075.0,7811845.0,True,5060ca738a131fd70075d1e7d6a2692626c56a4b70c3d43e32f6261d8e3b8560,event_date_absent;scl_255_quality_unknown
chimanimani_s2_1490.nc,s2_part01.tar.gz,6176173,c98982b59ca977fb98c2dda5c8aea37fcc7b64bf6d4dad22218b5483ed763e4f,True,train,478,478,True,2019-03-15,EPSG:32736,490235.0,7820805.0,491515.0,7822085.0,True,1d28a6abee06affbe79762d326165ca31db86f0871e43daff3a539fec66ea395,scl_255_quality_unknown
chimanimani_s2_1491.nc,s2_part01.tar.gz,6176224,511ac91b443708b53a4e230b135de7854152756043fe011ce972e675ab5aba38,True,train,139,139,True,2019-03-15,EPSG:32736,490235.0,7822085.0,491515.0,7823365.0,True,fa6b7f00c5244d9bbbdd9faac8de1b1de407198a06fb644303653e7245e503c4,scl_255_quality_unknown
chimanimani_s2_1492.nc,s2_part01.tar.gz,6179501,fb8527a1b3cbe53ee1f4aa5562c2ff5e18cd93b47f21964a7f5664f5b1091585,True,train,895,895,True,2019-03-15,EPSG:32736,490235.0,7823365.0,491515.0,7824645.0,True,974af7d580be69e8efbdb734eea55f9a190c3d5cabc3a5896d46c0a6f8095a3b,scl_255_quality_unknown
chimanimani_s2_1493.nc,s2_part01.tar.gz,6178051,38f714aecb22401002daf33829ed37e8091b605a1ecf1cd6133198b06af8167b,True,train,651,651,True,2019-03-15,EPSG:32736,490235.0,7824645.0,491515.0,7825925.0,True,e8cf6cab3b6a6f5d1dbad4bfbc3c43e8a583b2fbac054a49c3522f00e58ab2a7,scl_255_quality_unknown
chimanimani_s2_1494.nc,s2_part01.tar.gz,6176303,1c7c0c05b8945dd665ee2dd3e608340586aa239d680854fba25c8a409fe3961b,True,train,114,114,True,2019-03-15,EPSG:32736,490235.0,7825925.0,491515.0,7827205.0,True,c72140aa60fdd2fb903dcff7e59db44eeee980d6246ce331942fb2f0cc79691d,scl_255_quality_unknown
chimanimani_s2_1495.nc,s2_part01.tar.gz,6176321,dd5cfeac08ce8a84ce4aaeaa39444496962f63e2e2af8929e170b193120c9a07,True,train,182,182,True,2019-03-15,EPSG:32736,490235.0,7827205.0,491515.0,7828485.0,True,493220740038ec80e825884f27040cacfd4a6fe6e96134a7dfabcf6454688dff,scl_255_quality_unknown
chimanimani_s2_1496.nc,s2_part01.tar.gz,6179435,2b79dbd9a3954108807207a2354e456b7212a7011169f6a6dcb0ad439850dbcc,True,train,844,844,True,2019-03-15,EPSG:32736,490235.0,7828485.0,491515.0,7829765.0,True,7fa12f1460941b21ab89057b45d01ac550d9dc00d2084e5eca9dcb0c4a3cc75d,scl_255_quality_unknown
chimanimani_s2_1497.nc,s2_part01.tar.gz,6176527,d54cb1ff22e296246206b914f0ccc5303ead0bfe02b9e992874e132e82cf1e31,True,val,443,443,True,2019-03-15,EPSG:32736,490235.0,7829765.0,491515.0,7831045.0,True,9f7d2ad02be230614b1c061636775350364aebbf023bd2a104eb053300581fe8,scl_255_quality_unknown
chimanimani_s2_1498.nc,s2_part01.tar.gz,6177915,ee4747aa3e68714a707bb142c254d16815eb7acee50371d7caa1aec1d9df3682,True,test,955,955,True,2019-03-15,EPSG:32736,490235.0,7831045.0,491515.0,7832325.0,True,93e9941b2d4ae2b6eb63f8fe084754eaeeb43ec3a36e6e6fef32aecf57073ce8,scl_255_quality_unknown
chimanimani_s2_1499.nc,s2_part01.tar.gz,6176166,ab4613425b0227c90533c856eb813f40bbd1f5336604270bb0f76ad98865bfd2,True,train,53,53,True,2019-03-15,EPSG:32736,490235.0,7832325.0,491515.0,7833605.0,True,bc749eab87920b4a3915103ec86881e4f4029efc01b5e6d816dfdf8c53e6da53,scl_255_quality_unknown
chimanimani_s2_149.nc,s2_part01.tar.gz,6176008,edb69fd800079b06e8ff0c924b455775f06e5262822f7151543bb8c576b6a621,True,,,0,False,,EPSG:32736,460795.0,7811845.0,462075.0,7813125.0,True,ffac81b21ff7d7fcb9c55162f9902c207e9da75fe7ee19b8ee20532d1eb0278d,event_date_absent;scl_255_quality_unknown
chimanimani_s2_1500.nc,s2_part01.tar.gz,6176008,a71d02ac5cbe482999a39d0d8447fa8aa2663e0a5209bcc799ec338e72c7ca11,True,,,0,False,,EPSG:32736,490235.0,7833605.0,491515.0,7834885.0,True,2fbf5ffae798d51014e6c9e71f8ea81b424aca25e837f936fe9c3ab7d18bc114,event_date_absent;scl_255_quality_unknown
chimanimani_s2_1504.nc,s2_part01.tar.gz,6176008,847136dd29968f61952eb014bb6aa6572e1f02f10bf9495c59d874800d6a6ab7,True,,,0,False,,EPSG:32736,490235.0,7838725.0,491515.0,7840005.0,True,a214d0ad33acf0bb0c23189f52bd52a1df51ff8782d3f6145e9806383ce61991,event_date_absent;scl_255_quality_unknown
chimanimani_s2_1505.nc,s2_part01.tar.gz,6176008,389d743bd5067da9bed6c094ace2c6957ceabbef026fd1451472c49dfcae7dcc,True,,,0,False,,EPSG:32736,490235.0,7840005.0,491515.0,7841285.0,True,ff48aadc36d471caef2bc144cfb489b05c436bf7b84c50ebb4be2d2072179f21,event_date_absent;scl_255_quality_unknown
chimanimani_s2_1506.nc,s2_part01.tar.gz,6176008,b6fcc66422f0114e6801e8824055e3f85d5441754be74cb0d74b96eed6e4fce6,True,,,0,False,,EPSG:32736,490235.0,7841285.0,491515.0,7842565.0,True,a99d0cd15ecd4418e7fbc1414fc371c866c2fed48561ad8522ccea23549631a1,event_date_absent;scl_255_quality_unknown
chimanimani_s2_150.nc,s2_part01.tar.gz,6176008,9d223ced5cb04c5df8c419f1b02e7b525c85895ecc7bb080f9c2fbf4a999d6f6,True,,,0,False,,EPSG:32736,460795.0,7813125.0,462075.0,7814405.0,True,9f90a9e46f72ec6ef2596e25d939ac13f87480836eb8abfc0a7cc458df978c2c,event_date_absent;scl_255_quality_unknown
chimanimani_s2_1512.nc,s2_part01.tar.gz,6176008,2c15ba7d79a2d2d610fe4b6b894e1f979e1503561f9b543dd6153d39c1688fde,True,,,0,False,,EPSG:32736,491515.0,7774725.0,492795.0,7776005.0,True,54f04eff3b497c222bebf8a07706f2050ed382c2ceb26c3f168de536a159523f,event_date_absent;scl_255_quality_unknown
chimanimani_s2_1513.nc,s2_part01.tar.gz,6176008,3bbd7574e62bba6a9bba2305cf0f5e78c3a4831c841356cbe06b08e07e06def8,True,,,0,False,,EPSG:32736,491515.0,7776005.0,492795.0,7777285.0,True,ff8c75d20a7106b8d78ca6d995d839df6b8b8fe0ffbe32e89e58f7cb0e49611f,event_date_absent;scl_255_quality_unknown
chimanimani_s2_1516.nc,s2_part01.tar.gz,6176008,0a11b1142452a240a96b871ca69fc4afb68aa96389005bb5c434fc8053944262,True,,,0,False,,EPSG:32736,491515.0,7779845.0,492795.0,7781125.0,True,e8f8b521c79012d4311b8b9e7e314199f99cc8bcd0d9dda372c9dd4f80f8471a,event_date_absent;scl_255_quality_unknown
chimanimani_s2_1519.nc,s2_part01.tar.gz,6176008,a0346f78e5c3f7483a2ae256558fc60ee0e808e6bb3e2910d5cd4293611a613e,True,,,0,False,,EPSG:32736,491515.0,7783685.0,492795.0,7784965.0,True,02bb20947141feb266f2ab0496c80be37c4b0c6050a1e569f695aa8e35f04a9e,event_date_absent;scl_255_quality_unknown
chimanimani_s2_151.nc,s2_part01.tar.gz,6176008,3165709672b4817a2d2ca6c983999c00c50f1c31f50e329762a75eae77f16750,True,,,0,False,,EPSG:32736,460795.0,7814405.0,462075.0,7815685.0,True,3a46505c50da71d6971b127c6b7f5d5df6b2ce3fbe3ad1d6dd4247967a963943,event_date_absent;scl_255_quality_unknown
chimanimani_s2_1520.nc,s2_part01.tar.gz,6176008,033d3996040b95cb9bb2d944d210955d4ff4d8138f5945304c3776ca737c9569,True,,,0,False,,EPSG:32736,491515.0,7784965.0,492795.0,7786245.0,True,cef0603547a25078edd120d8e83600965db73889f95232d190ddbc4616366147,event_date_absent;scl_255_quality_unknown
chimanimani_s2_1521.nc,s2_part01.tar.gz,6176008,4a29c74489de7db6d7b953c08702f928e76f7ff1abdbde1bf304e075a62ac1ee,True,,,0,False,,EPSG:32736,491515.0,7786245.0,492795.0,7787525.0,True,97c63adf83c6c29a72e348cbe9a91c97d1d82f6b9e54221eea3b7abfa2d57930,event_date_absent;scl_255_quality_unknown
chimanimani_s2_1523.nc,s2_part01.tar.gz,6176242,a64501e190c572dc044bc086c96651834d80b0302d4a913e2b9aecc335f64976,True,train,143,143,True,2019-03-15,EPSG:32736,491515.0,7788805.0,492795.0,7790085.0,True,d40305e272b0206e5fba3304306602b4bcf7a6f977d60a8352e999eabb80b6d9,scl_255_quality_unknown
chimanimani_s2_1524.nc,s2_part01.tar.gz,6177883,50dd5b03702fe0f06ffc3b8a090fdda9cebfec4017574967af5d1aa772be19d1,True,train,395,395,True,2019-03-15,EPSG:32736,491515.0,7790085.0,492795.0,7791365.0,True,bdcb26c4dc0956da83e88961188d8e7c3a5182b5055af473ba5fddeea1ec003b,scl_255_quality_unknown
chimanimani_s2_1525.nc,s2_part01.tar.gz,6176008,c28c35a364045fa9fdc16f86713b03276d0d1a255de9de09eddf2f3cc08aef4f,True,,,0,False,,EPSG:32736,491515.0,7791365.0,492795.0,7792645.0,True,bf85a750f8e435bbe9068438c8b10c4124136fb912afe338b74485a28a0c7b46,event_date_absent;scl_255_quality_unknown
chimanimani_s2_1527.nc,s2_part01.tar.gz,6176008,c3940171cdd51e286fbdae7ac7702e564848580549d19272d513a0d33273976f,True,,,0,False,,EPSG:32736,491515.0,7793925.0,492795.0,7795205.0,True,b314ed4ebb259360b80e64128ee290e5f372e52937878a8b4112345329454fd3,event_date_absent;scl_255_quality_unknown
chimanimani_s2_1529.nc,s2_part01.tar.gz,6176008,b68b24d5aa9feb73557cccdd37b31bf3a5d4b007834a68a26e08b0d06900eedf,True,,,0,False,,EPSG:32736,491515.0,7796485.0,492795.0,7797765.0,True,f25b6aca85c30135e370f5cf833cfd2231b6044c090602375f2dab60288fccbf,event_date_absent;scl_255_quality_unknown
chimanimani_s2_1532.nc,s2_part01.tar.gz,6176514,6fb42d5d0f0b718d9044054471d97ba64bd11743edc6700b5bdf18b0f1211898,True,val,514,514,True,2019-03-15,EPSG:32736,491515.0,7800325.0,492795.0,7801605.0,True,c40229d6ecd7a5da764ab92dbb0e8654228e6813a3ee48ca71c9f31b71683bfd,scl_255_quality_unknown
chimanimani_s2_1534.nc,s2_part01.tar.gz,6176008,c81e3a8f7d886636fb06c0f6d61dff4d4c602be44fa41ca791c80a016e809dfc,True,,,0,False,,EPSG:32736,491515.0,7802885.0,492795.0,7804165.0,True,c397935ce1e71b97cfaccd368a1bebef933a8d5de4c8669fd3c59a7e2821c85d,event_date_absent;scl_255_quality_unknown
chimanimani_s2_1535.nc,s2_part01.tar.gz,6177797,fef704e28d0830d4753533482cf19da75c81673b0ed12e63e40b0c5b7d3a9f80,True,test,841,841,True,2019-03-15,EPSG:32736,491515.0,7804165.0,492795.0,7805445.0,True,ebc1f81662c4f113c0e40d602a68c31eca031198359741ffbe837a66422c0ec2,scl_255_quality_unknown
chimanimani_s2_1536.nc,s2_part01.tar.gz,6179459,c40a6bc2e70748b6ded4208aa5567555ef739edc3ea8df3556ddc7a50887c5b3,True,train,1672,1672,True,2019-03-15,EPSG:32736,491515.0,7805445.0,492795.0,7806725.0,True,01fc56d2baed43beaa81d70b767d8cdc2f1d78934d8317473217a42e800ec197,scl_255_quality_unknown
chimanimani_s2_1537.nc,s2_part01.tar.gz,6180023,7b9be3306be5ff0f94290876a81a3ae154a0fc62b848fbb1193114ca78907bc1,True,val,1747,1747,True,2019-03-15,EPSG:32736,491515.0,7806725.0,492795.0,7808005.0,True,9c87ff74a9d9d1e4facfdc246c48ec218bb49a2bfdf12076e601e02faa4b81a5,scl_255_quality_unknown
chimanimani_s2_1538.nc,s2_part01.tar.gz,6179653,cd30bbdb1374852691fccaae5d78a8efe27085bf991f07d72b3450b4f5eee14c,True,train,2819,2819,True,2019-03-15,EPSG:32736,491515.0,7808005.0,492795.0,7809285.0,True,d5fde5a40553eaf9388829d2519f5cfb4ef6881d8b6bd67e900417512cd54af8,scl_255_quality_unknown
chimanimani_s2_1539.nc,s2_part01.tar.gz,6178135,5e20772f16caf6c53fd98ae6b79f4a75287cc6bce358d9e90f44e41167b39f9b,True,train,883,883,True,2019-03-15,EPSG:32736,491515.0,7809285.0,492795.0,7810565.0,True,1f5eac776d17e0fbfa7322f30cffcc93b485b9901246ed74ce1ef789741c2a2b,scl_255_quality_unknown
chimanimani_s2_153.nc,s2_part01.tar.gz,6176008,6c89ba862e0ac7441e8415c66e19b5ca68c5c30d0f7435af4d0d21bc3c7e185b,True,,,0,False,,EPSG:32736,460795.0,7816965.0,462075.0,7818245.0,True,659e931568b10fd598dd2fb056b06463fef0f307a9e282be1700a1b6b5e4c31d,event_date_absent;scl_255_quality_unknown
chimanimani_s2_1540.nc,s2_part01.tar.gz,6176100,5c849309cc87dedceb1ff0037e8383d93064ee9a3db34a8d41bd471756d6c4d0,True,,,38,True,2019-03-15,EPSG:32736,491515.0,7810565.0,492795.0,7811845.0,True,81ed493ea51e5560c0a158ea4bed022a98ce3aa3467d9e0f557ddcf658920747,scl_255_quality_unknown
chimanimani_s2_1542.nc,s2_part01.tar.gz,6176008,845655f99c3972210c461729cce26a364085a370831c09c73487d7fdcee9a698,True,,,0,False,,EPSG:32736,491515.0,7813125.0,492795.0,7814405.0,True,55c0d3921084d07dd0aa961d402c973d5bac6e90101bdf6a728fe5ec6651208c,event_date_absent;scl_255_quality_unknown
chimanimani_s2_1543.nc,s2_part01.tar.gz,6176008,527fc44fdd59eb99ceb6c475d89aa7415e94d465df00dddad191695de411a700,True,,,0,False,,EPSG:32736,491515.0,7814405.0,492795.0,7815685.0,True,b34bcca12d6b7fd70b25080e534ce24ecb237f8c9032a07425e4186ec6d2c648,event_date_absent;scl_255_quality_unknown
chimanimani_s2_1544.nc,s2_part01.tar.gz,6177646,9b79532c8767976802b383854688265fd5d81554640be07ca45c38f737776fea,True,train,325,325,True,2019-03-15,EPSG:32736,491515.0,7815685.0,492795.0,7816965.0,True,390931b6ad06af59a2679ff110a695b98941f8fbcd165da2ad27237769744e0f,scl_255_quality_unknown
chimanimani_s2_1545.nc,s2_part01.tar.gz,6177977,f67befb4a48bacc113d9bdd60b1adca30c154149e42545e2a7b0cf7bb1770b63,True,train,824,824,True,2019-03-15,EPSG:32736,491515.0,7816965.0,492795.0,7818245.0,True,0477c6a768fac60e5c2427e9f664432e7e293514c89e55dfc11fc59d38682efc,scl_255_quality_unknown
chimanimani_s2_1546.nc,s2_part01.tar.gz,6176008,064ab84f99276491f9bb37500004de13022d1d93258e183614881f89dac20fda,True,,,0,False,,EPSG:32736,491515.0,7818245.0,492795.0,7819525.0,True,1a579724e0973222cad827e684d14e933b9c727e7db00e4bf094d6326e0368d6,event_date_absent;scl_255_quality_unknown
chimanimani_s2_1547.nc,s2_part01.tar.gz,6176008,83a1b5bbfcb48be1c4c7bea5c7a42b56c88c9ea1e2bbf6c33c12b5c127a7c74b,True,,,0,False,,EPSG:32736,491515.0,7819525.0,492795.0,7820805.0,True,38ff8e476644711630b014167855344a94047086d6a31c3a899effe1bee22933,event_date_absent;scl_255_quality_unknown
chimanimani_s2_154.nc,s2_part01.tar.gz,6176008,d0713619143fab49da96806d5a235f04c6f021c261e8c028395edccd552d33b1,True,,,0,False,,EPSG:32736,460795.0,7818245.0,462075.0,7819525.0,True,9a9c65199297eb6bcbc6ff15f336dc5c39bf15bcd61877125084cffc1018710e,event_date_absent;scl_255_quality_unknown
chimanimani_s2_1550.nc,s2_part01.tar.gz,6177702,8b5d3028a0476ad10b885c9e0b025755dc217067b8cbddbd407674ced5b0bf31,True,train,856,856,True,2019-03-15,EPSG:32736,491515.0,7823365.0,492795.0,7824645.0,True,f42ddb0f3402c88faf0abb5cb0af9d1b613e1cdde4da8f078e64b10c8c4c7668,scl_255_quality_unknown
chimanimani_s2_1551.nc,s2_part01.tar.gz,6178050,67c6c6b22b0f172f8671ef805de5be164ff94be7b13c02c682bb173a18527a4a,True,test,1766,1766,True,2019-03-15,EPSG:32736,491515.0,7824645.0,492795.0,7825925.0,True,52aa4623192cd77cf74f27743452aacaea7b12a9d669f9578798e90482fd71d5,scl_255_quality_unknown
chimanimani_s2_1552.nc,s2_part01.tar.gz,6176165,7dc4d5c00f672cf9db37ba05a0500585fd73e45bd853bc8c96097cf136b3f607,True,train,111,111,True,2019-03-15,EPSG:32736,491515.0,7825925.0,492795.0,7827205.0,True,372a37eb2b0d4df3e87eda0f9b34e50714e5c7be6123797b46f6279bd1fb2d8e,scl_255_quality_unknown
chimanimani_s2_1553.nc,s2_part01.tar.gz,6176158,714f23d56d0fd982d410f12e915c52d9410f082ecbd69a790243a0ddd45715a8,True,val,89,89,True,2019-03-15,EPSG:32736,491515.0,7827205.0,492795.0,7828485.0,True,6ed99c0aeb8efd4c76d1b3075d1e3933949288c8e05030b76ee59b7e7955c5df,scl_255_quality_unknown
chimanimani_s2_1554.nc,s2_part01.tar.gz,6176234,b80f6b395481356fbc1642bbbb44e28781c18972faf39331b66e945d44c431cc,True,train,104,104,True,2019-03-15,EPSG:32736,491515.0,7828485.0,492795.0,7829765.0,True,8a813a0b6b72cc70009a26272611c9bdb9c83fd18cac5c5f4f5c80e537a5a6d8,scl_255_quality_unknown
chimanimani_s2_1555.nc,s2_part01.tar.gz,6176175,c48d048801e08bac53019a9b4e701211bb28c82eeaac3380f4c62d77d5b32449,True,test,200,200,True,2019-03-15,EPSG:32736,491515.0,7829765.0,492795.0,7831045.0,True,83b91eb5cb8ef194578d5d24fcb9551dde2271da7d89b094bb68ee68db071d66,scl_255_quality_unknown
chimanimani_s2_1556.nc,s2_part01.tar.gz,6176167,41f3b1d4e918a21b12cfd6f889b8168733944873aaa9324f711795b6ee765d51,True,val,64,64,True,2019-03-15,EPSG:32736,491515.0,7831045.0,492795.0,7832325.0,True,48267087861d3d8637f7e4fcb529c010a8aef4e9a5ec7d9687fcb506f484369f,scl_255_quality_unknown
chimanimani_s2_1560.nc,s2_part01.tar.gz,6176008,8a40850a50e8deec3bae8e4b589610c892ef45f18f05e23fa4c439261166793e,True,,,0,False,,EPSG:32736,491515.0,7836165.0,492795.0,7837445.0,True,e239610b4dd491e24f8fc6e68b773d6e0203bfc0263ba3f5ca991771a1bc1bbb,event_date_absent;scl_255_quality_unknown
chimanimani_s2_1561.nc,s2_part01.tar.gz,6176008,e86856972c89f6354c0484080e3872a7bf38e2f2a1a38f43dc5624b9e347597e,True,,,0,False,,EPSG:32736,491515.0,7837445.0,492795.0,7838725.0,True,6182759caba1de98c393635ca0f57bde7b7d6d3b1324ccd6f161c78deb1f1aa6,event_date_absent;scl_255_quality_unknown
chimanimani_s2_1568.nc,s2_part01.tar.gz,6176008,cea5f54911247d6a559598e14b7388de8b30ff7e9745bf7c131472626ded7f6b,True,,,0,False,,EPSG:32736,492795.0,7772165.0,494075.0,7773445.0,True,03a638394c7265b4838952b1e3a240d3c676dc4d17931b90d5e0a42a1f1307e0,event_date_absent;scl_255_quality_unknown
chimanimani_s2_156.nc,s2_part01.tar.gz,6176008,9fc8762b4408abfffb3b5177dac78bb62c98cef8ea89868b5019c7cf1cd78b7e,True,,,0,False,,EPSG:32736,460795.0,7820805.0,462075.0,7822085.0,True,f4c26645e2cda10e11a2106e5432cfac20c2ab6db70bb5698a0b0625ec18ef89,event_date_absent;scl_255_quality_unknown
chimanimani_s2_1570.nc,s2_part01.tar.gz,6176008,edf1417f9e8bab62f6fdcec52d884833acc26e8671ec79b3e657ac2f5793eee6,True,,,0,False,,EPSG:32736,492795.0,7774725.0,494075.0,7776005.0,True,e5ec8e039e92ff40403744ce5b43fbacbad33241b6554c8f5bb1062567bd5e76,event_date_absent;scl_255_quality_unknown
chimanimani_s2_1571.nc,s2_part01.tar.gz,6176008,33c7892b3932f2b5ba4806a63388c45236764c3f7adf932b06d0256400c4644d,True,,,0,False,,EPSG:32736,492795.0,7776005.0,494075.0,7777285.0,True,008b45aa0d38d79a9e56d1be842d6461d2aabcefab57c6c32686c922981ab416,event_date_absent;scl_255_quality_unknown
chimanimani_s2_1572.nc,s2_part01.tar.gz,6176008,54c270c0a47b595af5110dbd4e1947f7bfa03f0295d75bec73d8a2a9254a0114,True,,,0,False,,EPSG:32736,492795.0,7777285.0,494075.0,7778565.0,True,2eceadd50fdaca269fec520a63e0111393eca2ec1cc2b11af4fe565015dc3606,event_date_absent;scl_255_quality_unknown
chimanimani_s2_1576.nc,s2_part01.tar.gz,6176008,f4080374d53d1426a73aea3a3840e15e5b063037003d3dc66dec4ddf02cd20a0,True,,,0,False,,EPSG:32736,492795.0,7782405.0,494075.0,7783685.0,True,68845387a87dc70de391fb4747215892edde916d7745986fb4c7e29243111714,event_date_absent;scl_255_quality_unknown
chimanimani_s2_1578.nc,s2_part01.tar.gz,6176008,141fbdb8f83f04f88864d07d1bb4fc0198ba5e35d641e3cdef44c38ba99d81d8,True,,,0,False,,EPSG:32736,492795.0,7784965.0,494075.0,7786245.0,True,daff7e207e674952acf377390b615cd02c58579134b64ef470d45d4eddcb666f,event_date_absent;scl_255_quality_unknown
chimanimani_s2_157.nc,s2_part01.tar.gz,6176008,d1e8860cf1a4ffc9c6a23a7d53cffddc1d3b183e1293c9a1c6702aa48d5a8787,True,,,0,False,,EPSG:32736,460795.0,7822085.0,462075.0,7823365.0,True,21125eb9343125c3f7765376d4885d48a073a5d22e8a1e383b06b688d078b49c,event_date_absent;scl_255_quality_unknown
chimanimani_s2_1580.nc,s2_part01.tar.gz,6176008,f95fd25b141218bfb5d687fcb9a3bd98db4297fd5b6a0b906b880b7ade03bde4,True,,,0,False,,EPSG:32736,492795.0,7787525.0,494075.0,7788805.0,True,a9e8cdebc24b97f86d2ed04d81c634826d165bff898ed2c6312575f402d0ca3e,event_date_absent;scl_255_quality_unknown
chimanimani_s2_1582.nc,s2_part01.tar.gz,6176008,167a91e3a668cc920f0d7921a50a2a709eeda1903c8e3be9e44c555849c0df2b,True,,,0,False,,EPSG:32736,492795.0,7790085.0,494075.0,7791365.0,True,5fbe5b39673eb1300b34d7cde68f82fe7cd571afb225bb09f87195fb3be93ff0,event_date_absent;scl_255_quality_unknown
chimanimani_s2_1584.nc,s2_part01.tar.gz,6176008,594b4ab46300f1f474d6ba993be9f42dcb4bf0c25a7eef5a3abc0a91ccf45463,True,,,0,False,,EPSG:32736,492795.0,7792645.0,494075.0,7793925.0,True,c93319f7c82e227398c2636ffce4b7731fb8f1f543097633890869991c30df64,event_date_absent;scl_255_quality_unknown
chimanimani_s2_1585.nc,s2_part01.tar.gz,6176008,7ea84b1f3b432fda058419fd9362f7be59b4a8989ba937af1fafdaaebee47fb2,True,,,0,False,,EPSG:32736,492795.0,7793925.0,494075.0,7795205.0,True,0b5a28ff85cd3bc06e4dede83a4f386c0993e607c9c6073eaebac7ea82b8e551,event_date_absent;scl_255_quality_unknown
chimanimani_s2_1588.nc,s2_part01.tar.gz,6176008,a91f98f85511ad1ad2970a88bef954d669405fc54f6d33692e4d4e2fa5849382,True,,,0,False,,EPSG:32736,492795.0,7797765.0,494075.0,7799045.0,True,c7a28dc5a7c3d021f2737f37f73adc98c7fbffc3d87793511fc512c37cba3026,event_date_absent;scl_255_quality_unknown
chimanimani_s2_1589.nc,s2_part01.tar.gz,6176008,98b5b614ed1f7ba4b896c023497b31209eb86308be90dcd4df37d2ba4d6ea128,True,,,0,False,,EPSG:32736,492795.0,7799045.0,494075.0,7800325.0,True,96b09722209d29ef90c87a27823b147838246824d9e8193fef1e2244807ac4ef,event_date_absent;scl_255_quality_unknown
chimanimani_s2_158.nc,s2_part01.tar.gz,6176008,3f5675210c7f4a2ece2e3a0943e2cbcf5f14cfa96588b61076f3d339d5b94bf5,True,,,0,False,,EPSG:32736,460795.0,7823365.0,462075.0,7824645.0,True,e1e5b3c45e4893de441a1e35074b2c012f1b9af63d7a9d5f55375affc1436809,event_date_absent;scl_255_quality_unknown
chimanimani_s2_1590.nc,s2_part01.tar.gz,6176008,ca0a0c5f476e32b52d8d45f086e67d88c4bbd18e2e911a0b66c6b007b238a045,True,,,0,False,,EPSG:32736,492795.0,7800325.0,494075.0,7801605.0,True,ff6cb9b3c99c8e3ecc23848bde276a2aa81a95c996565bd94b520afb73ea8b46,event_date_absent;scl_255_quality_unknown
chimanimani_s2_1592.nc,s2_part01.tar.gz,6176494,eb9c6671dc981025d9efc1f64e6bc58ecfa4e2e7f6fc98f6087e352c1658aa8e,True,val,291,291,True,2019-03-15,EPSG:32736,492795.0,7802885.0,494075.0,7804165.0,True,e5f18f258f1b1c09176f1eae2fa8aeb430120f33b09763239b4f0d311f69b9e1,scl_255_quality_unknown
chimanimani_s2_1593.nc,s2_part01.tar.gz,6176432,d70bce80357e3eb37fcd34223850fd12e2b6a7f6bdc10b46ec6f02b2efd815f6,True,train,265,265,True,2019-03-15,EPSG:32736,492795.0,7804165.0,494075.0,7805445.0,True,9001cc726eebae7ba3a56deac45d54ca8d6c72b003dfc6070f48098872a06579,scl_255_quality_unknown
chimanimani_s2_1594.nc,s2_part01.tar.gz,6176308,9fb0fef5cda40393e6e5891dbc66d4649ca99fa3780c1b85d527f472b3d698a1,True,train,211,211,True,2019-03-15,EPSG:32736,492795.0,7805445.0,494075.0,7806725.0,True,9e4201e977afc6ef86fc2565e0945f2662b3a65e37e3c29dacee972f87776128,scl_255_quality_unknown
chimanimani_s2_1595.nc,s2_part01.tar.gz,6179277,462ffa8f98a1f22813c908c8ab3106cc0a0130fb67609a426aaabcdf674edec4,True,test,1561,1561,True,2019-03-15,EPSG:32736,492795.0,7806725.0,494075.0,7808005.0,True,e2d9dd7a4fdd67fe006bbacd68524de49c4b7940c58e523c12e8112ab1708886,scl_255_quality_unknown
chimanimani_s2_1596.nc,s2_part01.tar.gz,6177983,ff1c3a11e54bb35e740c55967fc09e6847d293585fa6efd42a65c1885afd9188,True,val,1081,1081,True,2019-03-15,EPSG:32736,492795.0,7808005.0,494075.0,7809285.0,True,df9bc6d5d4008aaf7e2f24b2457bbe41f9884149ec29b0df6f56b03a9f75fce3,scl_255_quality_unknown
chimanimani_s2_1597.nc,s2_part01.tar.gz,6179845,0ed051a78fedd379a4d6d134c1d5bd261b02ab12a648ca877a970b9e2e8181ea,True,train,1278,1278,True,2019-03-15,EPSG:32736,492795.0,7809285.0,494075.0,7810565.0,True,f8dafa7b35772f8f849e67edfcc540645529b6b71c33088e9a6b070a1a9f33af,scl_255_quality_unknown
chimanimani_s2_1598.nc,s2_part01.tar.gz,6176157,38c21f97130ad6b9bcdc4b0ad97249443d9ab9f7fa165d5f36e029f453bc02eb,True,,,49,True,2019-03-15,EPSG:32736,492795.0,7810565.0,494075.0,7811845.0,True,97b0e6db53f7d313daf21c47f9ab0b8f075bd74c193158ce0dc1e8641fa879b8,scl_255_quality_unknown
chimanimani_s2_159.nc,s2_part01.tar.gz,6176008,3b46860562a3e7dc6092120d43a79c64da229aa7baf2a16781c315cfe2ed253b,True,,,0,False,,EPSG:32736,460795.0,7824645.0,462075.0,7825925.0,True,a0acdfc8d4175fa8d3bc866b969a32957023fc16fd089e5e0e4cd1e3f5ddbbfd,event_date_absent;scl_255_quality_unknown
chimanimani_s2_1600.nc,s2_part01.tar.gz,6176008,24a0c20474ba22db5d35cc743e9b36413c458de726ffbdb3668d4fa9f0fe1bc6,True,,,0,False,,EPSG:32736,492795.0,7813125.0,494075.0,7814405.0,True,5b77d629e488801433f063bf0b368c5090f585a635659a214d43ed424b6469d7,event_date_absent;scl_255_quality_unknown
chimanimani_s2_1601.nc,s2_part01.tar.gz,6176008,91a1faac2da807984d2b1ccb45fdc969d1859449b97329d67d44f80f0eb87d61,True,,,0,False,,EPSG:32736,492795.0,7814405.0,494075.0,7815685.0,True,61bd97b2fbf191dd423ace05d074c262944e440c614f9ebd6fd1bf456f683739,event_date_absent;scl_255_quality_unknown
chimanimani_s2_1602.nc,s2_part01.tar.gz,6176008,cc6c8020bf2a174116a596012b224b59bb1c5f490c4d42c9d1a8326dcf4c4c7e,True,,,0,False,,EPSG:32736,492795.0,7815685.0,494075.0,7816965.0,True,8d78fa9dda9f760b294a37e677671881bed9dd90623237a0f586e402cfe2e2fc,event_date_absent;scl_255_quality_unknown
chimanimani_s2_1603.nc,s2_part01.tar.gz,6176008,203938d0b5c7e50658ffd2dcdd41a1cd11f18ff70c4b63e89538ac5e9f890698,True,,,0,False,,EPSG:32736,492795.0,7816965.0,494075.0,7818245.0,True,6e1583bd1254270caad707f2413c09848c2f50ea53a31d21f60719e4962f7a01,event_date_absent;scl_255_quality_unknown
chimanimani_s2_1604.nc,s2_part01.tar.gz,6176008,4abf703868dda5939affa7a5b6912a0155e3ca507e21852929cceccc582269ce,True,,,0,False,,EPSG:32736,492795.0,7818245.0,494075.0,7819525.0,True,cd6e03248a4185bf27896fc9ba9af89543992561104e4ab240650a8464b7b625,event_date_absent;scl_255_quality_unknown
chimanimani_s2_1605.nc,s2_part01.tar.gz,6176008,aadce9736490fc8f8ba363848481523ea427485205c785c617b57a01ae95c77a,True,,,0,False,,EPSG:32736,492795.0,7819525.0,494075.0,7820805.0,True,c98e3214f1ad6d381cf10f3a3c3f697a9bea03e0ebc60d10c4e5d608d1ae6294,event_date_absent;scl_255_quality_unknown
chimanimani_s2_1606.nc,s2_part01.tar.gz,6177828,1b8772d295a59b7cd2b211e94273019330d4630d8e1f1282cf8d4d01c9ac4ad6,True,val,1670,1670,True,2019-03-15,EPSG:32736,492795.0,7820805.0,494075.0,7822085.0,True,d7d93ce42c60954adfa6cc3b4770393fe931156d5ee03fdff717a8bb3c923cc0,scl_255_quality_unknown
chimanimani_s2_1607.nc,s2_part01.tar.gz,6176372,cb9a069c3273688ac93c4e4f59f8ae8275c27693a8171cfeede1019031b2f828,True,train,967,967,True,2019-03-15,EPSG:32736,492795.0,7822085.0,494075.0,7823365.0,True,039174d2c6011ff9f23cde562c7fc03cd2903975e85e497766c994495a2ca0cf,scl_255_quality_unknown
chimanimani_s2_1608.nc,s2_part01.tar.gz,6176374,c18d15493d5a2f9f5b263b3c3b5c4586143907f6fc75bd2836df6e95427f279f,True,val,370,370,True,2019-03-15,EPSG:32736,492795.0,7823365.0,494075.0,7824645.0,True,7c2fb1890a26bb6321c2b3fe5b7e58bd1e41d9433d9589be6c18727a44b76a49,scl_255_quality_unknown
chimanimani_s2_1609.nc,s2_part01.tar.gz,6179371,fdee1e3341da3e01838349bd6307bee4f74e0130f7457fd3cc6d8b1d37bde492,True,test,2844,2844,True,2019-03-15,EPSG:32736,492795.0,7824645.0,494075.0,7825925.0,True,21ebd4380c289af0b3fc92f886849ec85004229b4f4dadd1dddd512640607884,scl_255_quality_unknown
chimanimani_s2_1610.nc,s2_part01.tar.gz,6177822,ccc5c274fca8e77d80e76eb057fa5dd0c14c258e74fc217e8a7c38b0ef01ba64,True,train,1466,1466,True,2019-03-15,EPSG:32736,492795.0,7825925.0,494075.0,7827205.0,True,9ca1824b5ca0574d951329060c68ebb348db801187ab38d16dfd2a25376673a9,scl_255_quality_unknown
chimanimani_s2_1611.nc,s2_part01.tar.gz,6176422,0675227ec5d8c55026acbc6ce369b5f853ee862c1c530dc50db34d1fee41a08e,True,train,213,213,True,2019-03-15,EPSG:32736,492795.0,7827205.0,494075.0,7828485.0,True,cb58f8f5bf7033d057c691c0d6de9aade7d1b82d7a81d14a1280dda6c65c3ca6,scl_255_quality_unknown
chimanimani_s2_1612.nc,s2_part01.tar.gz,6177597,c68e2e6d5bb626d4c9d88ca5623a5fe16fd863c7003e8d431a3d35808f4b6137,True,train,351,351,True,2019-03-15,EPSG:32736,492795.0,7828485.0,494075.0,7829765.0,True,f0c2726f3fdffb81e9f87144f93eaaa9b6300f90a68a3abbd7c84f6340a6459b,scl_255_quality_unknown
chimanimani_s2_1613.nc,s2_part01.tar.gz,6177710,8771df47755dbfb2c8391537cbcf5f86dbf17a781c9927fbb2debb22a8859269,True,test,397,397,True,2019-03-15,EPSG:32736,492795.0,7829765.0,494075.0,7831045.0,True,82372ebe1dcea786e27139c01cdeec76af586d8626bb657c161d122acc080916,scl_255_quality_unknown
chimanimani_s2_1614.nc,s2_part01.tar.gz,6177917,939529cbeea265252874f8111e514115aa48e78a0a0315f9a4c185320b17c130,True,val,873,873,True,2019-03-15,EPSG:32736,492795.0,7831045.0,494075.0,7832325.0,True,9c9f16773aa5bb8e12881c1e38db706a1ebd57db439f65faa3faff004a4c7be0,scl_255_quality_unknown
chimanimani_s2_1615.nc,s2_part01.tar.gz,6178081,a8aa9d67ce95c9eff64ddcb530210b1bb949915710735a5fcedd9fb5dc67aac4,True,test,582,582,True,2019-03-15,EPSG:32736,492795.0,7832325.0,494075.0,7833605.0,True,e5d981ff8ada434fc7ca3991f75d58a5949ca46a92ed051c872ac06b1cff724b,scl_255_quality_unknown
chimanimani_s2_1619.nc,s2_part01.tar.gz,6176008,2f08fe8700e285cded8df13e7b0018f188de37d8636a80576317ff1c7ec319c9,True,,,0,False,,EPSG:32736,492795.0,7837445.0,494075.0,7838725.0,True,9fb06775b454ec182b9ddcd014e8d0d88678ea33230d48a13e3b1803e1e7773a,event_date_absent;scl_255_quality_unknown
chimanimani_s2_161.nc,s2_part01.tar.gz,6176008,09d4499040a64b11d9ae3676330bf65f773033410a407803fc5e98a6e609628d,True,,,0,False,,EPSG:32736,460795.0,7827205.0,462075.0,7828485.0,True,cd95014b59c38d7e5342d20b0106c55a806116fc98f8fa6eaecc0aef33fdfabe,event_date_absent;scl_255_quality_unknown
chimanimani_s2_1620.nc,s2_part01.tar.gz,6176008,099d37a59bf421566ad31eb2a427aa4a94ef9b4ec3160d5265ae5deb58977715,True,,,0,False,,EPSG:32736,492795.0,7838725.0,494075.0,7840005.0,True,06da42ff9c9112db3184af5ebe4ef6380f2c3266f58e0a573c6e96e3d6fd58f8,event_date_absent;scl_255_quality_unknown
chimanimani_s2_1621.nc,s2_part01.tar.gz,6176008,6a5bfe01d8694a8017b0293b96d51af28da78e60c40196525fa2ab6de3556759,True,,,0,False,,EPSG:32736,492795.0,7840005.0,494075.0,7841285.0,True,46721f489f4fd1adb7485f1234ba207dc8e2a1b99a37238a110668116d0bb482,event_date_absent;scl_255_quality_unknown
chimanimani_s2_1622.nc,s2_part01.tar.gz,6176008,e7c48f7e76d4576c7e7c3de0aca5948883e212a71f162614df50852ebb488084,True,,,0,False,,EPSG:32736,492795.0,7841285.0,494075.0,7842565.0,True,9bf5f015c196a6cebd0912fbf4e4a94e0c9b1fc228b4e9dc58d7c997701a739a,event_date_absent;scl_255_quality_unknown
chimanimani_s2_1623.nc,s2_part01.tar.gz,6176008,46fbbdf277d0496107eeb59777c735e4b6d27cc3541be7bf1e572fb8ee4cb667,True,,,0,False,,EPSG:32736,492795.0,7842565.0,494075.0,7843845.0,True,73c0b14b53ef47d7a98723c23ebe7ef1b0b1bc4e13a725f6d967a9be3895562b,event_date_absent;scl_255_quality_unknown
chimanimani_s2_1625.nc,s2_part01.tar.gz,6176008,8ac2981b6038711b031489eb52ca1f8161d31d1ff20bc24ad9d1f523019aa7e6,True,,,0,False,,EPSG:32736,494075.0,7770885.0,495355.0,7772165.0,True,92b80f2c98ab33b595f8fe6dfc78ff22ba9f04cc7e57e58ddc41413be10e77ee,event_date_absent;scl_255_quality_unknown
chimanimani_s2_1626.nc,s2_part01.tar.gz,6176008,3379682b2ed9a93f1750ec383fd9596a9422ad6c7909769a8395979068ad7a86,True,,,0,False,,EPSG:32736,494075.0,7772165.0,495355.0,7773445.0,True,2bc7c88e2fabaf01dae2ef2320f76c88e1917cdda5fd6e328e9afefec22833df,event_date_absent;scl_255_quality_unknown
chimanimani_s2_1628.nc,s2_part01.tar.gz,6176008,a1c4fc6b9cd3be91ff75f5afe50206d7bc6d98975b9f81da655234fb58864c50,True,,,0,False,,EPSG:32736,494075.0,7774725.0,495355.0,7776005.0,True,d62a7a7594ba85ece28b35561e1c0d23614826ec5e63e9d7cef76fd2ed9a9296,event_date_absent;scl_255_quality_unknown
chimanimani_s2_1629.nc,s2_part01.tar.gz,6176008,7ed9e5dbacc02e70cb1a9181d4a23bf52d381981393257ae2f769f369df49c72,True,,,0,False,,EPSG:32736,494075.0,7776005.0,495355.0,7777285.0,True,a4e236cd34b2ff3036b63a1f2b78a52f6687a1da389d8593b171ef9d1367eb87,event_date_absent;scl_255_quality_unknown
chimanimani_s2_162.nc,s2_part01.tar.gz,6176008,9e51076f700ec4bc156503b3980259169f7b623a2d50d87cce6297d25a62d590,True,,,0,False,,EPSG:32736,460795.0,7828485.0,462075.0,7829765.0,True,64f1299758f7c88b6a9e3cccdb38bbde55bcc564bc58f500fa6bdc44bcc791cf,event_date_absent;scl_255_quality_unknown
chimanimani_s2_1630.nc,s2_part01.tar.gz,6176008,88ba77eee09cb606463fa572be561b1b07e7cc3002de93b7ff3502f2390b796b,True,,,0,False,,EPSG:32736,494075.0,7777285.0,495355.0,7778565.0,True,b2a52ba8138cfd264a2248b18bbdc10518ac16bda4365fff6f32c6abbf63098f,event_date_absent;scl_255_quality_unknown
chimanimani_s2_1635.nc,s2_part01.tar.gz,6176008,5c252fa862ec04b0fb92565afd91b53816d95f5b7870b904bd14ef85ee8cc565,True,,,0,False,,EPSG:32736,494075.0,7783685.0,495355.0,7784965.0,True,57855d32e9f7a9833cf17f50fa4be5264da1ac4419c852ee2f953f8fd8f51f18,event_date_absent;scl_255_quality_unknown
chimanimani_s2_1639.nc,s2_part01.tar.gz,6176008,1f9318523cc6a398844aaff0b61d50c7f92646867166319f61ea591a1424bccf,True,,,0,False,,EPSG:32736,494075.0,7788805.0,495355.0,7790085.0,True,a45893d716f94add6d918fd8d482dccd8acdf7cd22fd7082be1591d405974fe0,event_date_absent;scl_255_quality_unknown
chimanimani_s2_1643.nc,s2_part01.tar.gz,6176008,3463b9064008c47cb4ce47acf0a8f4b824b93462a2c1b9e3dc2e5b2274de2e34,True,,,0,False,,EPSG:32736,494075.0,7793925.0,495355.0,7795205.0,True,1d9b7704c7a32e0a0e9e1f2d6c70f88f6c6eaf4202ca62f987f6cc207169b198,event_date_absent;scl_255_quality_unknown
chimanimani_s2_1645.nc,s2_part01.tar.gz,6176008,bb6b3da23e7ef5647835d8dee0973bb6a460b0743b39d51bd4b21b313197c54a,True,,,0,False,,EPSG:32736,494075.0,7796485.0,495355.0,7797765.0,True,82beef6eff3a601387b29aeb3c02b858945c4fd954482b42baac2dfacdd506f2,event_date_absent;scl_255_quality_unknown
chimanimani_s2_1646.nc,s2_part01.tar.gz,6176008,98c6206859ca9fb94e6f92839e55baae642827b6b00da7ecdc99c5615826cd2a,True,,,0,False,,EPSG:32736,494075.0,7797765.0,495355.0,7799045.0,True,400496ec1f50891236446e5cfff373e1073dbed007f65c051782e76e85ef7e3e,event_date_absent;scl_255_quality_unknown
chimanimani_s2_1647.nc,s2_part01.tar.gz,6176008,f45e909616b9b89333a2a1a777bcadc1b2a1cb395ab7d4d3de46205d1ede5d33,True,,,0,False,,EPSG:32736,494075.0,7799045.0,495355.0,7800325.0,True,fda6c5a0d19dd0c76dd19e08f1b6fb4754463917cdf8e3a9ad594d7b360d8a8e,event_date_absent;scl_255_quality_unknown
chimanimani_s2_1648.nc,s2_part01.tar.gz,6176008,b13e683f5aa4a00f2285852ffa06cb580a717b7dfb1211c55cc127536a3c7094,True,,,0,False,,EPSG:32736,494075.0,7800325.0,495355.0,7801605.0,True,700be01c847d585c581b8711ec7d19c613f8d1e18ae8de0a2ede58f8b4a1f36c,event_date_absent;scl_255_quality_unknown
chimanimani_s2_1649.nc,s2_part01.tar.gz,6176008,31728c9201b011359c191ac743d3b3f957e62ea83e2a3fb65569f2b27f55a273,True,,,0,False,,EPSG:32736,494075.0,7801605.0,495355.0,7802885.0,True,58a6631456906ebcfd58aaa5b919f38c18327d8afddc532f2a8b9d083fbc1fd6,event_date_absent;scl_255_quality_unknown
chimanimani_s2_164.nc,s2_part01.tar.gz,6176008,459d7ab25d5612f4f0d55f49db6b5da283a6e0d16e196fbd2907e3c3eba6254a,True,,,0,False,,EPSG:32736,460795.0,7831045.0,462075.0,7832325.0,True,7d14374bb4bdaacc50e2c63f9521952660cc9098717861f667adab30f83b74a1,event_date_absent;scl_255_quality_unknown
chimanimani_s2_1651.nc,s2_part01.tar.gz,6176008,a7e401b40182cd4a604765a53828aeb660d4c6054293f812fe9eebc1b1ad42ce,True,,,0,False,,EPSG:32736,494075.0,7804165.0,495355.0,7805445.0,True,d0f3bc69507cad80f5826c58a947838a8917a4a8cb34635d5eecf59a23181e73,event_date_absent;scl_255_quality_unknown
chimanimani_s2_1652.nc,s2_part01.tar.gz,6176109,b6552da18c39fbe1c4d7f97fb8dbdb3430ff0d1da0b9a38e7c3e1b8344b166df,True,train,80,80,True,2019-03-15,EPSG:32736,494075.0,7805445.0,495355.0,7806725.0,True,30fa1a2205936ec2f990383fe189856c7e4d11f95e79747f2f4142136d52ccca,scl_255_quality_unknown
chimanimani_s2_1654.nc,s2_part01.tar.gz,6176091,91d622763c26dd38d403e0b45aef53cc6654a0a4921737ff8af1e332a6ff92c1,True,train,66,66,True,2019-03-15,EPSG:32736,494075.0,7808005.0,495355.0,7809285.0,True,f5561e3b8437929e1dbb682dd64a8c5e67a226f1312fc69bcc90d5d0a3587602,scl_255_quality_unknown
chimanimani_s2_1655.nc,s2_part01.tar.gz,6176235,26e333dbecaab12284f6306f9ab0bbb615daa291ce5e84b9b017595d1e1b296d,True,train,155,155,True,2019-03-15,EPSG:32736,494075.0,7809285.0,495355.0,7810565.0,True,28666e5b46b27ff9e044e69909349764dce5a23f7696883472ca81e6b64e1f38,scl_255_quality_unknown
chimanimani_s2_1656.nc,s2_part01.tar.gz,6176008,6fed5cc716cc37bae77d3ca57c540ed29b0ad810b8e57750e361765cccd006d2,True,,,0,False,,EPSG:32736,494075.0,7810565.0,495355.0,7811845.0,True,454130b510cf0a29f7fd81ed59f848267552b757fe8203f38700694562ea5c91,event_date_absent;scl_255_quality_unknown
chimanimani_s2_1657.nc,s2_part01.tar.gz,6176008,79e9ffbbe604eccd8081481416adbd117272ddad1e7d7dc7018a9fd61d592e75,True,,,0,False,,EPSG:32736,494075.0,7811845.0,495355.0,7813125.0,True,8dc1453501471887c13d7e604a676847020eebeab320f30a11d22747b1904a94,event_date_absent;scl_255_quality_unknown
chimanimani_s2_165.nc,s2_part02.tar.gz,6176008,18a33568c5d9575dd019a6c1d5ca2743d30cd300fd7847604455947524ba5b20,True,,,0,False,,EPSG:32736,460795.0,7832325.0,462075.0,7833605.0,True,f3d66cad2212701cab1af8e6727c3f00c465fac04165c3051f447d6d9a49be3c,event_date_absent;scl_255_quality_unknown
chimanimani_s2_1660.nc,s2_part02.tar.gz,6176008,c885297300ff53e8b7ddd11ffc7678d5c7a89457a2aa69bc49c9e09e62239081,True,,,0,False,,EPSG:32736,494075.0,7815685.0,495355.0,7816965.0,True,bd748749577252e891d0b822228f9fbef6e8b14957a39a21bb8d7a352847ae4d,event_date_absent;scl_255_quality_unknown
chimanimani_s2_1661.nc,s2_part02.tar.gz,6176101,921300bcbe6468541cea126bbf668ac960967c9fbafb380822acca2d51d79aff,True,train,290,290,True,2019-03-15,EPSG:32736,494075.0,7816965.0,495355.0,7818245.0,True,6d80d34522625c7f3949251541e4a217fe5e3b13718bc9c854f82b788f361496,scl_255_quality_unknown
chimanimani_s2_1662.nc,s2_part02.tar.gz,6176174,ad33a10cfcfd9cd12ce70e4dcb1e58bf2cfe481fe82b6f88c5358fd99f6f209a,True,val,184,184,True,2019-03-15,EPSG:32736,494075.0,7818245.0,495355.0,7819525.0,True,2f2ea48c044500195e8133cb426b3880a88ecd9d4011467cd70cbb1d70f92d09,scl_255_quality_unknown
chimanimani_s2_1663.nc,s2_part02.tar.gz,6176369,28f34dacf787836518635f8ac3b369a52b5c47b8e74cbcc937e484d5b5452a7a,True,train,232,232,True,2019-03-15,EPSG:32736,494075.0,7819525.0,495355.0,7820805.0,True,e45e84c4161e5d7c35860b622c2fa241d87cc3efd60b7d49418ad9c5f675ae2f,scl_255_quality_unknown
chimanimani_s2_1664.nc,s2_part02.tar.gz,6176316,4fd6e61ff099b959f48b4b517865b8f5567145797e57dbee664b2febe88c4fa9,True,train,900,900,True,2019-03-15,EPSG:32736,494075.0,7820805.0,495355.0,7822085.0,True,2abeeff677a74b10c21f3c3df086345ee635d5e8b4832bde9bb60ef3f8b36236,scl_255_quality_unknown
chimanimani_s2_1665.nc,s2_part02.tar.gz,6176092,d5841dd8893272930b37241dc45105fda47af5f2dced8b7e70e22ebfb52822fe,True,train,107,107,True,2019-03-15,EPSG:32736,494075.0,7822085.0,495355.0,7823365.0,True,fd689fc0dfe40ecb2ac838b17075215c9ef4c8bdfde29e614bb7826cc9e45990,scl_255_quality_unknown
chimanimani_s2_1666.nc,s2_part02.tar.gz,6176100,c9de15ca3af5251fe5c07a6e06398816872e6f8976f8480a851c068c5476d2dd,True,,,4,True,2019-03-15,EPSG:32736,494075.0,7823365.0,495355.0,7824645.0,True,fe3f0cf99cf90f5055c847eb38eecb0807f8deb02ab8b2515e290eb27a986ac4,scl_255_quality_unknown
chimanimani_s2_1667.nc,s2_part02.tar.gz,6176426,e24c8fcf16205c8a7d0da77dbfe6d0b6bbb53f222293379cf211bbc25130e0e3,True,test,239,239,True,2019-03-15,EPSG:32736,494075.0,7824645.0,495355.0,7825925.0,True,0387c6e0c92b32700db487474d333f7457534ad80eba440ac6dec229dd1318a5,scl_255_quality_unknown
chimanimani_s2_1668.nc,s2_part02.tar.gz,6179610,a5fe64fa61736396cfb936c539b80bbe61e09db8d63abdef5ab62d03a29bd1ab,True,train,1526,1526,True,2019-03-15,EPSG:32736,494075.0,7825925.0,495355.0,7827205.0,True,29d2efed25dc180301c7d0e999f29b1118532a6b37c92cd7911808380f22a94d,scl_255_quality_unknown
chimanimani_s2_1669.nc,s2_part02.tar.gz,6177967,2dd9f433731019d016355207a6296c71fac96d5862720fe8fb2c4c2eb105eb09,True,val,662,662,True,2019-03-15,EPSG:32736,494075.0,7827205.0,495355.0,7828485.0,True,b9788b6bdc6a87e4d951352d58db50525533001a3169f8a525e751e34f1f398d,scl_255_quality_unknown
chimanimani_s2_166.nc,s2_part02.tar.gz,6176008,971b248f55bc437ac95f150f593d263dcd1b6134a63b20fb1f105d0d425739cf,True,,,0,False,,EPSG:32736,460795.0,7833605.0,462075.0,7834885.0,True,e8ed32a8ffc2f6030b6b961dabb801fe9df7bc06cb6da83c6a99e7c7285b3b44,event_date_absent;scl_255_quality_unknown
chimanimani_s2_1670.nc,s2_part02.tar.gz,6179968,aa9b93bc21015adcec426cd98038f291517aac7d19dbe1ad0d1595242f0c0422,True,test,1883,1883,True,2019-03-15,EPSG:32736,494075.0,7828485.0,495355.0,7829765.0,True,e608fbd219d7279027715909e6d39e1d34c6621dd9861a382f3cd2c75cf16726,scl_255_quality_unknown
chimanimani_s2_1671.nc,s2_part02.tar.gz,6182689,401320194218d0b08e3ffea435b09bdf4cc76418416bd7c5babd11e3d00c2077,True,val,1620,1620,True,2019-03-15,EPSG:32736,494075.0,7829765.0,495355.0,7831045.0,True,183ddafb9165784e7c45414b4360e6d1b1b7624014b53dcbcf970db5bfaa9151,scl_255_quality_unknown
chimanimani_s2_1672.nc,s2_part02.tar.gz,6178047,6326df5e316d3be9db527875830b59ed96f5395ac547ddea8e556c8f9ff91cfd,True,val,1523,1523,True,2019-03-15,EPSG:32736,494075.0,7831045.0,495355.0,7832325.0,True,ab5ecbc314137f5f9433fafeb0946e237115ca908308e8d45edf76941ed6ffae,scl_255_quality_unknown
chimanimani_s2_1673.nc,s2_part02.tar.gz,6177757,6ad505354fb492d26ed16b46e516c801c794069348a2f5447455bab8ccd629aa,True,train,262,262,True,2019-03-15,EPSG:32736,494075.0,7832325.0,495355.0,7833605.0,True,692e44e29b490d04e2264009899ace4331f7698c53977a27b15353a44b34d8d4,scl_255_quality_unknown
chimanimani_s2_1674.nc,s2_part02.tar.gz,6176101,25579e44db61520f11fed2adaf409ad13e20eae150b16272eaa157f9b6ab0bf1,True,,,24,True,2019-03-15,EPSG:32736,494075.0,7833605.0,495355.0,7834885.0,True,7d8d594ffa0ca077e10f708a95b80f40030a014a6a74c3429900e3caa4c1d9e4,scl_255_quality_unknown
chimanimani_s2_1681.nc,s2_part02.tar.gz,6176008,f097f299db793f481030090eec3cef93a24a71189fd5b5b5f35013b59763a251,True,,,0,False,,EPSG:32736,494075.0,7842565.0,495355.0,7843845.0,True,9cc13091d1d0a65e9d41f2869b75cc06cbdfc3903c24a8da9e70ea3a89a1bfd7,event_date_absent;scl_255_quality_unknown
chimanimani_s2_1683.nc,s2_part02.tar.gz,6176008,5cfa9095a4f267f03c0e027c236b912e57451e01431eee2460f50c2e1112eb61,True,,,0,False,,EPSG:32736,495355.0,7770885.0,496635.0,7772165.0,True,ec827a366db7104b3b11eec892780c751ee57441554f951a64b48af54f347d4d,event_date_absent;scl_255_quality_unknown
chimanimani_s2_1684.nc,s2_part02.tar.gz,6176008,d25ff4ab0f1c3c2d58ee4b89bf80e9a05e5106431827dd5989994820f5bbba4b,True,,,0,False,,EPSG:32736,495355.0,7772165.0,496635.0,7773445.0,True,71b72e1fc6ed1bbe89ee8f2464d7947d59df3027915c5552b516193557dd3bb3,event_date_absent;scl_255_quality_unknown
chimanimani_s2_1686.nc,s2_part02.tar.gz,6176008,1a3ee2e2fb64415d6a56ff38c2fee8244dbd96dbe50228865409e7ecd9676ec1,True,,,0,False,,EPSG:32736,495355.0,7774725.0,496635.0,7776005.0,True,32643b35b4018210f3d775cd23b454a269e9e072b72e9ed465e1903405113e3b,event_date_absent;scl_255_quality_unknown
chimanimani_s2_168.nc,s2_part02.tar.gz,6176008,357ff5db6ea8bb89c88f83d6edf91d367981680bafa9aa13da1ae22b544f0b31,True,,,0,False,,EPSG:32736,460795.0,7836165.0,462075.0,7837445.0,True,bc0d904ce34786944afd93de8b000e8d53e3cdcead52447c12ac940fa90189f7,event_date_absent;scl_255_quality_unknown
chimanimani_s2_1690.nc,s2_part02.tar.gz,6176008,14a538ac75d20b6428f7ca34ee11eb87454211ed70362c5a8294eae8b1360301,True,,,0,False,,EPSG:32736,495355.0,7779845.0,496635.0,7781125.0,True,25618cb8a040d001d19a002da567d3722cd9a11795c98a92f719d68599791e05,event_date_absent;scl_255_quality_unknown
chimanimani_s2_1691.nc,s2_part02.tar.gz,6176008,9ce7119d1215a888d5f281a22fae5347e9b1948b7211354b5fb33e72da3aad4f,True,,,0,False,,EPSG:32736,495355.0,7781125.0,496635.0,7782405.0,True,e8c9e5b6a5be398628e6188b30e09f815c6529a43769b5b2d0de122127d64a1d,event_date_absent;scl_255_quality_unknown
chimanimani_s2_1692.nc,s2_part02.tar.gz,6176008,69bf98fb09b5458ac2a14a2949699ec99bacaf524e9315dba53e5bffac2d5748,True,,,0,False,,EPSG:32736,495355.0,7782405.0,496635.0,7783685.0,True,9173d74a0cac08882c55e864df9ef05be13ff109a00c0d81b34f2051f6b11365,event_date_absent;scl_255_quality_unknown
chimanimani_s2_1693.nc,s2_part02.tar.gz,6176008,3c756ab3aaef9ced92d121c10c2fdca9c75ffa8aae69786950f9a68e0bcf0fcd,True,,,0,False,,EPSG:32736,495355.0,7783685.0,496635.0,7784965.0,True,39ce881e820f8eeb1acaed887cd82ffe364687f2ab2664774cdcfbaa701de5a3,event_date_absent;scl_255_quality_unknown
chimanimani_s2_1694.nc,s2_part02.tar.gz,6176008,4d3206040ab9c063fcc2657625b4ca091c044c4bd58667fb71c647abb0f5a15d,True,,,0,False,,EPSG:32736,495355.0,7784965.0,496635.0,7786245.0,True,c7be98aff7d12e2c8e38d7f00fc7e3a584c721235a189e7613f54aa2e363890f,event_date_absent;scl_255_quality_unknown
chimanimani_s2_1696.nc,s2_part02.tar.gz,6176008,6d10fbe780711e812ecee6d3751b4b2c902f3198c9de15519a0ebc967388ef4d,True,,,0,False,,EPSG:32736,495355.0,7787525.0,496635.0,7788805.0,True,6d50f01162d16ce9e7317d460ee31b0d2032a9b3d5ed0b8ca5c34ea7c264fa3f,event_date_absent;scl_255_quality_unknown
chimanimani_s2_1701.nc,s2_part02.tar.gz,6176109,5e59d74610cdb3b64f1f89401ffae10319e6db805949fec7c8a2f3221d085424,True,test,99,99,True,2019-03-15,EPSG:32736,495355.0,7793925.0,496635.0,7795205.0,True,f74358d8fcf50295e460da542be38315f6462945520490c7001451055ff1ffce,scl_255_quality_unknown
chimanimani_s2_1702.nc,s2_part02.tar.gz,6176008,c2cfde689e0bb635b5690c13153d427223c9f1365ca955efa70313778c666131,True,,,0,False,,EPSG:32736,495355.0,7795205.0,496635.0,7796485.0,True,a36b33984d46d29904fc62d56be6b36a7154ddc46365e08f7e479eaafe86dc81,event_date_absent;scl_255_quality_unknown
chimanimani_s2_1704.nc,s2_part02.tar.gz,6176008,38b61f6f592cd79ad1ed924fe340d7558a9d50c3c171cb4207106ac72c828699,True,,,0,False,,EPSG:32736,495355.0,7797765.0,496635.0,7799045.0,True,d6e95b5c6fa9d5a5106f643ca2b75f81e25fd5ffd684af54ddc14437848cc7f1,event_date_absent;scl_255_quality_unknown
chimanimani_s2_1705.nc,s2_part02.tar.gz,6176008,d79e3b86a22548caed6de3ed9e7e5decfca3bd87177d350773c755637d90e941,True,,,0,False,,EPSG:32736,495355.0,7799045.0,496635.0,7800325.0,True,19869ca8d7b658291f928b71ab3ae2b336eca583bdb72cb16302c9d7c26e447e,event_date_absent;scl_255_quality_unknown
chimanimani_s2_1706.nc,s2_part02.tar.gz,6176008,4f87d4d09131dd9045f74c8728f89d31e0afd455c07305d7c2ff6f4e096636e5,True,,,0,False,,EPSG:32736,495355.0,7800325.0,496635.0,7801605.0,True,350c2e3ac7337938b27fa78f5e544d270da51953258ce31f5879e1a818c99501,event_date_absent;scl_255_quality_unknown
chimanimani_s2_1707.nc,s2_part02.tar.gz,6176008,9269242efc4fc723e41214e14f07e27df4882c3370b4c39f89ee485397b23897,True,,,0,False,,EPSG:32736,495355.0,7801605.0,496635.0,7802885.0,True,3016542af01c93eb14a012a73e76f004c8603ed927e22800809446fdcbadfcf1,event_date_absent;scl_255_quality_unknown
chimanimani_s2_1710.nc,s2_part02.tar.gz,6176008,5cd0ccb77706492743d74ebf99707643ecf0e5d4f8b5c021248fe60f2c6043d7,True,,,0,False,,EPSG:32736,495355.0,7805445.0,496635.0,7806725.0,True,22d935d4d93903f3f66f18c834de9bf16ea87531c14f5163a9fc6bb7168b2b03,event_date_absent;scl_255_quality_unknown
chimanimani_s2_1711.nc,s2_part02.tar.gz,6176008,64ed2f645d14da73018fabab39b36b0122ddb7137d0d3fa8b160eb323067903f,True,,,0,False,,EPSG:32736,495355.0,7806725.0,496635.0,7808005.0,True,6394ebb90da0204e7d685b5d5decb1ddc513e7bdfd1d06f996c2ac63d8f9966f,event_date_absent;scl_255_quality_unknown
chimanimani_s2_1715.nc,s2_part02.tar.gz,6176008,b82df39ab086bab909513ff1b12a2eb366fa97a93ede00aae97bff833696b96c,True,,,0,False,,EPSG:32736,495355.0,7811845.0,496635.0,7813125.0,True,71da0ef97b2f77d44b201b390cd19104477d0dd49db5ff95d8d23288e6690846,event_date_absent;scl_255_quality_unknown
chimanimani_s2_1716.nc,s2_part02.tar.gz,6176008,1eae079b6a4bae8ab0165e61e7b96c8d05592847c56a406c0f4b04276f174ff1,True,,,0,False,,EPSG:32736,495355.0,7813125.0,496635.0,7814405.0,True,7fba718e87df6ef58d3263b83642c61177d32e320923d397dbe2be0fc04b5c0d,event_date_absent;scl_255_quality_unknown
chimanimani_s2_1718.nc,s2_part02.tar.gz,6176008,f8b0dfa5bc7f2d0e35579a1f8f930080c39ef3f60d7588d7353e6cd748743245,True,,,0,False,,EPSG:32736,495355.0,7815685.0,496635.0,7816965.0,True,396ef58090473528b57a418dd8eac47af99b6dd985d1c86abf8ffcd7547eed88,event_date_absent;scl_255_quality_unknown
chimanimani_s2_1719.nc,s2_part02.tar.gz,6176177,344640deaa1efaeb060e60fb7892a0dfcb15aeafd8f0b6e925d97fa77e05a445,True,train,220,220,True,2019-03-15,EPSG:32736,495355.0,7816965.0,496635.0,7818245.0,True,ac8b3f56cacbbc027185f0645e9c1e55e80b4bfd018d593f0560e64824983670,scl_255_quality_unknown
chimanimani_s2_171.nc,s2_part02.tar.gz,6176008,389a4ee6ce2bb5b92468cbae77a929c51759972d60ea260929fd5152bf3283ae,True,,,0,False,,EPSG:32736,460795.0,7840005.0,462075.0,7841285.0,True,af432c967dfe4b70f4effe53bb2402177570f8fd88b69181ab8202d48baf708a,event_date_absent;scl_255_quality_unknown
chimanimani_s2_1720.nc,s2_part02.tar.gz,6176101,4cbdae412edd942dca86c047f823659c28bb5df23be70ac081ec5748b963a683,True,,,42,True,2019-03-15,EPSG:32736,495355.0,7818245.0,496635.0,7819525.0,True,4bc844b4624aeb536d4a198bc1c152f8aae7227b09004deabf7751df0aaafb19,scl_255_quality_unknown
chimanimani_s2_1721.nc,s2_part02.tar.gz,6176008,7a7c020c1e886ce6b58ced0829fd28749c6a7e8935002c9d6532bbe5ffb9ea4d,True,,,0,False,,EPSG:32736,495355.0,7819525.0,496635.0,7820805.0,True,ad92b7e8a1170d80bc58ad3b5c08f3191b68f3596d3aa12ec8f6930a6e5915a1,event_date_absent;scl_255_quality_unknown
chimanimani_s2_1723.nc,s2_part02.tar.gz,6176008,0d7cfda304b278ef6bbc1da575a87dba47d5897efbc2ba8f17dc7644bebb980c,True,,,0,False,,EPSG:32736,495355.0,7822085.0,496635.0,7823365.0,True,22289e6bcaae92277ae437cfc3d9076f3c5619bc8d16c4f13b52c980cdb52a4d,event_date_absent;scl_255_quality_unknown
chimanimani_s2_1725.nc,s2_part02.tar.gz,6176008,355427fb6d6e7d344cfa93d4c584976870672814c9fa4d9ae5f23d243ec3b4e4,True,,,0,False,,EPSG:32736,495355.0,7824645.0,496635.0,7825925.0,True,f84c93b109c428c5517cfe5d3f556cb8f0fed2a6ee2429787dae0a241173e53e,event_date_absent;scl_255_quality_unknown
chimanimani_s2_1727.nc,s2_part02.tar.gz,6176100,b30cbc59f3684a8eb51f33d20696152094687737f7b3b0212d21ff9844082fb1,True,,,21,True,2019-03-15,EPSG:32736,495355.0,7827205.0,496635.0,7828485.0,True,fac9956e1cbb357ba498718320931a6b6cab5a5fe745c60a1d285b78a39c4b9c,scl_255_quality_unknown
chimanimani_s2_1728.nc,s2_part02.tar.gz,6176348,7d6b0039d772f7c6c7a198effc0687482cebb1e44a67d292877178cb74a8a86e,True,test,401,401,True,2019-03-15,EPSG:32736,495355.0,7828485.0,496635.0,7829765.0,True,623d551e1afc86732c3ebd93adb3b4bd8c4d02c5626a3510d2b5dc9101a3d28b,scl_255_quality_unknown
chimanimani_s2_1729.nc,s2_part02.tar.gz,6179739,7b685f16609f87018a25116b6ac76bdaf8f952e69b18a364f0ffaef6e084b695,True,train,2603,2603,True,2019-03-15,EPSG:32736,495355.0,7829765.0,496635.0,7831045.0,True,31f0b412a50c1239f47c8a25d0c60fe8f6dcd5f35d9454ce0db437c8a525a226,scl_255_quality_unknown
chimanimani_s2_1730.nc,s2_part02.tar.gz,6176413,6c421fc35bd609e76d68c679ea4700bc59083d8ada00971b37a67bedf9134b9f,True,test,221,221,True,2019-03-15,EPSG:32736,495355.0,7831045.0,496635.0,7832325.0,True,401dc1c915f314d9f1626a8ca4a6cc3d4256c8135eb3f22ad235969244a52c90,scl_255_quality_unknown
chimanimani_s2_1731.nc,s2_part02.tar.gz,6176008,8d84bed64748d686dfd3633c53d6d2a07959a72feec1df334c1a8d10ba960591,True,,,0,False,,EPSG:32736,495355.0,7832325.0,496635.0,7833605.0,True,1def4b185dc7581163bd4cb72915519162ac3ee0d325b5fb51d5e7df954cc8d4,event_date_absent;scl_255_quality_unknown
chimanimani_s2_1732.nc,s2_part02.tar.gz,6176008,3f8fad73a8ac6ac389f48569db525d345111650dfe526e50dde8852fbfed758a,True,,,0,False,,EPSG:32736,495355.0,7833605.0,496635.0,7834885.0,True,ee63db905f1c17d1754dcc354a60307a134c979d436a585db57517af7974944c,event_date_absent;scl_255_quality_unknown
chimanimani_s2_1733.nc,s2_part02.tar.gz,6176008,6b18cd06a75940797f96eb2ddce7ffcb1d7acb7d555fe62355616f03e9613f27,True,,,0,False,,EPSG:32736,495355.0,7834885.0,496635.0,7836165.0,True,1650f4ee6909a445aea9783624cd9f802e65b28fdbcf821103aa25e95c3f395a,event_date_absent;scl_255_quality_unknown
chimanimani_s2_1736.nc,s2_part02.tar.gz,6176008,88d7397fb5363decb5db651a9d57d14b0f3a53fe4f1ad302d46e528461f97f3f,True,,,0,False,,EPSG:32736,495355.0,7838725.0,496635.0,7840005.0,True,e1fd84e4f8454ee0b337447f8724c71ab2fdb2929761f6ad6c8b68c63c637a2f,event_date_absent;scl_255_quality_unknown
chimanimani_s2_1737.nc,s2_part02.tar.gz,6176008,878f6ce2aea42bc5ae00b4dbf6754b0ce3838fd348a794073dcb7ebb92349782,True,,,0,False,,EPSG:32736,495355.0,7840005.0,496635.0,7841285.0,True,d089b1222010192009fd884c6feb0532368277f8d49f32924bccece4f6614bb6,event_date_absent;scl_255_quality_unknown
chimanimani_s2_1743.nc,s2_part02.tar.gz,6176008,9a78fd6fd7acde42a51d2c6b8f9f9a9a5ce282d6260c57d5565b0a86d5b9cfdf,True,,,0,False,,EPSG:32736,496635.0,7773445.0,497915.0,7774725.0,True,288efee32c22ba741f54d4fe25cfd0e9fa85c44e22dbbed8514e186dbca54e70,event_date_absent;scl_255_quality_unknown
chimanimani_s2_1745.nc,s2_part02.tar.gz,6176008,11aefa4538628fb7b926cc033889d6c8e0ecb828ea6fe34f166a20f5b6d34827,True,,,0,False,,EPSG:32736,496635.0,7776005.0,497915.0,7777285.0,True,25b0ec793426f8b519aa87680334b63ba5fc26a807b32ffc8d1d8193663626d2,event_date_absent;scl_255_quality_unknown
chimanimani_s2_1746.nc,s2_part02.tar.gz,6176008,359377c176a930b7263bcd6ef1d3346773b9f21517ae808163320b59b4753519,True,,,0,False,,EPSG:32736,496635.0,7777285.0,497915.0,7778565.0,True,a63f67429957e4ee189fd3368be194c130cd49eecc1f8c4607f15d98512ead35,event_date_absent;scl_255_quality_unknown
chimanimani_s2_1747.nc,s2_part02.tar.gz,6176008,59edbdc05ad69110ddee5b9d0d8e08fa49988585bb4158d01a127330a8036946,True,,,0,False,,EPSG:32736,496635.0,7778565.0,497915.0,7779845.0,True,b24f62a13f8c798232277f8a030e1c0e29217db8576552aa9132ae16b64bdd77,event_date_absent;scl_255_quality_unknown
chimanimani_s2_1750.nc,s2_part02.tar.gz,6176008,088ce0e08f7ec1b291c88cbd09245b44da6bfd77d838b047e23ac9b6de94c6f5,True,,,0,False,,EPSG:32736,496635.0,7782405.0,497915.0,7783685.0,True,e925fada389e4902d428147e990743c9dbeeddabcbb20160a2db366098e6d640,event_date_absent;scl_255_quality_unknown
chimanimani_s2_1752.nc,s2_part02.tar.gz,6176008,35d7811ab5afe172b8bb10f4a0042e8772e30f9ace276c3703d4c5e8741f8ee9,True,,,0,False,,EPSG:32736,496635.0,7784965.0,497915.0,7786245.0,True,92ddab367160e6e756a71de97d320d74bbd3035ba8c34cf48037f507219c2d77,event_date_absent;scl_255_quality_unknown
chimanimani_s2_1753.nc,s2_part02.tar.gz,6176008,08b3c977425ac37c5253c25444c4ae8cb37479020436e53b318c1abf5b05f587,True,,,0,False,,EPSG:32736,496635.0,7786245.0,497915.0,7787525.0,True,79ee69b0895cd161127ec01ddfd69a80305de2df20be5bdbc809a413148de6c8,event_date_absent;scl_255_quality_unknown
chimanimani_s2_1754.nc,s2_part02.tar.gz,6176158,6e931f944f99c69c2cb345cc8c14142239d20555bda327b35646d2d18e2342cf,True,train,94,94,True,2019-03-15,EPSG:32736,496635.0,7787525.0,497915.0,7788805.0,True,68cabbefaa880ce820106d4b3cc0a81d461fc80706c42d9b7998fa0d47e05fb5,scl_255_quality_unknown
chimanimani_s2_1755.nc,s2_part02.tar.gz,6176008,8e20cf855aa72870321761af8c7a9042e8fbbaf9c8dc2d9dfa5f87986900cb45,True,,,0,False,,EPSG:32736,496635.0,7788805.0,497915.0,7790085.0,True,d6cd070057d7ce7d96bfc588854166b2b7ddee71f38493297d6c3e177bee721e,event_date_absent;scl_255_quality_unknown
chimanimani_s2_1756.nc,s2_part02.tar.gz,6176008,387275bc976992a598339de65bdf66fbe9184355b68a0feb0b87027f7a088c2c,True,,,0,False,,EPSG:32736,496635.0,7790085.0,497915.0,7791365.0,True,4f2dc270fed75092c96549134e3a6011d2966798d0d59a08a2ad905479861140,event_date_absent;scl_255_quality_unknown
chimanimani_s2_1758.nc,s2_part02.tar.gz,6176175,46415a4a314ffee609339fcd7d2498f1a48afc479ad8dfd8c1b3ab26ebc27a50,True,train,125,125,True,2019-03-15,EPSG:32736,496635.0,7792645.0,497915.0,7793925.0,True,9c8ddfeb0f5e0075d182b5fc14ba39333f16b7d48e2badf6a11c9b07eb56e8df,scl_255_quality_unknown
chimanimani_s2_1759.nc,s2_part02.tar.gz,6176091,3cdf0ce9ddfa2e21dd1b1055a1a5671e3a825e262811628c8022b2c4798ecf4a,True,train,57,57,True,2019-03-15,EPSG:32736,496635.0,7793925.0,497915.0,7795205.0,True,870b8af51ec38efc90d6fa58941e5fc700a1305e4d8070b0fc054096ced5cb1b,scl_255_quality_unknown
chimanimani_s2_175.nc,s2_part02.tar.gz,6176008,d2a84f2495d5052096b4a5475ab414ae21ced259d5c30d4d72dd35c33fa52bdd,True,,,0,False,,EPSG:32736,462075.0,7770885.0,463355.0,7772165.0,True,a0605b513ae4969c11541e3e9f33d868b98f103b5cb2c0e7a6f4cdc766f718be,event_date_absent;scl_255_quality_unknown
chimanimani_s2_1760.nc,s2_part02.tar.gz,6176392,dbd5f880fde92bab8495dd1d8d714a841273b00a7dcd50a4a49228961c7afed4,True,val,325,325,True,2019-03-15,EPSG:32736,496635.0,7795205.0,497915.0,7796485.0,True,65b7d156870c6de3af6eea75fed9f53a4947ef8379929b5ba4c9dc2a64e54878,scl_255_quality_unknown
chimanimani_s2_1763.nc,s2_part02.tar.gz,6176008,481034ab406629fa63967af929d90821055ab9be55c98c692b379bcdf2c003eb,True,,,0,False,,EPSG:32736,496635.0,7799045.0,497915.0,7800325.0,True,d5a92fddeece017f65b7924ca118c58c160d2b47f611112f230a6852d2a24c8a,event_date_absent;scl_255_quality_unknown
chimanimani_s2_1766.nc,s2_part02.tar.gz,6176008,856acb51b438300b9fc28a77967c990b3a203addc9ea7f75e8d99d9b83e17a40,True,,,0,False,,EPSG:32736,496635.0,7802885.0,497915.0,7804165.0,True,9b4c7e0caccf9bd09f95d7117e57007fff6f2f6bd2313a8aa1f626d9d7b48f47,event_date_absent;scl_255_quality_unknown
chimanimani_s2_1767.nc,s2_part02.tar.gz,6176008,4b0e094d830d58a73faa83da39038e6fdce1c828db170595e899cc1740d56410,True,,,0,False,,EPSG:32736,496635.0,7804165.0,497915.0,7805445.0,True,c7c9df5c2ab9bdf42148716a7005874124f4229e07638a062835550f16d2a6cb,event_date_absent;scl_255_quality_unknown
chimanimani_s2_1768.nc,s2_part02.tar.gz,6176008,61a6c36bf2f72757490640e1eb76bd79b9ad21770097777825b266d044055c44,True,,,0,False,,EPSG:32736,496635.0,7805445.0,497915.0,7806725.0,True,07ffe1f41fda094689b4d8324b9ff8ba81ed1897f2ebb67a2d27e4766178ec44,event_date_absent;scl_255_quality_unknown
chimanimani_s2_1769.nc,s2_part02.tar.gz,6176008,84287a1d3f85742fd30b96b938f1e39fa3a7f5d34d2218559bc110cbed3eab18,True,,,0,False,,EPSG:32736,496635.0,7806725.0,497915.0,7808005.0,True,2092edef5b00c083bd18dc6ec230051c0e7f99600535d09e70e8d979a18707a9,event_date_absent;scl_255_quality_unknown
chimanimani_s2_1770.nc,s2_part02.tar.gz,6176008,d85f33c16499d783650b58cd9bdc4e1fbb4456f9aa0fb3b291ef7b5860253600,True,,,0,False,,EPSG:32736,496635.0,7808005.0,497915.0,7809285.0,True,bee7e2ca84e563d6b160e1f48d7b271dd9a6f8777caee2940adda6ada4c660a9,event_date_absent;scl_255_quality_unknown
chimanimani_s2_1771.nc,s2_part02.tar.gz,6176091,d555652432b517e235aef4b6f4c6daae1c6ff19129e2782f1363b23b9b10c0fd,True,train,145,145,True,2019-03-15,EPSG:32736,496635.0,7809285.0,497915.0,7810565.0,True,d5dce9c0b3bb898f5b53093af52b733682c28dbe5567de32271b042eebbad476,scl_255_quality_unknown
chimanimani_s2_1772.nc,s2_part02.tar.gz,6176175,8adc7025a9b5f9ecfdc597ca601d5038f36d180c8950b79ecbb3a32adf15fe2d,True,train,147,147,True,2019-03-15,EPSG:32736,496635.0,7810565.0,497915.0,7811845.0,True,ae04f4a7f293a489100e4dbe5b8683a255f30635dc4464c39a526f679ed09342,scl_255_quality_unknown
chimanimani_s2_1773.nc,s2_part02.tar.gz,6176008,194b142ba560c69d56844456d310e00ab3c0c3e8323bbab56335315bf54e8589,True,,,0,False,,EPSG:32736,496635.0,7811845.0,497915.0,7813125.0,True,935db9f8fce05514d6269d6675cc64315074438ad58b2b56a56e8317cfdc1cb3,event_date_absent;scl_255_quality_unknown
chimanimani_s2_1778.nc,s2_part02.tar.gz,6176008,9e2924b82bb0b6aca6d97cdd986b0702fb3de55aedd72e5f93da89eb9a428588,True,,,0,False,,EPSG:32736,496635.0,7818245.0,497915.0,7819525.0,True,71b0e8d2d0b596b01dd149f21c40764c6198c6f1ff11c8429df8fbf92607d5a7,event_date_absent;scl_255_quality_unknown
chimanimani_s2_1779.nc,s2_part02.tar.gz,6176008,5a84991ddc04906714edda072195bd1d1671feef436e87b799582b4bb2993e1b,True,,,0,False,,EPSG:32736,496635.0,7819525.0,497915.0,7820805.0,True,5f35d3cc1642e1ba07c8eb6609291af1f51b90546a6630150c65ef232f9167bc,event_date_absent;scl_255_quality_unknown
chimanimani_s2_177.nc,s2_part02.tar.gz,6176008,267fe031ef314c0b781f433a8c82ab15b0ee6594eac0381e06a2aa93cb8275e0,True,,,0,False,,EPSG:32736,462075.0,7773445.0,463355.0,7774725.0,True,fddda291de3ce7e7b668112f93e98b8043252d45770545785f9f81eb4785651d,event_date_absent;scl_255_quality_unknown
chimanimani_s2_1780.nc,s2_part02.tar.gz,6176008,a44273be5cb69a815b1149961c105b38b351a9974fdc3bb8ad6c4a042688b31a,True,,,0,False,,EPSG:32736,496635.0,7820805.0,497915.0,7822085.0,True,14b8e86b80d21e2dd548cd68187cac2182527f0e1b53fbe02c4d91d38c38c2ea,event_date_absent;scl_255_quality_unknown
chimanimani_s2_1781.nc,s2_part02.tar.gz,6176008,98e497d5fba4cd5d0566616b50d1312811b5a85b1922ff431e0f5c6c149d076d,True,,,0,False,,EPSG:32736,496635.0,7822085.0,497915.0,7823365.0,True,8342f7743486d6d938aafdd47cd874be0c82c3f526b2b0cde05a9096a6437d09,event_date_absent;scl_255_quality_unknown
chimanimani_s2_1784.nc,s2_part02.tar.gz,6176167,722758d31f0e5a8ccbb58fa025f732fb96b90cfb227e44db24109b1dfb8d2025,True,val,60,60,True,2019-03-15,EPSG:32736,496635.0,7825925.0,497915.0,7827205.0,True,53da6e28bcafbd452e05dbe4e6b2896ecafed42ab25c99b53e46d38b1ab55d12,scl_255_quality_unknown
chimanimani_s2_1786.nc,s2_part02.tar.gz,6176008,486106c22bf99eed571d1992390c3d20bca14a912e95f922a6a4bb42b6f0d608,True,,,0,False,,EPSG:32736,496635.0,7828485.0,497915.0,7829765.0,True,743f1cdc727ea722a76bb5ffaeafe24171d70819eb94bbad2adf581751eb0315,event_date_absent;scl_255_quality_unknown
chimanimani_s2_1787.nc,s2_part02.tar.gz,6176008,d3dffcb8cb91b7ec71f316179bc3dfe20b13822378c6bcd2a5126b7edfa03351,True,,,0,False,,EPSG:32736,496635.0,7829765.0,497915.0,7831045.0,True,0d81c6f53c52b3c14843ccb64dce9ee45dcd88053057cbc626ebb113859b5b4f,event_date_absent;scl_255_quality_unknown
chimanimani_s2_178.nc,s2_part02.tar.gz,6176008,820451c04db0c021b4bafbabc8da114b0bd298b58434df61ba304402df7ad175,True,,,0,False,,EPSG:32736,462075.0,7774725.0,463355.0,7776005.0,True,6176897befd43455bd7deb644ff1563f46f00a82e552fde7de7962f483e10bda,event_date_absent;scl_255_quality_unknown
chimanimani_s2_1792.nc,s2_part02.tar.gz,6176008,497c434f53ace5034d8b8f55662bd0f709676fdb7c94d8530535d404a3c8b818,True,,,0,False,,EPSG:32736,496635.0,7836165.0,497915.0,7837445.0,True,8bfba134c78569f4930ff4eef3b34299ac46852ea15bb6f70a667a17ae9e9f22,event_date_absent;scl_255_quality_unknown
chimanimani_s2_1793.nc,s2_part02.tar.gz,6176008,b42939d367a4d61463c0263b55e6ac07ad3b9568bc024b9da523136b151bf836,True,,,0,False,,EPSG:32736,496635.0,7837445.0,497915.0,7838725.0,True,164b5c833b21d55419b238f95e7f906eb910ea534336cd316afff5fb32fa0125,event_date_absent;scl_255_quality_unknown
chimanimani_s2_1795.nc,s2_part02.tar.gz,6176008,a434059956cad01ae5542d37db57a8f8fec8aa6bd6440db60904cbc16ac9f929,True,,,0,False,,EPSG:32736,496635.0,7840005.0,497915.0,7841285.0,True,6dc20715ef6ab817fdba931f442101ab951178e848465856de8f5d3514eb568c,event_date_absent;scl_255_quality_unknown
chimanimani_s2_1796.nc,s2_part02.tar.gz,6176008,33924db7ec94bd0f3b7b6f240157e9135b5d423aaf556583ad939292930d0d8f,True,,,0,False,,EPSG:32736,496635.0,7841285.0,497915.0,7842565.0,True,042cc0291cc6527c9349c7d6c8e61125cf6fb63954d234e4761258339ec7838b,event_date_absent;scl_255_quality_unknown
chimanimani_s2_1797.nc,s2_part02.tar.gz,6176008,57c482bc9a002f37defb78aef03687ed1f589b58a9a05614b45ef06395b3b28d,True,,,0,False,,EPSG:32736,496635.0,7842565.0,497915.0,7843845.0,True,7be1ecaadb7094ef4c5b09c527b806dcd67de8498e68938a7e1a1a6e0bfc869d,event_date_absent;scl_255_quality_unknown
chimanimani_s2_1802.nc,s2_part02.tar.gz,6176008,f68dec60aadd77cea68653fa58cd1a8e148c66005ea3f19aa19c965f22f4b98e,True,,,0,False,,EPSG:32736,497915.0,7774725.0,499195.0,7776005.0,True,1f8d55909b365d16559e054dce0e9c6a025bdd70bc6a0b5989b5a88b979f61fc,event_date_absent;scl_255_quality_unknown
chimanimani_s2_1803.nc,s2_part02.tar.gz,6176008,492fc2adae33c2ec3265350132f79160189f893da02c845c0bfb5a9f6cd774ab,True,,,0,False,,EPSG:32736,497915.0,7776005.0,499195.0,7777285.0,True,9595e7f85d27ac281e290a14b28423541f0e81c7e5e75e78bb1edc52788ebc1c,event_date_absent;scl_255_quality_unknown
chimanimani_s2_1804.nc,s2_part02.tar.gz,6176008,9c56116f1bf3bf94ed399ee2c4d456f071f158d4630d81cc68243a03ea57212f,True,,,0,False,,EPSG:32736,497915.0,7777285.0,499195.0,7778565.0,True,c10c192b1b90befda8c6dae84bb632cad232b89ceff15430cd551920c2a6c48e,event_date_absent;scl_255_quality_unknown
chimanimani_s2_1807.nc,s2_part02.tar.gz,6176008,2995f26fad248b0216b5e8231331d56fe7035f55db18e7c2310cb9b0cb5d54f3,True,,,0,False,,EPSG:32736,497915.0,7781125.0,499195.0,7782405.0,True,ff855e2dda678959497dc859bcb56d335179d6c10343c4c67441e90394c50795,event_date_absent;scl_255_quality_unknown
chimanimani_s2_1811.nc,s2_part02.tar.gz,6176008,9057ecdbb8a912af71055492e8646b9fa7b7be2ee1431ef24e8509e1eb194d47,True,,,0,False,,EPSG:32736,497915.0,7786245.0,499195.0,7787525.0,True,09b2805187e176984504fd4b0456535f1a5197a40a7e2f0651cdfea76cba0238,event_date_absent;scl_255_quality_unknown
chimanimani_s2_1812.nc,s2_part02.tar.gz,6176473,db8b3137f52ca2bcdcf0da18310ab561a8d8ba7619b77fbca14f52e50cc42f42,True,train,469,469,True,2019-03-15,EPSG:32736,497915.0,7787525.0,499195.0,7788805.0,True,fd38ade0ac9848bd7a8665526867c30b77b2e526f6a0136c0a59ac2f66f021b5,scl_255_quality_unknown
chimanimani_s2_1813.nc,s2_part02.tar.gz,6177844,1027e6431d34b0721c979b2823f41c734772f5dd18661563697aa327a1afa712,True,train,559,559,True,2019-03-15,EPSG:32736,497915.0,7788805.0,499195.0,7790085.0,True,44155bb33a9714ed936c46aa754b922d37f31ef2aeae1911cef8bc895a44110d,scl_255_quality_unknown
chimanimani_s2_1814.nc,s2_part02.tar.gz,6179346,45d1713c23f393ef76e487c493d8070381e94dcf4eb33783ca4782f5e920b7e5,True,train,1257,1257,True,2019-03-15,EPSG:32736,497915.0,7790085.0,499195.0,7791365.0,True,8949a5b4e29cc1fcbdd83b6c14778b379ae66ab26c6c6128e9f8df105c3b2256,scl_255_quality_unknown
chimanimani_s2_1815.nc,s2_part02.tar.gz,6176176,f24345876e3fe23adb4876e07bd3a3afabbb1ed3fd1e3ee90c95b87a969f7ebe,True,train,125,125,True,2019-03-15,EPSG:32736,497915.0,7791365.0,499195.0,7792645.0,True,4c74a4a58d6b4b0269955019530c0b3fdd6d5b71c52b72100d67785c5477c850,scl_255_quality_unknown
chimanimani_s2_1817.nc,s2_part02.tar.gz,6177693,05316b425ea71eac4cd52b4f3fc55a9a3882ca8ddfe442ee3e7c5e6b16eb3fdc,True,val,349,349,True,2019-03-15,EPSG:32736,497915.0,7793925.0,499195.0,7795205.0,True,ef6c8c8ea4b412fd3e615dcfc08706d64f8a5880c1b4f501d51adb6eb07b794a,scl_255_quality_unknown
chimanimani_s2_1818.nc,s2_part02.tar.gz,6178028,7b7ad921e98b07feb208967da22eec7605281db8e03f3c3fef80341a5cc17fad,True,train,650,650,True,2019-03-15,EPSG:32736,497915.0,7795205.0,499195.0,7796485.0,True,0add00bfd02ddbb8702d19402317028d51faea6776ce096f6e342b1fe1617a65,scl_255_quality_unknown
chimanimani_s2_1819.nc,s2_part02.tar.gz,6176414,d4fc12e082e30be0cbd537aa28611b27ea82ded7a3741a00a94d1ed578697040,True,train,217,217,True,2019-03-15,EPSG:32736,497915.0,7796485.0,499195.0,7797765.0,True,11ec8866897104cf38bc73e6824a15ed944c3a00c7d5154dc2731887f4cdc0ec,scl_255_quality_unknown
chimanimani_s2_181.nc,s2_part02.tar.gz,6176008,7a4c824309e7a1bc8db45332ec5548e22623e2a893a42d7380e3580ec9b22442,True,,,0,False,,EPSG:32736,462075.0,7778565.0,463355.0,7779845.0,True,e72878a37efaa6ecba5f31495edf709bfc0dbbb135c3446f7c1933ab4062bc02,event_date_absent;scl_255_quality_unknown
chimanimani_s2_1820.nc,s2_part02.tar.gz,6176439,7f83ca9fb43b377037c50ec8ed1f5f934618e07f20413701d6259c6135fa16ad,True,train,185,185,True,2019-03-15,EPSG:32736,497915.0,7797765.0,499195.0,7799045.0,True,f67d4cb8cb53ef32bf2731de440a271456e80010351645d7a0c50b16972edde5,scl_255_quality_unknown
chimanimani_s2_1821.nc,s2_part02.tar.gz,6176008,9b99659ed9a7735f88eb31005919448abb472f7929b6527aa94c219ecc6dd133,True,,,0,False,,EPSG:32736,497915.0,7799045.0,499195.0,7800325.0,True,694bc98db3046eb7296249df4bb3392adb7225182554e28e215530109622ce26,event_date_absent;scl_255_quality_unknown
chimanimani_s2_1823.nc,s2_part02.tar.gz,6176091,9118620faec5630eb2c8461666830d4cfbae9cdce33cb570c9b3b964c07fde9a,True,,,5,True,2019-03-15,EPSG:32736,497915.0,7801605.0,499195.0,7802885.0,True,1ee6fe0d120e79710a1deada887a253f9b01004eaa064fa91452ae58bcd196c9,scl_255_quality_unknown
chimanimani_s2_1824.nc,s2_part02.tar.gz,6176328,786f3b5b9b324a25b52f1d59f3ef891a09ab8f64ecfb14126e2ca9175429e472,True,test,224,224,True,2019-03-15,EPSG:32736,497915.0,7802885.0,499195.0,7804165.0,True,2f389dc0d4ede051df11358b7b8a045a51ef30e7b96386a58e36c02898c9550e,scl_255_quality_unknown
chimanimani_s2_1825.nc,s2_part02.tar.gz,6176273,6b61fcb428d86c1ea66843b4bd23a5457816527e4ef602605f1fc2f9fecfe9b7,True,train,203,203,True,2019-03-15,EPSG:32736,497915.0,7804165.0,499195.0,7805445.0,True,8ddaa6805b31bde4abd427fc63065c4044381fb09d6528c8794e9c83ffe7bf0b,scl_255_quality_unknown
chimanimani_s2_1826.nc,s2_part02.tar.gz,6177787,821e10256902d1148b6f35f223ce15c36c2b0a5417748c056b7dfc2c23dd5d12,True,test,613,613,True,2019-03-15,EPSG:32736,497915.0,7805445.0,499195.0,7806725.0,True,63d8ca5a485876bad43bf7f11e995fc674cb192cd7bcf3bb3a145a308d494123,scl_255_quality_unknown
chimanimani_s2_1827.nc,s2_part02.tar.gz,6179429,d549206b1d1a2e9d29ad6b117d91dea2d9355e85b58ad24ff14096ed42863fe6,True,train,860,860,True,2019-03-15,EPSG:32736,497915.0,7806725.0,499195.0,7808005.0,True,7d2773402d694c74c8b170ac115c9b6536b1d22d2f4c2c0475099fdf4d450a0a,scl_255_quality_unknown
chimanimani_s2_1828.nc,s2_part02.tar.gz,6177876,4b13eb08abf98e7aced9b232382359c83d6ff05fe383fd64098849602127de66,True,test,974,974,True,2019-03-15,EPSG:32736,497915.0,7808005.0,499195.0,7809285.0,True,8dd5518545c21accf8b0889a8d8b4bb5c3b21f415dbdfc87fc9c340cbfd62b59,scl_255_quality_unknown
chimanimani_s2_1829.nc,s2_part02.tar.gz,6176092,e7d2040a9df2c1438f0d6dd0877d30384169ce343b660142f4143dc9b07b7c8c,True,train,70,70,True,2019-03-15,EPSG:32736,497915.0,7809285.0,499195.0,7810565.0,True,27cdf08c97b07ed716075a1ad1c8c2540e987ceb9436848e3fd698431e60edcc,scl_255_quality_unknown
chimanimani_s2_182.nc,s2_part02.tar.gz,6176008,d79bc5d621be42b8c7f2c2024e777e3cdf43fdfd718b52956635affa4fc82870,True,,,0,False,,EPSG:32736,462075.0,7779845.0,463355.0,7781125.0,True,58be2cdf21c75893c08741340e037b200689849c5472d5b8cbef6e0e905b0c0c,event_date_absent;scl_255_quality_unknown
chimanimani_s2_1830.nc,s2_part02.tar.gz,6176168,86a877f3b0ec3ac8142bfd2eca8a1008fe2d83453c1de7862f1baaa2416db35b,True,train,276,276,True,2019-03-15,EPSG:32736,497915.0,7810565.0,499195.0,7811845.0,True,79d1df364208e34b38f22c4e1891158c14669562b587fdb0e58d1bc8d717a7c1,scl_255_quality_unknown
chimanimani_s2_1831.nc,s2_part02.tar.gz,6176008,53500ceabb5ef5664bb5e683e23e5b79ed0351af655069518547e624f838010e,True,,,0,False,,EPSG:32736,497915.0,7811845.0,499195.0,7813125.0,True,f98f28a5fadacb52329dac06f33b293b777a57ebb9c43a5606666ce1833e4069,event_date_absent;scl_255_quality_unknown
chimanimani_s2_1832.nc,s2_part02.tar.gz,6176008,17d5be1c85cb57c0a915ed8b2cfdb2ad1262e90bf83d8c4e11a454d06547fcf4,True,,,0,False,,EPSG:32736,497915.0,7813125.0,499195.0,7814405.0,True,55b64a5fd14098f7cf37be3ed121291b91a39ec797c6724c54e3aa7d0caf43cf,event_date_absent;scl_255_quality_unknown
chimanimani_s2_1834.nc,s2_part02.tar.gz,6176008,7293398c27f6632553329afd541a4f499138123f3e694bad339ee23a44ec9d9e,True,,,0,False,,EPSG:32736,497915.0,7815685.0,499195.0,7816965.0,True,8195829864d20e4c2528b530f93cf59e88809360409fa766316e20ecce1d1145,event_date_absent;scl_255_quality_unknown
chimanimani_s2_1837.nc,s2_part02.tar.gz,6176233,0ec7fcaafd9bfe2f19f712c9f38a5eb094e63864a267beee73a526528d1c7bfe,True,test,70,70,True,2019-03-15,EPSG:32736,497915.0,7819525.0,499195.0,7820805.0,True,6b4aa9a43672b63705e3bc7cbfce77058b3f1575e72a2ab49324c57aeb15e07f,scl_255_quality_unknown
chimanimani_s2_1838.nc,s2_part02.tar.gz,6176168,8dfc847be644a17f82aa5d38d124b8aa61b14c7386b673403350e197b7689a1e,True,test,75,75,True,2019-03-15,EPSG:32736,497915.0,7820805.0,499195.0,7822085.0,True,7e72fedecc841582924b3efaf6dfb67362dde29a12cd169f473cdad404cc0858,scl_255_quality_unknown
chimanimani_s2_1839.nc,s2_part02.tar.gz,6176250,7c5f74868bbcfb0a2acaf000fbdbf831ef32cb4df3bc6067b382d05b0a57d2d3,True,test,166,166,True,2019-03-15,EPSG:32736,497915.0,7822085.0,499195.0,7823365.0,True,bf47c3d292765a89c009d22d31d56f26c39cf65791428eba0603e8df3851080c,scl_255_quality_unknown
chimanimani_s2_1840.nc,s2_part02.tar.gz,6176359,fcfeecc2b11422fe1c47590d75a81e4f067af513eb224e66807495428b67e85d,True,val,125,125,True,2019-03-15,EPSG:32736,497915.0,7823365.0,499195.0,7824645.0,True,de42103b4e5af96fdcfe9b170341c131da78750b9301327457591e56ef3810a0,scl_255_quality_unknown
chimanimani_s2_1841.nc,s2_part02.tar.gz,6177745,a17e785ba21d3e3d9a9f5ae2f9d37f637b5626a5834bf40289e428039f1a8f70,True,train,475,475,True,2019-03-15,EPSG:32736,497915.0,7824645.0,499195.0,7825925.0,True,a125ddb1f7b4e69ac46bb0879099f12d910186ad0d2e958aa75e342b58f82937,scl_255_quality_unknown
chimanimani_s2_1842.nc,s2_part02.tar.gz,6176224,9d305e8b82e979d372855d2ba2d88284a0bc2d63ea49d9f11668c6cb8b5a0efd,True,train,107,107,True,2019-03-15,EPSG:32736,497915.0,7825925.0,499195.0,7827205.0,True,c4a1f7d8184c5d02ec8bd94fbcd0dfe73759754ede1e9c4a397cdc04579b0a3f,scl_255_quality_unknown
chimanimani_s2_1843.nc,s2_part02.tar.gz,6176177,a5810fc0cbeb317f165a84499a315c10ee54ea47bf3bb96c5f252bd47a09935b,True,test,121,121,True,2019-03-15,EPSG:32736,497915.0,7827205.0,499195.0,7828485.0,True,7e39f630a8e7bf9d9acb94f3d66633d6d1ed776e0e2cba97f29cb8ed821a0da2,scl_255_quality_unknown
chimanimani_s2_1844.nc,s2_part02.tar.gz,6176008,08bad6d7be58e172445ad15b0730dad4f75881076cb3b0f3bd775f2cdd5f92ea,True,,,0,False,,EPSG:32736,497915.0,7828485.0,499195.0,7829765.0,True,e7c827ae3c7868dcec4875d0ffdbe7c795e6161cf3a2169fde1a912d2d573326,event_date_absent;scl_255_quality_unknown
chimanimani_s2_1846.nc,s2_part02.tar.gz,6176008,c6e8d39219a8cc0b8a5e330199cf4105f9dba3f4e9a625fa72347190b6127171,True,,,0,False,,EPSG:32736,497915.0,7831045.0,499195.0,7832325.0,True,d47e915a35c1dfbae9a81e8224eee8faa8a58847974abb449a232e1d457efd67,event_date_absent;scl_255_quality_unknown
chimanimani_s2_1847.nc,s2_part02.tar.gz,6176008,40309d6846061abeb0a6cdb652527636c1cdf804c194e4e51f30f93aeada1866,True,,,0,False,,EPSG:32736,497915.0,7832325.0,499195.0,7833605.0,True,c4dd17436048d0fa56e9d6de265424bb4a44d3f0d259bed6ebff857e27007446,event_date_absent;scl_255_quality_unknown
chimanimani_s2_1849.nc,s2_part02.tar.gz,6176008,4bbcf8dcf67d80e344ad0cf6f3dc5be80f8be0804b35586fb8eebb1cc3bedddb,True,,,0,False,,EPSG:32736,497915.0,7834885.0,499195.0,7836165.0,True,5a5001186a571986add79b8fd00e3be2049090a4e05c1769d88c9ad854b2f87e,event_date_absent;scl_255_quality_unknown
chimanimani_s2_1853.nc,s2_part02.tar.gz,6176008,6d7307b358e8f2181440d1254f5f660c95c0f69c65e7f19cf91d0604d7135000,True,,,0,False,,EPSG:32736,497915.0,7840005.0,499195.0,7841285.0,True,d1936264406f20e23b3e168aafae47d0e1ca44839e49560df0142ab8655c06a5,event_date_absent;scl_255_quality_unknown
chimanimani_s2_1854.nc,s2_part02.tar.gz,6176008,54c041b06fb04605041ebf306c1c41a38bcbbb24845c83c3332f67a14d47031e,True,,,0,False,,EPSG:32736,497915.0,7841285.0,499195.0,7842565.0,True,2d4decf095b6726d60bb5b8835a839efa9f2edac8cc1cec3a1ba56de765e3ab0,event_date_absent;scl_255_quality_unknown
chimanimani_s2_1855.nc,s2_part02.tar.gz,6176008,3b6dbb35488a8062b372e266ee934fa27a2831d8451a2de3a29b93b365f4e003,True,,,0,False,,EPSG:32736,497915.0,7842565.0,499195.0,7843845.0,True,e590d1bddb7bb13a19e2bf0e26b6b146c1fa585d903b2bf88ad871ffd56b84f2,event_date_absent;scl_255_quality_unknown
chimanimani_s2_1858.nc,s2_part02.tar.gz,6176008,ced993dcaa857bbc30f32511455f2eef25a2dec69fa3a1d8f524706dc2519cfc,True,,,0,False,,EPSG:32736,499195.0,7772165.0,500475.0,7773445.0,True,4aff7c46cf31d8a66ee74591de15e902b0bd7ff0569769b695bc268b91e387fc,event_date_absent;scl_255_quality_unknown
chimanimani_s2_185.nc,s2_part02.tar.gz,6176008,86aa8d3127f7eefc54befe0b0deac99966fdbf5a731535e4d82258f060db58c7,True,,,0,False,,EPSG:32736,462075.0,7783685.0,463355.0,7784965.0,True,fc4ef7d0d60c495fade4ecbaef1554792f6a91dcb9517c25c389d52b757b40e2,event_date_absent;scl_255_quality_unknown
chimanimani_s2_1860.nc,s2_part02.tar.gz,6176008,18061b45d6b0edea76428b9221bb368649fb7baef51358549519e27d7ed51b64,True,,,0,False,,EPSG:32736,499195.0,7774725.0,500475.0,7776005.0,True,d1b7cf024a19f5cb73f80aa632364214286989aa77959476f8fca7f4ffab842c,event_date_absent;scl_255_quality_unknown
chimanimani_s2_1861.nc,s2_part02.tar.gz,6176008,ab762acadd4748d2e445b40c5b1d81a2b2c9fcc9107493104542313bf1e58b03,True,,,0,False,,EPSG:32736,499195.0,7776005.0,500475.0,7777285.0,True,1806244edc1fa8c5732597f9ffb9d1ece7ec14addb42c84f3945ac5ade89dcba,event_date_absent;scl_255_quality_unknown
chimanimani_s2_1862.nc,s2_part02.tar.gz,6176008,3885d74c176d9f8892b5fdb51132a4af7e3028a9511418c26d0cc042a56cc812,True,,,0,False,,EPSG:32736,499195.0,7777285.0,500475.0,7778565.0,True,3c62db0bc7f9a53ccb89a12b4adec7ca43bbe4466b9f9172c91cecbda75b329e,event_date_absent;scl_255_quality_unknown
chimanimani_s2_1863.nc,s2_part02.tar.gz,6176008,2b89f4cb548b845d17748b145edd3400560effeeb7898e2f8a6891455fa37090,True,,,0,False,,EPSG:32736,499195.0,7778565.0,500475.0,7779845.0,True,9682420daa42f80c3037cbfbeee796c1dbcc87e40a57d1b0e08a5691fdc99450,event_date_absent;scl_255_quality_unknown
chimanimani_s2_1865.nc,s2_part02.tar.gz,6176008,df8711428c034180360cf30273385b43b128e9f261a484ad9a206a28ac8f6707,True,,,0,False,,EPSG:32736,499195.0,7781125.0,500475.0,7782405.0,True,da76e4d49074c90727edf1c76ecd78e5af5039ce5c289e90917f7fbf6533c3e4,event_date_absent;scl_255_quality_unknown
chimanimani_s2_1866.nc,s2_part02.tar.gz,6176008,ee59bc6106b628b2600c6801ef68f8ca9db2d20171d9b3fe59388c7ef2a613a7,True,,,0,False,,EPSG:32736,499195.0,7782405.0,500475.0,7783685.0,True,76ffed4d14ed1a4eb64e064829dff06b19904f28c3e318844345168150c76e71,event_date_absent;scl_255_quality_unknown
chimanimani_s2_1867.nc,s2_part02.tar.gz,6176008,e67221d29f1acb5b00c4d3e31e3b9394268dc11d4f1b847f6c9966959b7d725c,True,,,0,False,,EPSG:32736,499195.0,7783685.0,500475.0,7784965.0,True,da0339859f2455ae2c8e4e73da831d9dbfa12faff243e5015e289e8bc9439d4e,event_date_absent;scl_255_quality_unknown
chimanimani_s2_1869.nc,s2_part02.tar.gz,6176100,898166c54b08a4cb4e572a3697ac3322d527a6d59b02f6ba039c331cf206e889,True,val,71,71,True,2019-03-15,EPSG:32736,499195.0,7786245.0,500475.0,7787525.0,True,0b7e20419c5ec425d4eaa7f914ef6e73a9c7e520e3c37642a8ef136f711f0043,scl_255_quality_unknown
chimanimani_s2_1870.nc,s2_part02.tar.gz,6179644,902636d7fa75480d71689346e0cce9b71e09b3a41fb6fa2738d61f708fa6f6b8,True,train,914,914,True,2019-03-15,EPSG:32736,499195.0,7787525.0,500475.0,7788805.0,True,1b8df35ee6531adc5aa23d35e48b2a6712ae40728e428d7a6e2bc768b82f52fe,scl_255_quality_unknown
chimanimani_s2_1871.nc,s2_part02.tar.gz,6176393,9941eff9683a042d08e926d83bd692fac82ecc1ac4442476554547be05c3364b,True,train,276,276,True,2019-03-15,EPSG:32736,499195.0,7788805.0,500475.0,7790085.0,True,c4ba4a3f02f489bff00762b57052875750ad1bad0e572f491998e20b9ba0ec66,scl_255_quality_unknown
chimanimani_s2_1872.nc,s2_part02.tar.gz,6176385,ac7af70cce3b7e20c55ab2ce47f5032da09cf6efb3944b5bb590d2048a28c0f3,True,test,167,167,True,2019-03-15,EPSG:32736,499195.0,7790085.0,500475.0,7791365.0,True,328cd784e17ce333b1fa323535ffaae10052413d25ae0971dc330e4f78d983b5,scl_255_quality_unknown
chimanimani_s2_1873.nc,s2_part02.tar.gz,6176100,efbec0315bb450a295771295d2169f76f452d95feca743d707af057756dc2556,True,test,139,139,True,2019-03-15,EPSG:32736,499195.0,7791365.0,500475.0,7792645.0,True,28eeccd7661c4eafdb761cf2bc865a61edc62de2b4098e05d704724aa3ffea3f,scl_255_quality_unknown
chimanimani_s2_1875.nc,s2_part02.tar.gz,6177608,2ca00fe88cb62b78b32ca285b1dee25c58089b3280b19efad49b16e68e644b77,True,train,448,448,True,2019-03-15,EPSG:32736,499195.0,7793925.0,500475.0,7795205.0,True,2b67098d149c8a700e50d9219bb8d921918920ca5a64145ad4a7f15b1287f19b,scl_255_quality_unknown
chimanimani_s2_1876.nc,s2_part02.tar.gz,6180154,06576fab3f7d2e623edc4a547021334ecd61dd5486b8f4b958094c3a1b2814af,True,train,1271,1271,True,2019-03-15,EPSG:32736,499195.0,7795205.0,500475.0,7796485.0,True,92368756055db6048dbcd4c24f910e342b7a34a9aeddb2ebf7d28c534c779fd4,scl_255_quality_unknown
chimanimani_s2_1877.nc,s2_part02.tar.gz,6177894,31b654b5c5e5bec03ac3dba2fdfc2b9349d988fc9fccb953df0258156dc0c1ef,True,val,482,482,True,2019-03-15,EPSG:32736,499195.0,7796485.0,500475.0,7797765.0,True,7ad2c30537fc86483dd6841bf5be8dae632c0766eda1663742f8a647d5fe6a84,scl_255_quality_unknown
chimanimani_s2_1878.nc,s2_part02.tar.gz,6176099,585c431770f10bdd0ecc4443d7ac3fba653e5fd3cba84c325c002ef840b7f9cc,True,,,18,True,2019-03-15,EPSG:32736,499195.0,7797765.0,500475.0,7799045.0,True,ea88e8f0564e52ed3cc2a99ee398a620b08baf76d5d7d453987e205897968ce5,scl_255_quality_unknown
chimanimani_s2_1879.nc,s2_part02.tar.gz,6176099,e7bbe66efa10578a8f4c8ce4ac1f426e28ef6216c1ccc9f558a61f962a4522e5,True,,,29,True,2019-03-15,EPSG:32736,499195.0,7799045.0,500475.0,7800325.0,True,e4f3989be9c340e29bc9b3f8a79325c000767cc99eb074c61769d6a87a17f975,scl_255_quality_unknown
chimanimani_s2_1880.nc,s2_part02.tar.gz,6177756,8a6108b94cf6e07ac265c7acbe821f5a1b78639b2d1f524d366beeba9a2c50f6,True,test,503,503,True,2019-03-15,EPSG:32736,499195.0,7800325.0,500475.0,7801605.0,True,23944a245aec1a6151669b4089602979c4ca3e2e82f2b775ffe2f4e63880742d,scl_255_quality_unknown
chimanimani_s2_1881.nc,s2_part02.tar.gz,6179320,5463cec755971022de4394278e378b7148ad7417ebc785ba0fcce87043d52729,True,train,648,648,True,2019-03-15,EPSG:32736,499195.0,7801605.0,500475.0,7802885.0,True,a9734cf73cfe2c27348bf84977c6b357a6d3e52843039cfeceef2af7b2fb1231,scl_255_quality_unknown
chimanimani_s2_1882.nc,s2_part02.tar.gz,6177632,dceb12a5f1d73ecdc6200a51e27b17b86b8f73b08e217ccd807044e82ec15561,True,train,334,334,True,2019-03-15,EPSG:32736,499195.0,7802885.0,500475.0,7804165.0,True,e8b5c65ceb1a7a6e1ef85c4a7299d14cf6d8724ffb2a95e6fc855094d6b83cc5,scl_255_quality_unknown
chimanimani_s2_1883.nc,s2_part02.tar.gz,6176440,a84323f5364e6c9cb073b45c150defbe01460b7d9c6ca66d16d613fb251710cd,True,train,301,301,True,2019-03-15,EPSG:32736,499195.0,7804165.0,500475.0,7805445.0,True,90580ae755e959187311acff91096bc90ca0414f7f16fa190ce6c7f4c2403ce0,scl_255_quality_unknown
chimanimani_s2_1884.nc,s2_part02.tar.gz,6177762,76eca3b291de08c0322cef2f6e445cfb5faf90dba9c131a94c878bae3cc3f3ae,True,train,500,500,True,2019-03-15,EPSG:32736,499195.0,7805445.0,500475.0,7806725.0,True,065ab97bb8abacdfb1ab4b116220b57e777c646868ca6e5d4281cf181a0d7de8,scl_255_quality_unknown
chimanimani_s2_1885.nc,s2_part02.tar.gz,6179954,af12fdf77411d84b60b7b948b2dfb54f7ba2c84c11ff02393ac38e26aeda3fa9,True,train,1714,1714,True,2019-03-15,EPSG:32736,499195.0,7806725.0,500475.0,7808005.0,True,056284359e9c19af1307c2cdbcb2fc3000e623337767b9268d362b2db09e5212,scl_255_quality_unknown
chimanimani_s2_1886.nc,s2_part02.tar.gz,6176165,51534a7fbfc07720d77ffbeae290947bb0dce1898244bae4cd6ffc2df4a6574d,True,train,124,124,True,2019-03-15,EPSG:32736,499195.0,7808005.0,500475.0,7809285.0,True,30593b1c00b6893e23d83ba8bf5016ce261767b085157ce4e9b7a6a03e8cee14,scl_255_quality_unknown
chimanimani_s2_1887.nc,s2_part02.tar.gz,6176319,33a480841a8a7df91d952804153563fbb1dae1ee5cbbc0cef045fc481574d953,True,train,533,533,True,2019-03-15,EPSG:32736,499195.0,7809285.0,500475.0,7810565.0,True,22851ae9c91116603cfc585ee1ece0d84d9f7a28dbc97942b1432b9985eb3807,scl_255_quality_unknown
chimanimani_s2_1888.nc,s2_part02.tar.gz,6176169,62da952ccd1428ab661f74775819921577c33badb69ab25283305a367334cd86,True,val,235,235,True,2019-03-15,EPSG:32736,499195.0,7810565.0,500475.0,7811845.0,True,80989b31ae8ab880b95f8f3445a12b7bdf7e1248a055d04ec05d0a237811187a,scl_255_quality_unknown
chimanimani_s2_1890.nc,s2_part02.tar.gz,6176108,21c1caa05b93bf1a225de987e1cafbfbaffc242b237b7ba42578269327205950,True,train,291,291,True,2019-03-15,EPSG:32736,499195.0,7813125.0,500475.0,7814405.0,True,e5ec0854c6e80e7ca97307edd63ecaf132dbe2341db4f5e17f3aaf7108675520,scl_255_quality_unknown
chimanimani_s2_1891.nc,s2_part02.tar.gz,6176008,bb990951dfbcc3dc621f8e9caf55805a44e441fc7dfacf13342b27ed5542cca5,True,,,0,False,,EPSG:32736,499195.0,7814405.0,500475.0,7815685.0,True,7827b329a6761696ddbe3cf2815950f186f67fbe7d98e383f74d7db5a5d313eb,event_date_absent;scl_255_quality_unknown
chimanimani_s2_1894.nc,s2_part02.tar.gz,6176008,df7548c3d8ca6440bb3376c4168dd692757c6d7e4f2ff096e8e0e4b17dae40dd,True,,,0,False,,EPSG:32736,499195.0,7818245.0,500475.0,7819525.0,True,c5de1a57d7e82fc3c6b66b5515ad7896b86721e54d335867ec9697d1a389f9d7,event_date_absent;scl_255_quality_unknown
chimanimani_s2_1896.nc,s2_part02.tar.gz,6176517,b8f37a2ec557a7d804bb928a4dac792a52086396b0b5fdc2b85375c88ffc4fb1,True,train,408,408,True,2019-03-15,EPSG:32736,499195.0,7820805.0,500475.0,7822085.0,True,a6e4fd222ec919be1de7a9b37a0ec177fd1f0aa77f24db011638545ea1b34858,scl_255_quality_unknown
chimanimani_s2_1898.nc,s2_part02.tar.gz,6177927,e86f9c4cf67e9e9c9c4d83ee45b8317110446a7d72da3cfbfb9557b1c84b22bf,True,train,448,448,True,2019-03-15,EPSG:32736,499195.0,7823365.0,500475.0,7824645.0,True,44e335be6369113c929507a5492ae492a3a75436ef60ca34eab44ff7b0b0b0f3,scl_255_quality_unknown
chimanimani_s2_1899.nc,s2_part02.tar.gz,6177941,97c3c4876f635df0c672a21938f41f12437453a7069a7b3f51a38514fa8490f7,True,test,567,567,True,2019-03-15,EPSG:32736,499195.0,7824645.0,500475.0,7825925.0,True,e88e2e3376f16a9880a20b6b81aecd7033dbf1093345a89dc9d0f087e368416f,scl_255_quality_unknown
chimanimani_s2_189.nc,s2_part02.tar.gz,6176008,f2e2b1cc584400c1038855a484dc6835de1febe59602e9ba76b1b3b72776c8c4,True,,,0,False,,EPSG:32736,462075.0,7788805.0,463355.0,7790085.0,True,f84283c6efb5acab4b5c80041ab9b351912b6d813f0b440ab01c882dd8694219,event_date_absent;scl_255_quality_unknown
chimanimani_s2_1900.nc,s2_part02.tar.gz,6176008,cc7262090d6aa75a0018120add4732a95862ea1e822a6e0c39a6aec11bbbd322,True,,,0,False,,EPSG:32736,499195.0,7825925.0,500475.0,7827205.0,True,280e1a5220bec0395b5fb5f806fbf486bc71f881cd11121baaadfa29ea69bcae,event_date_absent;scl_255_quality_unknown
chimanimani_s2_1905.nc,s2_part02.tar.gz,6176008,31e6100528d38bd3a5c9dd6730b584a6793cfa673884e21b5c9093993ad287e9,True,,,0,False,,EPSG:32736,499195.0,7832325.0,500475.0,7833605.0,True,4fa105c330c7d1709837454f58269e3777682d30726ce7eeab00c24b3319fb26,event_date_absent;scl_255_quality_unknown
chimanimani_s2_1906.nc,s2_part02.tar.gz,6176008,a1d3f71f6d9ddefc7b586c6692503df2418bed8b077419c5cc173fd1dfdcd0d1,True,,,0,False,,EPSG:32736,499195.0,7833605.0,500475.0,7834885.0,True,8aa984b6498e0ad3fa004dbba8807351c34304605f2f3e451aa90c2a14dea8dd,event_date_absent;scl_255_quality_unknown
chimanimani_s2_1907.nc,s2_part02.tar.gz,6176008,933780607ad758fbebbc4532dc95a881479f72df8eedfcf64ef698126462fae4,True,,,0,False,,EPSG:32736,499195.0,7834885.0,500475.0,7836165.0,True,affa715a8c2a730680e93b4b9a270c23f02572d15b785d10d76ba2f7843b166f,event_date_absent;scl_255_quality_unknown
chimanimani_s2_1908.nc,s2_part02.tar.gz,6176008,969016aab4f4860a530cd74224ffea91c20612756efaf66107c921b790d6b100,True,,,0,False,,EPSG:32736,499195.0,7836165.0,500475.0,7837445.0,True,d2bc01776a575ad9e9e09c9b4f330edf5301301151260717f184084e12610f30,event_date_absent;scl_255_quality_unknown
chimanimani_s2_1911.nc,s2_part02.tar.gz,6176008,6d01371c4cf3a647e3deacb7eee57e0d2e5756f360279ae9a43db117af0b5465,True,,,0,False,,EPSG:32736,499195.0,7840005.0,500475.0,7841285.0,True,be82e53b382c7ac632f2c8fc63a0b9fb10fccf211073c613cb764e75769bbce6,event_date_absent;scl_255_quality_unknown
chimanimani_s2_1912.nc,s2_part02.tar.gz,6176008,805fabba40720a3e0a443e4259bb23a9d5b719e2406358c2ab6290c8a12a1183,True,,,0,False,,EPSG:32736,499195.0,7841285.0,500475.0,7842565.0,True,558335a93856a56700e3e2d1f0c3ebfc2f3d0d4481a94428fc162689cd4f12c6,event_date_absent;scl_255_quality_unknown
chimanimani_s2_191.nc,s2_part02.tar.gz,6176008,a903dc68d2f7e60fdfe2e96b30fb6430c4b3c1914597a39457b7278526fecd1a,True,,,0,False,,EPSG:32736,462075.0,7791365.0,463355.0,7792645.0,True,01786ec0659de20ae39e99f2358a67b911fbd92e848f11ca7123632136ba0670,event_date_absent;scl_255_quality_unknown
chimanimani_s2_193.nc,s2_part02.tar.gz,6176008,9cac45932374a1f37681b99003f96e49f7dc105e63fc24f82baf2f73d4c2e80e,True,,,0,False,,EPSG:32736,462075.0,7793925.0,463355.0,7795205.0,True,7c253e8668546c9b5cfa861ab15fa8e4666794aa5c1371408d04552adb4f2e07,event_date_absent;scl_255_quality_unknown
chimanimani_s2_197.nc,s2_part02.tar.gz,6176008,c2414510f9afea20832e72ce897bf046295b1dbdab5b4b6f29c7a734b6c81c1d,True,,,0,False,,EPSG:32736,462075.0,7799045.0,463355.0,7800325.0,True,53642f3f9f8f83e68e9a39a564ad55a5e2d77bdea9544a2c2683bc314c331841,event_date_absent;scl_255_quality_unknown
chimanimani_s2_201.nc,s2_part02.tar.gz,6176008,923f9492257da2e5d3fc2a65bfb3bd6d61bdb09f0cdefc605eb375a2eff8368f,True,,,0,False,,EPSG:32736,462075.0,7804165.0,463355.0,7805445.0,True,10f623cf42c4c32d32abfa8982c5732762497b6e4e96ee057fa31b173bd9dab5,event_date_absent;scl_255_quality_unknown
chimanimani_s2_202.nc,s2_part02.tar.gz,6176008,6bf1bd8709603dccd6eb962ea28c495d97b6c61d5009a2bc9c5189fa30991afb,True,,,0,False,,EPSG:32736,462075.0,7805445.0,463355.0,7806725.0,True,f749dce2f22f4defdbf1c28d36b32b64e3b6ab933b03af7d225f7e82f9287607,event_date_absent;scl_255_quality_unknown
chimanimani_s2_204.nc,s2_part02.tar.gz,6176008,6fa8ed60c0d9e464044f9aa104c5be3962851153278800d6f5160ff0f6c696a8,True,,,0,False,,EPSG:32736,462075.0,7808005.0,463355.0,7809285.0,True,33078df4b073a7e25e7bc6041aad311069504935145967fa4b5c6dc1501bb628,event_date_absent;scl_255_quality_unknown
chimanimani_s2_205.nc,s2_part02.tar.gz,6176008,028b99221ef3920ee95d6f78bc84e60481030a2af9a6260a17be0a0c10139c64,True,,,0,False,,EPSG:32736,462075.0,7809285.0,463355.0,7810565.0,True,2083650fa5b91ed6495151cc2467e808845d52891b3065b8433b4c4bcc750153,event_date_absent;scl_255_quality_unknown
chimanimani_s2_207.nc,s2_part02.tar.gz,6176008,cb9b500fecd410e8d7b5a3022c03b9ce77e1389294050b7fe706ff4a762afe88,True,,,0,False,,EPSG:32736,462075.0,7811845.0,463355.0,7813125.0,True,c149c15353edb8ceaa3590c62b6c65473e92c47db217562cd42c85622a9e6293,event_date_absent;scl_255_quality_unknown
chimanimani_s2_209.nc,s2_part02.tar.gz,6176008,2ebc9c455a409c6be14868e6cb0aab81e651b8bc4413e9ddb16cfae4800947f7,True,,,0,False,,EPSG:32736,462075.0,7814405.0,463355.0,7815685.0,True,6bc0baf8b2aa1d72b1da096812fb9fa47a566dfc7485592c5e5f7fee62847f8f,event_date_absent;scl_255_quality_unknown
chimanimani_s2_211.nc,s2_part02.tar.gz,6176008,c4064b004697e5d03247e541c8b18afe851ac8d44a23a3c16b794366f481f6f3,True,,,0,False,,EPSG:32736,462075.0,7816965.0,463355.0,7818245.0,True,ba18f199c3a31115b06e3a3f32ad4d61a9b95da40866004988aad67946585760,event_date_absent;scl_255_quality_unknown
chimanimani_s2_215.nc,s2_part02.tar.gz,6176008,d9618b66baa1733b704e8aa72de7a218c102ac29cb8ef45c04367d1723fe6add,True,,,0,False,,EPSG:32736,462075.0,7822085.0,463355.0,7823365.0,True,a8f80eb31d0b7ec13d021354e5791644a4cb99924f5a8d5b41d748125f00523f,event_date_absent;scl_255_quality_unknown
chimanimani_s2_216.nc,s2_part02.tar.gz,6176008,07880fe4ddc70f6369ee208e0040acc14e5d0010a11c1dae4f24d2fe8d697ec6,True,,,0,False,,EPSG:32736,462075.0,7823365.0,463355.0,7824645.0,True,3237b7d949abe4ef45fff6314a9c89503c3640a12c14e5e92697d6dd75430ee0,event_date_absent;scl_255_quality_unknown
chimanimani_s2_217.nc,s2_part02.tar.gz,6176008,27dc1e7a94a248425b362c3cedc5f090ebfeb743ba96f647aca19b390700f68f,True,,,0,False,,EPSG:32736,462075.0,7824645.0,463355.0,7825925.0,True,64618b82f87262848e1c7fd4674f2ff9a5c72cc3afc85ee39a1bd6e36cb069eb,event_date_absent;scl_255_quality_unknown
chimanimani_s2_218.nc,s2_part02.tar.gz,6176008,bf3ac28aae5d4074106b832e1d22cb90b9b03ed227ee5ab90c794fecd12f0d9c,True,,,0,False,,EPSG:32736,462075.0,7825925.0,463355.0,7827205.0,True,79a36b3534c6dc5ffb24770ef41bc79e37ce5630f275f538111d800835c7d940,event_date_absent;scl_255_quality_unknown
chimanimani_s2_223.nc,s2_part02.tar.gz,6176008,48974e03708066a04b72c25777648c4711ec700c7ac3081924976b29b62eb927,True,,,0,False,,EPSG:32736,462075.0,7832325.0,463355.0,7833605.0,True,2b73a0811ca3d7a0b915bf1abcacffaaad852b2391bfa63b2e8c5cfd74e5c16b,event_date_absent;scl_255_quality_unknown
chimanimani_s2_226.nc,s2_part02.tar.gz,6176008,6b589403a211d9acb7d4e68788f15321aacc73aa01364b2f55334de9ba29299c,True,,,0,False,,EPSG:32736,462075.0,7836165.0,463355.0,7837445.0,True,2f70e7652a99f6d8dd9a4eb031db3ef3e352fb80d883479190d1167a3d37d743,event_date_absent;scl_255_quality_unknown
chimanimani_s2_229.nc,s2_part02.tar.gz,6176008,d27c89d484784bb9ae1d70a49942a9820feb649c7a50e920a6681a40a21a97e7,True,,,0,False,,EPSG:32736,462075.0,7840005.0,463355.0,7841285.0,True,888efcbc5b5cedf8fbc314127a4f2b1259d85cb22a5218115d35b872980dd9fa,event_date_absent;scl_255_quality_unknown
chimanimani_s2_230.nc,s2_part02.tar.gz,6176008,7a8fc3b8312fb2aab51d855631282bd61141abf39e4d3106963de6b154ac4b0c,True,,,0,False,,EPSG:32736,462075.0,7841285.0,463355.0,7842565.0,True,0955c72b7eaad53b826f44968443ea1f564f3b1e49620841b175681cb641b624,event_date_absent;scl_255_quality_unknown
chimanimani_s2_231.nc,s2_part02.tar.gz,6176008,939787134b4bbdfa62eb2072f877dd5255bb16e8c766e598ed016f7a916e31c7,True,,,0,False,,EPSG:32736,462075.0,7842565.0,463355.0,7843845.0,True,ac8e0290efca8fc0b221081e4586df758c29779917a60d14e4e63279498b05a5,event_date_absent;scl_255_quality_unknown
chimanimani_s2_233.nc,s2_part02.tar.gz,6176008,90787ef020d3fcce4aa2f83e7c116043d25f079b7708b7f5bb52fe8f1dfa476a,True,,,0,False,,EPSG:32736,463355.0,7770885.0,464635.0,7772165.0,True,33065f2553939e55ba043a7d914f9260670457fcbd572767c4384f982510c4b6,event_date_absent;scl_255_quality_unknown
chimanimani_s2_234.nc,s2_part02.tar.gz,6176008,a3dbe22262c8bd0f26c827bff33502983b5cd1100f33df884a85dd923640775e,True,,,0,False,,EPSG:32736,463355.0,7772165.0,464635.0,7773445.0,True,01d3bcd4573e7b88cc67e912194dda8bcd37b090a8005829c54b03e5d771a80e,event_date_absent;scl_255_quality_unknown
chimanimani_s2_239.nc,s2_part02.tar.gz,6176008,f1d7890e64c8bc653aaeb6755a48a197c6bb02fbb9c574785136d733e8de7ae5,True,,,0,False,,EPSG:32736,463355.0,7778565.0,464635.0,7779845.0,True,8f1dee94a6e5f9dece09007bceacedf735fa092b59220c7c9a1c5b2754ef2798,event_date_absent;scl_255_quality_unknown
chimanimani_s2_240.nc,s2_part02.tar.gz,6176008,b3c8bf0c09028f2897344aa5da465ecd6991e607b5224ba8a8c995270ec9ced7,True,,,0,False,,EPSG:32736,463355.0,7779845.0,464635.0,7781125.0,True,332423c02b705879b43c1a2acd5561f93a03bec7ae47000f7559e017e086b8d8,event_date_absent;scl_255_quality_unknown
chimanimani_s2_243.nc,s2_part02.tar.gz,6176008,64bbb89412d53ce98d21127003139379f062608db8378c600d874cc86dcf429d,True,,,0,False,,EPSG:32736,463355.0,7783685.0,464635.0,7784965.0,True,a09c1f3a90f5a82835993c29c65e5a9f4c3d5f489361295deee50fe4e200fa96,event_date_absent;scl_255_quality_unknown
chimanimani_s2_247.nc,s2_part02.tar.gz,6176008,2435ddc324e5eccea5bf7cc5e547d2b6bf8c22bedee466fb8661fec00394f1d2,True,,,0,False,,EPSG:32736,463355.0,7788805.0,464635.0,7790085.0,True,8fbf742023c2c4802cc0b9dabf6405d779acbe0c443030521eddebcaa48c8fbc,event_date_absent;scl_255_quality_unknown
chimanimani_s2_249.nc,s2_part02.tar.gz,6176008,e0b10a25f8b4530398aafaeab778c682c1398f2b6b41b8fe278af05d7bccaf63,True,,,0,False,,EPSG:32736,463355.0,7791365.0,464635.0,7792645.0,True,1f388ac53e0c41bc911e1102a4c353522027f32165e2f74bdb05aed6165ee39e,event_date_absent;scl_255_quality_unknown
chimanimani_s2_250.nc,s2_part02.tar.gz,6176008,536769cdd3f98c4ec3b2eea4f63e3a0b3f56448e5b6859be7f2f23b4c24a3abb,True,,,0,False,,EPSG:32736,463355.0,7792645.0,464635.0,7793925.0,True,0294734c2a93d42b7ba570f4cce2c6bcc9bdb78c16f13b42533b82d78b1f47b1,event_date_absent;scl_255_quality_unknown
chimanimani_s2_252.nc,s2_part02.tar.gz,6176008,9111a1a7fbac2aa577e2a9b1eac4abec0ff632befa41e2e7c94b5e29c2050a40,True,,,0,False,,EPSG:32736,463355.0,7795205.0,464635.0,7796485.0,True,078903bb43e84cca12165af969dfdc477887a573008cae0d42a00117af8c8a82,event_date_absent;scl_255_quality_unknown
chimanimani_s2_258.nc,s2_part02.tar.gz,6176008,c828dc0ba1794a54f6d9892d836c566e23fb703e42e1c90ae9622d240eeb6f77,True,,,0,False,,EPSG:32736,463355.0,7802885.0,464635.0,7804165.0,True,16a8620111b8a1a2cf686d3d4cc1a5e74bf29c755b19860e97161c85ef4b779c,event_date_absent;scl_255_quality_unknown
chimanimani_s2_259.nc,s2_part02.tar.gz,6176008,deb662f66c62f4cf1ed9deaf973810c999cdeef2ffc5a7de35c641c44470212f,True,,,0,False,,EPSG:32736,463355.0,7804165.0,464635.0,7805445.0,True,c086716a8c1cbf19368d782683f44fc3d85f62f6946a6ac641e94d514a66010e,event_date_absent;scl_255_quality_unknown
chimanimani_s2_264.nc,s2_part02.tar.gz,6176008,72ad91ad7824db49ef415e5ee9e7ee82ca108c3e6521fb1f8e735381aacd1e0d,True,,,0,False,,EPSG:32736,463355.0,7810565.0,464635.0,7811845.0,True,c8fe547722a37f12f865a8c346408d211cd31dd39849c42149af501ddc6886c9,event_date_absent;scl_255_quality_unknown
chimanimani_s2_266.nc,s2_part02.tar.gz,6176008,10f69b2a36a13e6962be52deab70fc2a5a372e393912412946591d0c47b227e0,True,,,0,False,,EPSG:32736,463355.0,7813125.0,464635.0,7814405.0,True,b815466931631a8acaacce7547ec7535e68a4bd154e8620d1defc7a22a7c863a,event_date_absent;scl_255_quality_unknown
chimanimani_s2_267.nc,s2_part02.tar.gz,6176008,67e16d1a451b52e3751df62705c4f8932586d7fe07a06c8266ff1023cb10f7c4,True,,,0,False,,EPSG:32736,463355.0,7814405.0,464635.0,7815685.0,True,1ab64ff00921023e00f0ab65df52dfda8266b632ec35454c0c8e50cbf5387075,event_date_absent;scl_255_quality_unknown
chimanimani_s2_268.nc,s2_part02.tar.gz,6176008,cde6e2f4e39ae091c4dc1e27fcd11559767bf2772abe0a4763a39765e47efcb6,True,,,0,False,,EPSG:32736,463355.0,7815685.0,464635.0,7816965.0,True,d4a0e84858836beb221f330b7956adca245794bae09c27a665dd29b68109d1ae,event_date_absent;scl_255_quality_unknown
chimanimani_s2_272.nc,s2_part02.tar.gz,6176008,07fa161cb492bb89a48495a1c7e18e49885895d12ab50f38898474d613970f36,True,,,0,False,,EPSG:32736,463355.0,7820805.0,464635.0,7822085.0,True,ecb3e264bc407b1025177976a65189fc71d891bc16b783fe97629c67ca8cba81,event_date_absent;scl_255_quality_unknown
chimanimani_s2_273.nc,s2_part02.tar.gz,6176008,f8194d8442489bd8bebc659436146b5499e3561dc2ea9682f31334846a31e73f,True,,,0,False,,EPSG:32736,463355.0,7822085.0,464635.0,7823365.0,True,945021c6e558c2196eee48cae5e4a3751f1139afaf18fcab65504cc6772c3319,event_date_absent;scl_255_quality_unknown
chimanimani_s2_274.nc,s2_part02.tar.gz,6176008,64435b420c004b129655ed1192561267eb77dc64383bb628fcdf98427f6bf1a7,True,,,0,False,,EPSG:32736,463355.0,7823365.0,464635.0,7824645.0,True,e1134744ad9d65cf29e4e9eb1e5d1d0765c279f904744884f8b30bc30830fb39,event_date_absent;scl_255_quality_unknown
chimanimani_s2_275.nc,s2_part02.tar.gz,6176008,2a6e1966818e030d271fd98b528508a48e2a324d06fabb844b228f182da9aa66,True,,,0,False,,EPSG:32736,463355.0,7824645.0,464635.0,7825925.0,True,62fc7f9ec65da88eb5da96589a70036652e341d7d36b365b6d39f509293b85cc,event_date_absent;scl_255_quality_unknown
chimanimani_s2_276.nc,s2_part02.tar.gz,6176008,b80c63dab06341879c683a6cf4483e60231b6d765d18e132ee7dbc25ae426b91,True,,,0,False,,EPSG:32736,463355.0,7825925.0,464635.0,7827205.0,True,6ccefd9d7b3ee3e82ae31eb68d93cb43df6e7477b799c331fb02bbdd7d4fb8d1,event_date_absent;scl_255_quality_unknown
chimanimani_s2_280.nc,s2_part02.tar.gz,6176008,3b3784d049b88758cb66dfe6985ed226cb9b605dd2fa60ec8ddcf3c8f84c14f9,True,,,0,False,,EPSG:32736,463355.0,7831045.0,464635.0,7832325.0,True,6217e3293d1d40d702a880cc590f83b6b6dd00a96c0deec49492168764844782,event_date_absent;scl_255_quality_unknown
chimanimani_s2_281.nc,s2_part02.tar.gz,6176008,580b4766f59bcb90013e6c5492c29639dda1dd0094013ee6bf54e04a185387bc,True,,,0,False,,EPSG:32736,463355.0,7832325.0,464635.0,7833605.0,True,f468f9a1d1576dbb6a35e9b3c025b30802acc09258f26a7268bc9cb275ce6f64,event_date_absent;scl_255_quality_unknown
chimanimani_s2_282.nc,s2_part02.tar.gz,6176008,7f42aafdbfd2758a6cb619eb3c2429e96d0c4002904d6f4282660e67f1c675a0,True,,,0,False,,EPSG:32736,463355.0,7833605.0,464635.0,7834885.0,True,79b3ea46e54f97d53ff6d0c6ea23c9ec40c95cf35e40423249214626b6118a8d,event_date_absent;scl_255_quality_unknown
chimanimani_s2_283.nc,s2_part02.tar.gz,6176008,74d84386bdf75fc9bf21086fc0c8c6fd283b0ef61ebb1b3a0e47b316bae4b780,True,,,0,False,,EPSG:32736,463355.0,7834885.0,464635.0,7836165.0,True,26d4dee69c88df0e63aaeab9af0ab01df36fa3c732f31f2734cf3b0bbf9e83b7,event_date_absent;scl_255_quality_unknown
chimanimani_s2_285.nc,s2_part02.tar.gz,6176008,c8a122644bf548bab6d6e6cea4958845d636590133d1de1e0d0616b7a297dbc3,True,,,0,False,,EPSG:32736,463355.0,7837445.0,464635.0,7838725.0,True,7d3c3dd92824559e7de231dca08bf7a66a006848cda508102c2bd6753da6a8e0,event_date_absent;scl_255_quality_unknown
chimanimani_s2_288.nc,s2_part02.tar.gz,6176008,87f6ba2828f0d731c9abd173893de5c280217f5a33358f79577f6923e51d0f98,True,,,0,False,,EPSG:32736,463355.0,7841285.0,464635.0,7842565.0,True,f7c1d6ee7cc202a245f4a4733c5b1bf2e0ea9d99bb58d0e9f490da261becdc33,event_date_absent;scl_255_quality_unknown
chimanimani_s2_292.nc,s2_part02.tar.gz,6176008,3fa4d0e4a421c1cae90e4f3f34c5f743ce9fcc0556db375e19efe80c7973d704,True,,,0,False,,EPSG:32736,464635.0,7772165.0,465915.0,7773445.0,True,ebd3fb219b7f639dc3ee665e0c11fafb2b478e5efd1c43ca670be8ff840f7545,event_date_absent;scl_255_quality_unknown
chimanimani_s2_293.nc,s2_part02.tar.gz,6176008,e8500c48c7099301d85e00f4dbd1d56b86f9f0d3e2e66c9956f4e808e6476486,True,,,0,False,,EPSG:32736,464635.0,7773445.0,465915.0,7774725.0,True,f9a35e284eb6aad58c4724aa18a9077cb8a089b2213a6d52322fa8af37f20b0a,event_date_absent;scl_255_quality_unknown
chimanimani_s2_295.nc,s2_part02.tar.gz,6176008,c8ce8ed9d150927368069035f01f549a167646c929076439dfc1333e4f1bff8c,True,,,0,False,,EPSG:32736,464635.0,7776005.0,465915.0,7777285.0,True,0819b1a0c61090f8936834a768999e6cc8e4279fc8dca2a77c1ae98adad2d36b,event_date_absent;scl_255_quality_unknown
chimanimani_s2_297.nc,s2_part02.tar.gz,6176008,04cf4d2e6f8ffc059e2658d791682bb772b53a86d72141b12a492704ccd58570,True,,,0,False,,EPSG:32736,464635.0,7778565.0,465915.0,7779845.0,True,4d2142b76925b86b4d1e20d8cdafd42efa7298893f67a41d7eec1f854cde1a3e,event_date_absent;scl_255_quality_unknown
chimanimani_s2_298.nc,s2_part02.tar.gz,6176008,86e210c8212f30fc805fb03df3f024cfe2b0112b1cf493c97a611d8e7cfd2f25,True,,,0,False,,EPSG:32736,464635.0,7779845.0,465915.0,7781125.0,True,6b440ab124e48583b4c046ee6923085eb369526f9861c1ceaaee1302c9f34778,event_date_absent;scl_255_quality_unknown
chimanimani_s2_299.nc,s2_part02.tar.gz,6176008,cb36b015e3cb161712bb4b070b83c176127f17f8754973b4ce6e6f6cb26b256a,True,,,0,False,,EPSG:32736,464635.0,7781125.0,465915.0,7782405.0,True,b39dda2b27093b4cf65073e2c6f1f1c2f354309f20dd6b4bf0ff3ad993c054b7,event_date_absent;scl_255_quality_unknown
chimanimani_s2_300.nc,s2_part02.tar.gz,6176008,1d47a247caaff7ee86ae4348b6360434c00835a2502d3f74ace71caadda67029,True,,,0,False,,EPSG:32736,464635.0,7782405.0,465915.0,7783685.0,True,a8abe3c25306592fb8fe63985e53fbf02c607473609c7929becedb27a730e29a,event_date_absent;scl_255_quality_unknown
chimanimani_s2_304.nc,s2_part02.tar.gz,6176008,adbc6324f701fa88b5a607a27a6ae05f3bc883254b29db994795134d71b9d452,True,,,0,False,,EPSG:32736,464635.0,7787525.0,465915.0,7788805.0,True,08a7e3474c5caafb2ceb07ea6a9489a1a29652a3f7fe821b96ae0250792735c6,event_date_absent;scl_255_quality_unknown
chimanimani_s2_305.nc,s2_part02.tar.gz,6176008,4c2f067ea6139b2c1f8d187ff4135bee0d11bd68bb9e92f4f4a6ba2f2eaffdcb,True,,,0,False,,EPSG:32736,464635.0,7788805.0,465915.0,7790085.0,True,6251f4a49ef9e74cd14797379cff1f323193273a44ff88e2301bbbc0cb8def78,event_date_absent;scl_255_quality_unknown
chimanimani_s2_306.nc,s2_part02.tar.gz,6176008,c950515a969d7474000074fa719956f2a3ae2e54442ccd69083916ca5412c9c1,True,,,0,False,,EPSG:32736,464635.0,7790085.0,465915.0,7791365.0,True,310232210a8cbf04e7606856d05812762cc53614bd07ac91d67488960a1a8bb5,event_date_absent;scl_255_quality_unknown
chimanimani_s2_308.nc,s2_part02.tar.gz,6176008,0af4c4a6f4b92501c3e88fb7f9a0de3a31e5cc4641f2e3a8ccbfda089e6513fb,True,,,0,False,,EPSG:32736,464635.0,7792645.0,465915.0,7793925.0,True,e199f907787b0fed9307297c3dd87936f31c3884a4bdc000acecae4db52cda61,event_date_absent;scl_255_quality_unknown
chimanimani_s2_310.nc,s2_part02.tar.gz,6176008,7daa7a3eefd31f86c7f633fa6caef143e95420a4581a823aff290f71528a4b98,True,,,0,False,,EPSG:32736,464635.0,7795205.0,465915.0,7796485.0,True,69964799500e8c3564a4e060143d68290565bd138b5a029842dcbec52362000c,event_date_absent;scl_255_quality_unknown
chimanimani_s2_311.nc,s2_part02.tar.gz,6176008,a0938dd74be381182ce8b019dda2e585d374d805f6022fcfc413c93ebc7c46c4,True,,,0,False,,EPSG:32736,464635.0,7796485.0,465915.0,7797765.0,True,3d4582cada17c777a8b18f653a270ddb324e39d78f45e28ee1235049f8121ded,event_date_absent;scl_255_quality_unknown
chimanimani_s2_312.nc,s2_part02.tar.gz,6176008,1c6e42f2c30693f374f9ce9c4fd62dd9bfc36ddcf905e6172504588087bc52a7,True,,,0,False,,EPSG:32736,464635.0,7797765.0,465915.0,7799045.0,True,f1c8023c908638be8edacf05a12e278b570cce972410786013841ebbc1b5ef71,event_date_absent;scl_255_quality_unknown
chimanimani_s2_313.nc,s2_part02.tar.gz,6176008,83ccc332130de8a81ae497fe3095311cffcfb9f4d4a2e186a065bb6a807bf4fa,True,,,0,False,,EPSG:32736,464635.0,7799045.0,465915.0,7800325.0,True,b302608e35904b6ee76c9a860925ff02830717ba9d6eea1e6c7e45fdcaf471de,event_date_absent;scl_255_quality_unknown
chimanimani_s2_317.nc,s2_part02.tar.gz,6176199,ce6bd5499659b7fec93bb47d4b5cf7e5f4bb40fea5eb38371fb27ad19baf580c,True,,,43,True,2019-03-15,EPSG:32736,464635.0,7804165.0,465915.0,7805445.0,True,f14c050ca19bab66dbbd3dcd8a641bfed01e2d9d428df309a7f01885aa93fe21,scl_255_quality_unknown
chimanimani_s2_318.nc,s2_part02.tar.gz,6176008,806c861f06bd07fc1df298bce1a69bc14332035ac24be90603309abf914db05a,True,,,0,False,,EPSG:32736,464635.0,7805445.0,465915.0,7806725.0,True,91869b85f4f16669a6c4f885ae02bdf22cb06ad6cc77d362057cc317365e4639,event_date_absent;scl_255_quality_unknown
chimanimani_s2_319.nc,s2_part02.tar.gz,6176008,5b9dd1ac9dbb403d1cf55718a886f142c3cb82298ccc5a45d5cc6b05fe089657,True,,,0,False,,EPSG:32736,464635.0,7806725.0,465915.0,7808005.0,True,3fb485a827022c3b1b1da9815ac1ec9d4096e95227c9759d6fc1ff37a066dbcb,event_date_absent;scl_255_quality_unknown
chimanimani_s2_320.nc,s2_part02.tar.gz,6176008,d6435ce9d162b2a3d6267d54e71a6fe497502390e2c806e30016db8bb26bd526,True,,,0,False,,EPSG:32736,464635.0,7808005.0,465915.0,7809285.0,True,66167a0236a8c194a5bcfc05677c9b2053ec264b3f6f5e55264b92c2d7336ba3,event_date_absent;scl_255_quality_unknown
chimanimani_s2_322.nc,s2_part02.tar.gz,6176008,231d027fe2fae981897ae2787d1bfdb490aeded4be7a72cf774939dc3952f1c1,True,,,0,False,,EPSG:32736,464635.0,7810565.0,465915.0,7811845.0,True,23d0ba34df24888bb57232473aec166ca0708a57bbb07ada9366d76e99ff323a,event_date_absent;scl_255_quality_unknown
chimanimani_s2_323.nc,s2_part02.tar.gz,6176008,645536c1362c84e6aeaab9654279a1ffb22a1079d41022cdfb8640d3f0311609,True,,,0,False,,EPSG:32736,464635.0,7811845.0,465915.0,7813125.0,True,5fe2b6e97b983890e2225dd3a532d52b05eb2d66917ad07ee562716b4c6d35da,event_date_absent;scl_255_quality_unknown
chimanimani_s2_324.nc,s2_part02.tar.gz,6176008,71624ae2ff29548f3351563fd01fa6d469fc281619a9c36204d8849603c648fc,True,,,0,False,,EPSG:32736,464635.0,7813125.0,465915.0,7814405.0,True,985ba174af6f7a84110825b05a46f59cb3e1b0d03ac24046ad4139fe3fed787f,event_date_absent;scl_255_quality_unknown
chimanimani_s2_325.nc,s2_part02.tar.gz,6176008,8e52032128d4ab8587120e520dd70cc8ed0c858231569b2e8c633773f3145c4c,True,,,0,False,,EPSG:32736,464635.0,7814405.0,465915.0,7815685.0,True,0a4ef83598194d269f59cace83820ee817f6c71e2c6be7b7b2b5a1fdde525ec1,event_date_absent;scl_255_quality_unknown
chimanimani_s2_326.nc,s2_part02.tar.gz,6176008,82ee113ee54c28ac29978e1027b7a8dcb5ae049d7f7ab4342bb74b3c5af86a66,True,,,0,False,,EPSG:32736,464635.0,7815685.0,465915.0,7816965.0,True,f3961c1c39d9a190ff43887d476036edb3d2cd47e7d7062b0765305e0479d46d,event_date_absent;scl_255_quality_unknown
chimanimani_s2_327.nc,s2_part02.tar.gz,6176008,42d1ccd9986bec8d53232b6c3ff74b704b0fd482416533a6245d3cbc4a998b55,True,,,0,False,,EPSG:32736,464635.0,7816965.0,465915.0,7818245.0,True,a7061a0ffe7483ce5c9504dd96ad42a1508d4a81125cc4b370a0bb8a94a17155,event_date_absent;scl_255_quality_unknown
chimanimani_s2_329.nc,s2_part02.tar.gz,6176008,7ba3ceeb673f8b78f917b2d37ccb629152ed7c5351bf25415f5d49132da3b201,True,,,0,False,,EPSG:32736,464635.0,7819525.0,465915.0,7820805.0,True,06e39404e657ae5a4c478cbbc114448584a28f34f25e8c8186f13116ee03c6e2,event_date_absent;scl_255_quality_unknown
chimanimani_s2_330.nc,s2_part02.tar.gz,6176008,a6db69b22184ad43534153ed7bbc7fdedb0404d0176683b6dd420c3bd98214b0,True,,,0,False,,EPSG:32736,464635.0,7820805.0,465915.0,7822085.0,True,8886d8f5169b2de602d1e296f88f8d1a745af38998b279eeda050df3b17c93af,event_date_absent;scl_255_quality_unknown
chimanimani_s2_331.nc,s2_part02.tar.gz,6176008,c5291c4dfccdbb05e8d25d2a94e162b1542bc8e70c864270e6d6b3dbc9d0491b,True,,,0,False,,EPSG:32736,464635.0,7822085.0,465915.0,7823365.0,True,445fe495a8dc294583a73479a32a19399c299a6f46411c3d03ca821748236603,event_date_absent;scl_255_quality_unknown
chimanimani_s2_333.nc,s2_part02.tar.gz,6176008,f5f721176d34efbfb5afaf3d087b1bd1f2f0813d950cf835f6f2a97de48ebc5b,True,,,0,False,,EPSG:32736,464635.0,7824645.0,465915.0,7825925.0,True,50b0b2b7187cd04d0f67e7a76beaacffa5ae0d1d9d734b8bc57dd1a3af5e3983,event_date_absent;scl_255_quality_unknown
chimanimani_s2_335.nc,s2_part02.tar.gz,6176008,e46c42e026ab024a06c6d7fd011a75a27c9f9a78a5faaf4b60d6842ba64ffdaf,True,,,0,False,,EPSG:32736,464635.0,7827205.0,465915.0,7828485.0,True,dc9fb757f913830f5fd160111b63be55f67404f45165e2d58890a851668069e3,event_date_absent;scl_255_quality_unknown
chimanimani_s2_339.nc,s2_part02.tar.gz,6176008,8bb14558c22ff9793951fe0508f53b7ea6d6331723cdcd8dd04d33a0293eb906,True,,,0,False,,EPSG:32736,464635.0,7832325.0,465915.0,7833605.0,True,9583f7eae5354e066c3057eca39d62af1fb8836d1e5fcb431984dfd25f261c6e,event_date_absent;scl_255_quality_unknown
chimanimani_s2_340.nc,s2_part02.tar.gz,6176008,44a98077812b04a41b7679934634f89586a70d0fe1dc56d327f61b52f6fd111e,True,,,0,False,,EPSG:32736,464635.0,7833605.0,465915.0,7834885.0,True,736fbbc1cde41eb0d5c50f5b6fd9e96e0c93c96a1de76f106d65be4c39b4ffa0,event_date_absent;scl_255_quality_unknown
chimanimani_s2_341.nc,s2_part02.tar.gz,6176008,f23e9b5dc8a2d2bf20faa24b09e4a817b4bb2495d7c9f164928bc1192d4aa11b,True,,,0,False,,EPSG:32736,464635.0,7834885.0,465915.0,7836165.0,True,99fda635638961fe096a198be4b05b3e8a061645e94522bf7d395215ccea893b,event_date_absent;scl_255_quality_unknown
chimanimani_s2_342.nc,s2_part02.tar.gz,6176008,6e15310b7103583533fe012f66bc608325e2cd0656e24b6a37ec662c94306ff4,True,,,0,False,,EPSG:32736,464635.0,7836165.0,465915.0,7837445.0,True,912143638ed6b86cf40a16882e600edd7f1740abae0bcdf7de9137ca4b463e4e,event_date_absent;scl_255_quality_unknown
chimanimani_s2_345.nc,s2_part02.tar.gz,6176008,00618cc81e46e428244771d5f0edc9908f04ef55424dd714816afd79431b54ee,True,,,0,False,,EPSG:32736,464635.0,7840005.0,465915.0,7841285.0,True,07cf31b3e0f3fee7b56444dc20bed9760caff0ef9ca4a99529cbfa9ed2b53989,event_date_absent;scl_255_quality_unknown
chimanimani_s2_346.nc,s2_part02.tar.gz,6176008,e46c8557f5e7fb137cf2d75039ca1f3db6b90459f6b589fea0a5890d4941d3da,True,,,0,False,,EPSG:32736,464635.0,7841285.0,465915.0,7842565.0,True,df2773a2c354705e019290a67da00ed6e8c1c0fe80ca0dd6f0fc0b16d50a2e0f,event_date_absent;scl_255_quality_unknown
chimanimani_s2_347.nc,s2_part02.tar.gz,6176008,2def90b3ea30f176d010030662f05dcc24c3ab3adfe484fbe15eafc572dece58,True,,,0,False,,EPSG:32736,464635.0,7842565.0,465915.0,7843845.0,True,f2aae591a6f8172200f8e790872ba9a3623d46a9a2687f7b43d0ab8feae04040,event_date_absent;scl_255_quality_unknown
chimanimani_s2_349.nc,s2_part02.tar.gz,6176008,eb68fda02f014a7f88142bdc6cd11f7a93e9384a70853e5a21186f016606ee92,True,,,0,False,,EPSG:32736,465915.0,7770885.0,467195.0,7772165.0,True,5faed3f7e01359f950f935c4b6bd46e8ed720d78ffd8dd2a00f565e8ebbabeb1,event_date_absent;scl_255_quality_unknown
chimanimani_s2_350.nc,s2_part02.tar.gz,6176008,7f98a4dfc75f50824ed5b64859c38e6ac6f5f13a5e4da35744d72547dd4d37a7,True,,,0,False,,EPSG:32736,465915.0,7772165.0,467195.0,7773445.0,True,f66525b248f971ca4bbe25648ed1c525675b47f6c0c521f05b6d41a5de364257,event_date_absent;scl_255_quality_unknown
chimanimani_s2_353.nc,s2_part02.tar.gz,6176008,8aef5dd914abd8c63f1d094530337bbd7c01f73ab3baa091e5aaaa006fba2e02,True,,,0,False,,EPSG:32736,465915.0,7776005.0,467195.0,7777285.0,True,7df8bb525f230eb9613650d89c5821715edd4f87506263d2f455ab80462be9cd,event_date_absent;scl_255_quality_unknown
chimanimani_s2_355.nc,s2_part02.tar.gz,6176008,1e362051af69b94128b7c6d24ff29f0cbda1bb194ac50716e669fe24d989b555,True,,,0,False,,EPSG:32736,465915.0,7778565.0,467195.0,7779845.0,True,296728e5710562390de47b0ed200f2bda54592f6840ae7d5952dd94a0794adbd,event_date_absent;scl_255_quality_unknown
chimanimani_s2_359.nc,s2_part02.tar.gz,6176008,d4c566371acb5b6c6ac54778b62910fd9e8205c12d8c964a99694e000b15114b,True,,,0,False,,EPSG:32736,465915.0,7783685.0,467195.0,7784965.0,True,af3298b0055572e489bccbfe1c694c7f61a025909a9aa47095be075ec9743f9c,event_date_absent;scl_255_quality_unknown
chimanimani_s2_360.nc,s2_part02.tar.gz,6176008,7c4795cdfc273a747245e90fbf4945668d73497df9fc8e4847e84aa6328bd0f3,True,,,0,False,,EPSG:32736,465915.0,7784965.0,467195.0,7786245.0,True,c7328aeea61ce3107a1a7aaf33ce33b93a44da813ac9ee9041f926768e19b77c,event_date_absent;scl_255_quality_unknown
chimanimani_s2_363.nc,s2_part02.tar.gz,6176008,32e0dd241f100b6bf8502e7b5eb542fdda8f16c52cea088b500c1d5b85ca1aa9,True,,,0,False,,EPSG:32736,465915.0,7788805.0,467195.0,7790085.0,True,a3458585d885a66c4cbb53d9b555f811b7f267f98b1a219adcdef4d951dfe066,event_date_absent;scl_255_quality_unknown
chimanimani_s2_365.nc,s2_part02.tar.gz,6176008,2de75f31f36a44f4a39b11d43a41f30d14286e65588df28957000f6fd4816e72,True,,,0,False,,EPSG:32736,465915.0,7791365.0,467195.0,7792645.0,True,8ba387704d12bfcbf286e9ad04aefdb2f6a8ca6f8901a986561bf876e648585c,event_date_absent;scl_255_quality_unknown
chimanimani_s2_369.nc,s2_part02.tar.gz,6176008,8d38b2ab0c9d72c45864ad4b0c6d4d9d6b88e4d6d08ae3e6673d26477967b99c,True,,,0,False,,EPSG:32736,465915.0,7796485.0,467195.0,7797765.0,True,8bdf1f36719aac90a8489e64dfbb9a1b77c970389e61feb5afc52fb174256204,event_date_absent;scl_255_quality_unknown
chimanimani_s2_371.nc,s2_part02.tar.gz,6176008,a6cfe16df225f02aac212f925c7f14bc360d25160b8018aca280ddb26c69d695,True,,,0,False,,EPSG:32736,465915.0,7799045.0,467195.0,7800325.0,True,56ae8aa161a8e228c7bf5c4abba715d682574bab28ff4a1077b829961eff0d63,event_date_absent;scl_255_quality_unknown
chimanimani_s2_372.nc,s2_part02.tar.gz,6176008,0f3512f2d392df3e11c5ba0af70d8284b345d0c9d317ddca9b9eace0e049162a,True,,,0,False,,EPSG:32736,465915.0,7800325.0,467195.0,7801605.0,True,7a32b45e2f447cf540988c20ae8c3040935efdd9f8ea7852836c83e9bffec9e2,event_date_absent;scl_255_quality_unknown
chimanimani_s2_374.nc,s2_part02.tar.gz,6176497,456e2abe55dc670b9ca987636989a4b22124f5eaace292dfe31ed55cd898d2ce,True,test,149,149,True,2019-03-15,EPSG:32736,465915.0,7802885.0,467195.0,7804165.0,True,41287ed20a5ca81f33e575626b0cf0f7cbd3cb3c5f003af13028e682deb4ca53,scl_255_quality_unknown
chimanimani_s2_375.nc,s2_part02.tar.gz,6176169,6bd267e57b4333f9760c92f455a5c5da0710b1b96caee43f769c4b972ad489c0,True,,,23,True,2019-03-15,EPSG:32736,465915.0,7804165.0,467195.0,7805445.0,True,5781358ebac66983f8ecb75773a708788c1eefc9398e516c8643222f0e94858a,scl_255_quality_unknown
chimanimani_s2_376.nc,s2_part02.tar.gz,6176102,78f0a96edb346876d767283eecc69bfc530cbac4dab9d601e6afe9d9234a55bb,True,train,58,58,True,2019-03-15,EPSG:32736,465915.0,7805445.0,467195.0,7806725.0,True,6ae4d3182f87962af52ea6fc5db64a357ee2191fc72b46acf21f22105e9ce0ce,scl_255_quality_unknown
chimanimani_s2_377.nc,s2_part02.tar.gz,6176008,0e018b4187a47f89eb19d836c685d637de574c4fd7279e9e85bf5a260728fc6a,True,,,0,False,,EPSG:32736,465915.0,7806725.0,467195.0,7808005.0,True,bce73fb80b9937652342d0d4c567968cf22802f4a356ca4c07764c7e1d56ce1b,event_date_absent;scl_255_quality_unknown
chimanimani_s2_378.nc,s2_part02.tar.gz,6176008,ccdbc5969b5493467a19b168b3b3f10c276505f50905de74aba0151b06e22b4f,True,,,0,False,,EPSG:32736,465915.0,7808005.0,467195.0,7809285.0,True,e59ae70bc8fb03c90c3595d04adfa905d7037373eb6258a74f9972b2cf5e806e,event_date_absent;scl_255_quality_unknown
chimanimani_s2_379.nc,s2_part02.tar.gz,6176008,c03c45978979591422edd078c1c483bcc8ad1b4c7614e05e15a2e2170dec71b2,True,,,0,False,,EPSG:32736,465915.0,7809285.0,467195.0,7810565.0,True,4b4f68af859a5c1ceb53dd9ad1066e7fb016738779d101329a9bf33953d06015,event_date_absent;scl_255_quality_unknown
chimanimani_s2_380.nc,s2_part02.tar.gz,6176008,397da433d9ec435dda0ecf013be6c03d5347d857b2896c2151fd36b7363fd680,True,,,0,False,,EPSG:32736,465915.0,7810565.0,467195.0,7811845.0,True,a3770669e7f7c99a45e32e8fb18fef091ace99ad3d664adb141f868e21a4324e,event_date_absent;scl_255_quality_unknown
chimanimani_s2_381.nc,s2_part02.tar.gz,6176008,d052f2354a79abdda86c4428de4d051538edd0f1fe8820a868a0d650804c646d,True,,,0,False,,EPSG:32736,465915.0,7811845.0,467195.0,7813125.0,True,03df96481458e51e6266938fef9314168b839b9d430da0fb7edc5a1de8d68e78,event_date_absent;scl_255_quality_unknown
chimanimani_s2_384.nc,s2_part02.tar.gz,6176008,ef00ceadded7181ebc2d87d5dcb49c488076ad00ed3d2fdbf03dc2215f279a52,True,,,0,False,,EPSG:32736,465915.0,7815685.0,467195.0,7816965.0,True,12d0a10d9f1cd75ac64faa2123cce4fa2c50d710df3f5f6627952432161acd27,event_date_absent;scl_255_quality_unknown
chimanimani_s2_386.nc,s2_part02.tar.gz,6176008,25810fdd125539e956f5537c7387cfe7e307a993cad9607bd27a75da576515cf,True,,,0,False,,EPSG:32736,465915.0,7818245.0,467195.0,7819525.0,True,0601c95effca2a89f3d0ab3f46e907e918e104a8c00628d2addd3b8e78dc3861,event_date_absent;scl_255_quality_unknown
chimanimani_s2_388.nc,s2_part02.tar.gz,6176008,6cd375a2260d93ffe5371c5d19da39d98d890f506ef05ed3aa98e50f031ecf97,True,,,0,False,,EPSG:32736,465915.0,7820805.0,467195.0,7822085.0,True,8797802342f1ce5741e6d1d2ca6b80ebac59995e7128f159dc0f920b56b5b94e,event_date_absent;scl_255_quality_unknown
chimanimani_s2_389.nc,s2_part02.tar.gz,6176008,1acd120e23e1eb72b9c6d8cb382d390951610339c5fc0faa53801a753b94ea12,True,,,0,False,,EPSG:32736,465915.0,7822085.0,467195.0,7823365.0,True,0c12f4fb6c53bc6669bf0b64906a9069de667259d32a76afd88c4863bc7ac3ef,event_date_absent;scl_255_quality_unknown
chimanimani_s2_390.nc,s2_part02.tar.gz,6176008,7accab2fbd61235f2e681d8f596cd76eec4d2a855f139440f772f30fcdf91ab6,True,,,0,False,,EPSG:32736,465915.0,7823365.0,467195.0,7824645.0,True,19e8a019487818b95714198adf3bcfa488d7bd462bc8e41f648a6a964525d6df,event_date_absent;scl_255_quality_unknown
chimanimani_s2_391.nc,s2_part02.tar.gz,6176008,0eee3de79c475db5c2bffb67d268cf3937c1773827860d5bb12ddd3d25a3d01a,True,,,0,False,,EPSG:32736,465915.0,7824645.0,467195.0,7825925.0,True,d4f8ccd83d4b59ef80ab96b1ca3e7ab9a56b815809a668c21e05c092b29a9723,event_date_absent;scl_255_quality_unknown
chimanimani_s2_397.nc,s2_part02.tar.gz,6176008,2ca08500a11adc0dcdf37e635766d21831c29befc28f781a95cbe1ce4bd96153,True,,,0,False,,EPSG:32736,465915.0,7832325.0,467195.0,7833605.0,True,7a91e30126fbd7188866ea1b8c8f08662bf1c441eb5a7b4f441ebb7b490ef3dd,event_date_absent;scl_255_quality_unknown
chimanimani_s2_399.nc,s2_part02.tar.gz,6176008,5e55254de31cfeee1852f5e869079a067385b9ce91bab554433f503c0bf8e561,True,,,0,False,,EPSG:32736,465915.0,7834885.0,467195.0,7836165.0,True,21457592c388b52d5ee08d3e7d2a27dc1409b9ad7a233aeb8760059f5b0d0546,event_date_absent;scl_255_quality_unknown
chimanimani_s2_403.nc,s2_part02.tar.gz,6176008,a4afd7e88e4918f6fa476db8897af189272525ffbee52bc1d09943fdc70a58ba,True,,,0,False,,EPSG:32736,465915.0,7840005.0,467195.0,7841285.0,True,016e7f7f69762e24259d6e584d9c18896eecece86de78a3829a0debfd177acef,event_date_absent;scl_255_quality_unknown
chimanimani_s2_405.nc,s2_part02.tar.gz,6176008,36fd5881962b388d1c6cb0f8f182f273e02f39cefd0818ed899ad38d1f2ac558,True,,,0,False,,EPSG:32736,465915.0,7842565.0,467195.0,7843845.0,True,3cfb012dcd868b892bb33caf87c0f79b70d92b31e7b8113ffbbbbdd5719d8daa,event_date_absent;scl_255_quality_unknown
chimanimani_s2_407.nc,s2_part02.tar.gz,6176008,b0150923ffed82fc14b1e3ca268950718469a0e725969bd0ad7dc9a4e00a9b00,True,,,0,False,,EPSG:32736,467195.0,7770885.0,468475.0,7772165.0,True,0e8eec129e420598b5e264766b59ec8d31c68ad51279bb654a07bfde643f6056,event_date_absent;scl_255_quality_unknown
chimanimani_s2_408.nc,s2_part02.tar.gz,6176008,baba1035bf4eb4ee31aa55a7d30da63a3277280f88d8297471d28c3c4c2810a4,True,,,0,False,,EPSG:32736,467195.0,7772165.0,468475.0,7773445.0,True,7a247b85a89646d998a2f73270729e0b56317b2f266d7d7a7f2e1d7f39c2ba5f,event_date_absent;scl_255_quality_unknown
chimanimani_s2_409.nc,s2_part02.tar.gz,6176008,8c72a41a1f98ee42076bc5d530342b360e676c27af65ab7bff366fa4204b56a4,True,,,0,False,,EPSG:32736,467195.0,7773445.0,468475.0,7774725.0,True,9ec0d3912f48b24835a205fb4521231c9ba812673c354e0580ae0be35e3c0f50,event_date_absent;scl_255_quality_unknown
chimanimani_s2_410.nc,s2_part02.tar.gz,6176008,b93448c0976f0a03e390c7327e8a74f27016fae10c7a13c93bf4b529089a8e14,True,,,0,False,,EPSG:32736,467195.0,7774725.0,468475.0,7776005.0,True,6fbbaa3f4900ac0788f860f80a2c73d23b83fc0062a98ba29d1e42e45463a355,event_date_absent;scl_255_quality_unknown
chimanimani_s2_412.nc,s2_part02.tar.gz,6176008,be05620730e191f5b4a9799291c0722ea89ac0d0e37129f7ea3c2005011af737,True,,,0,False,,EPSG:32736,467195.0,7777285.0,468475.0,7778565.0,True,b25ba1caaa4a18d14638a1a84f52bf40e183aba20f8c712b65dd1c7d81ed64cc,event_date_absent;scl_255_quality_unknown
chimanimani_s2_414.nc,s2_part02.tar.gz,6176008,a22b7346051af05fee8415158095c06f7d5a69d0010c27d6ff434ff356da11e9,True,,,0,False,,EPSG:32736,467195.0,7779845.0,468475.0,7781125.0,True,4071d2f29ce7c42ecb6f9ca59ef42e9e05375fa2b686027b595023f8e76b8f89,event_date_absent;scl_255_quality_unknown
chimanimani_s2_417.nc,s2_part02.tar.gz,6176008,86c7dccb4624a669fa66a7fc05e9bcfe3255ec604904adfb7cf76cd26d03bd7d,True,,,0,False,,EPSG:32736,467195.0,7783685.0,468475.0,7784965.0,True,b340f2d2face92fda055391a8a5bdcb7f1b0fbd6df22d5efd0e9ffc12d7195c9,event_date_absent;scl_255_quality_unknown
chimanimani_s2_422.nc,s2_part02.tar.gz,6176008,55c2c6eb1dab7ecfedbfd1aafa7ff131b5895e270c218caa1d0ca8b949ac5bc3,True,,,0,False,,EPSG:32736,467195.0,7790085.0,468475.0,7791365.0,True,80d0bf1fc2510efe17d1401a7e7adadba8f4babacdb02ed62f952b5066db334c,event_date_absent;scl_255_quality_unknown
chimanimani_s2_426.nc,s2_part02.tar.gz,6176008,9cf978d3c2418b846b202b1951967ebafcc98deb2e9d563d4ecb00e4e0bc2a53,True,,,0,False,,EPSG:32736,467195.0,7795205.0,468475.0,7796485.0,True,ef61fcbcef554edf50e77547d17e9d4961211845002654cdb88e3ec19ca21b13,event_date_absent;scl_255_quality_unknown
chimanimani_s2_428.nc,s2_part02.tar.gz,6176008,d1fb1b2be7d9baf066891bb35950561e1129220880534e1bf697de373d723656,True,,,0,False,,EPSG:32736,467195.0,7797765.0,468475.0,7799045.0,True,c8d7db7a4d46f750cbeb9673c0b7d245a7f3a1928644206c6309f0e8d8c13abc,event_date_absent;scl_255_quality_unknown
chimanimani_s2_429.nc,s2_part02.tar.gz,6176008,490053a1a4b4bd698a87a4de0ec58463e6b298acb2a06e7c5e74275fd4acf179,True,,,0,False,,EPSG:32736,467195.0,7799045.0,468475.0,7800325.0,True,54133396e3413e17f65110dfbea7966d5cab1f8e1e177fe0eaa33593b5e7758f,event_date_absent;scl_255_quality_unknown
chimanimani_s2_430.nc,s2_part02.tar.gz,6176008,f7b6397616426b89eef6e975bddfc36d45d891031fbe3f30c875dc1826d5cf25,True,,,0,False,,EPSG:32736,467195.0,7800325.0,468475.0,7801605.0,True,411a775e26de98c5176705a3442e6beabedbc4f39be1c92010c0ad0b22f83b00,event_date_absent;scl_255_quality_unknown
chimanimani_s2_431.nc,s2_part02.tar.gz,6176008,c9a5f0b082906ec60f736952507bf3d89bd22d85ff532b30c29bd99ccb1157e5,True,,,0,False,,EPSG:32736,467195.0,7801605.0,468475.0,7802885.0,True,41320adba7e622b0e1caea0bc08abfdf956c11091f4d2a33886a341cbb948f09,event_date_absent;scl_255_quality_unknown
chimanimani_s2_432.nc,s2_part02.tar.gz,6177942,2d545423ff7fd9a87378a26816f00b49ee08c72dbb2d9f8a18cc8535531d5711,True,train,251,251,True,2019-03-15,EPSG:32736,467195.0,7802885.0,468475.0,7804165.0,True,03cf33acc40d6f2650098593fe247a774aea73d50830b1dce0dcfef1682975b9,scl_255_quality_unknown
chimanimani_s2_433.nc,s2_part02.tar.gz,6176008,6bc99336b01c97fcf2375a25f83f0b6f99d35af20fda115c43bb9729ebcdf436,True,,,0,False,,EPSG:32736,467195.0,7804165.0,468475.0,7805445.0,True,07cffb402bca8532459579b86696d2030301c10823254d7e0627718742e10e9b,event_date_absent;scl_255_quality_unknown
chimanimani_s2_434.nc,s2_part02.tar.gz,6176008,201a735e8ac37be882bdc1dfb0d31cd4e337f0bc8f11adb594afb255b67ca6b7,True,,,0,False,,EPSG:32736,467195.0,7805445.0,468475.0,7806725.0,True,72d290d40387ede4c8d995adff84319db391c1b4c69681cee4fcd0e9c50d3ff4,event_date_absent;scl_255_quality_unknown
chimanimani_s2_435.nc,s2_part02.tar.gz,6176008,c08179f0b2f578df61a16b9e75e067a1b69008616c686d5aa9ec0d3022896e9f,True,,,0,False,,EPSG:32736,467195.0,7806725.0,468475.0,7808005.0,True,d77b64b70b60de60e161bad9f665c8eba2d1969cee10f7f5dc09f088274d559a,event_date_absent;scl_255_quality_unknown
chimanimani_s2_436.nc,s2_part02.tar.gz,6176008,abcfb167e17258d5a21879340f9a8513f697800361a52758d7994b190ea1e6e0,True,,,0,False,,EPSG:32736,467195.0,7808005.0,468475.0,7809285.0,True,8efcd97665effa2c1b9cfabe2e44e53a4d3f421a3a1d27b0170420d76cbb012c,event_date_absent;scl_255_quality_unknown
chimanimani_s2_437.nc,s2_part02.tar.gz,6176008,b614d192133a83cb5fcdfe49338f9ae1b579fd74b355d47a1a09065d6810c5b9,True,,,0,False,,EPSG:32736,467195.0,7809285.0,468475.0,7810565.0,True,28453778f900fc6c549ea5dc75103d60d3a0f7dbc4dfd07893b07cac590bbfa2,event_date_absent;scl_255_quality_unknown
chimanimani_s2_438.nc,s2_part02.tar.gz,6176008,f7414b491b65440c21fab4bc1e4289b6224aade415b54a21555316722397a631,True,,,0,False,,EPSG:32736,467195.0,7810565.0,468475.0,7811845.0,True,2cab3e67c076af22a8e42f382a8f04cdeb0087cdf6d0f439899b42c1171aeb2d,event_date_absent;scl_255_quality_unknown
chimanimani_s2_441.nc,s2_part02.tar.gz,6176008,03984035a002a4aeea025541a7be927dbc21da40c60ca0dc4dc9fdde06171107,True,,,0,False,,EPSG:32736,467195.0,7814405.0,468475.0,7815685.0,True,c724a9453cfa1494408cc8a1d62347463fb02bcd0daa90de9aef9914b79810c5,event_date_absent;scl_255_quality_unknown
chimanimani_s2_442.nc,s2_part02.tar.gz,6176008,fbca8df67f348af66024f4a96e17932b64ab6e08364b63f7f04767f7fd353896,True,,,0,False,,EPSG:32736,467195.0,7815685.0,468475.0,7816965.0,True,5cf83f448567700e477c7bccdef77f7130328c536015913a0cec69a90e001354,event_date_absent;scl_255_quality_unknown
chimanimani_s2_444.nc,s2_part02.tar.gz,6176008,5bd4a1ed84059b251820728c511a0e8b1f32fd8225a0c1afd033b7673ab0d6a4,True,,,0,False,,EPSG:32736,467195.0,7818245.0,468475.0,7819525.0,True,44c23c1fb0043a2f9ea92c31426261dcbd1b8de361f0e80058f40e0f9fd60e08,event_date_absent;scl_255_quality_unknown
chimanimani_s2_445.nc,s2_part02.tar.gz,6176008,2a5a1e17a0f583ef3951b72341de38fbe805a4adb4ac1341839f033488afe6b7,True,,,0,False,,EPSG:32736,467195.0,7819525.0,468475.0,7820805.0,True,174db6cd489b5c916644090a40fe3767e7cf271ccd019098b7e8d0f964945cec,event_date_absent;scl_255_quality_unknown
chimanimani_s2_446.nc,s2_part02.tar.gz,6176008,4ffc7d68bc63bfa14420889f3e922da00570a55e6ec2d99a5f2803be9ff6844d,True,,,0,False,,EPSG:32736,467195.0,7820805.0,468475.0,7822085.0,True,03fc79e5299b4cc066acf5cdec87290cd8eda99dcdb289758e43895d9d11bb26,event_date_absent;scl_255_quality_unknown
chimanimani_s2_449.nc,s2_part02.tar.gz,6176008,09eae38c136d81f5c53bed82107087584f89d40283db96b6963ab99f069d5d42,True,,,0,False,,EPSG:32736,467195.0,7824645.0,468475.0,7825925.0,True,7c02ea87ec2fc7623a2eae38726e95173b5a08dfce82a50876ad06eadbd0aa67,event_date_absent;scl_255_quality_unknown
chimanimani_s2_451.nc,s2_part02.tar.gz,6176008,0a2ca7e40f142542de9b01f1a16cc4cfeabc64f90a67ee56738051db275c69ff,True,,,0,False,,EPSG:32736,467195.0,7827205.0,468475.0,7828485.0,True,279009892d43d8f0c9e1d62f16042d178b52d593298818b929447c22f8199395,event_date_absent;scl_255_quality_unknown
chimanimani_s2_453.nc,s2_part02.tar.gz,6176008,00001b84f02361106932735543af17af627bc9a8cf039fbcbbfff68240760c43,True,,,0,False,,EPSG:32736,467195.0,7829765.0,468475.0,7831045.0,True,94e6484134593034ef802003b234340fcdafbb3d844c24863f668ee686d52216,event_date_absent;scl_255_quality_unknown
chimanimani_s2_455.nc,s2_part02.tar.gz,6176008,9301e82044c29c164510561f326d654d314fe2455b5c00102db9b30f667ec50d,True,,,0,False,,EPSG:32736,467195.0,7832325.0,468475.0,7833605.0,True,4a541aa3fd78345abd6aad950fb53ba3a5628ec3b3a0754ddaabc07edd1d550e,event_date_absent;scl_255_quality_unknown
chimanimani_s2_456.nc,s2_part02.tar.gz,6176008,d86a91725810ca4fe1386a165f1f34a788bf9563fa4baccd416875c7ad93fc79,True,,,0,False,,EPSG:32736,467195.0,7833605.0,468475.0,7834885.0,True,ec042cff3d53676b43d0eea1b6428900141ee3080cddbaacfc54fb265c965842,event_date_absent;scl_255_quality_unknown
chimanimani_s2_457.nc,s2_part02.tar.gz,6176008,647ff1875f484f1153bfbaf9fffa1996ee6ce5478563c17232f0b9ee5e2ba18a,True,,,0,False,,EPSG:32736,467195.0,7834885.0,468475.0,7836165.0,True,4c1be2b2205e6b282ebdac9ca9df4fd587331e14ce18a8ae7ce2870ebe0f65d6,event_date_absent;scl_255_quality_unknown
chimanimani_s2_459.nc,s2_part02.tar.gz,6176008,fdf131aadb6a4c6bede5b4166b8e11e5d5d8f512f880dcb8718dba7c18c192e7,True,,,0,False,,EPSG:32736,467195.0,7837445.0,468475.0,7838725.0,True,28a5b769219dbb4e8f889670bdbe8a59ed5711153cb48541ba5f6a0bd112d04d,event_date_absent;scl_255_quality_unknown
chimanimani_s2_461.nc,s2_part02.tar.gz,6176008,816655c07500d9d86ae5b8ea8347feb8ede75f71b3bfd2a2751f3b83f6439680,True,,,0,False,,EPSG:32736,467195.0,7840005.0,468475.0,7841285.0,True,42071e822bf895e246358973a44fa8908d7d6441ac7faf8bac65ad1e9ba0fd99,event_date_absent;scl_255_quality_unknown
chimanimani_s2_462.nc,s2_part02.tar.gz,6176008,5505bca7d0e036b1496851ce9682946094f2f27ee14b0b7acf85491f1fc25cee,True,,,0,False,,EPSG:32736,467195.0,7841285.0,468475.0,7842565.0,True,2e929293c70db30054d2a903e7b7f41f96d0b3ef4f03b0b3b5c8619584ce3627,event_date_absent;scl_255_quality_unknown
chimanimani_s2_465.nc,s2_part02.tar.gz,6176008,2d444d3ff762de551b5ad2ac8dff604eff6ad08e57d62b07482486bc9599b3d3,True,,,0,False,,EPSG:32736,468475.0,7770885.0,469755.0,7772165.0,True,ad1767a28f9103505c252b8e9cbff9561318f090bb220aca413ed962ff2baa2e,event_date_absent;scl_255_quality_unknown
chimanimani_s2_468.nc,s2_part02.tar.gz,6176008,d428f05db12cb94af5a1847674324ff5b8d75a3b3d19256b2a9eb51a1cbca9fb,True,,,0,False,,EPSG:32736,468475.0,7774725.0,469755.0,7776005.0,True,755a7a4760ef8500e28e70da344ec2b0802b0629158b1faaa0eaba2575338bf4,event_date_absent;scl_255_quality_unknown
chimanimani_s2_471.nc,s2_part02.tar.gz,6176008,85f0e7d22f35ea18135af21f9bb7f6ced0cd7af1fbef6c3f61532ff375a6bbb7,True,,,0,False,,EPSG:32736,468475.0,7778565.0,469755.0,7779845.0,True,41598e4a296af9ac4fbc91ffbd9343bf43cb15c074547a90b28e016ff8ce6a22,event_date_absent;scl_255_quality_unknown
chimanimani_s2_476.nc,s2_part02.tar.gz,6176008,53215159fbb13b04c5c7b58ccbc9e1bfd14092e0326eb4995ad9a04d1be2fa4b,True,,,0,False,,EPSG:32736,468475.0,7784965.0,469755.0,7786245.0,True,07e585425056e80228372a487560611d2a35d23a69c0fc31855274123d0595c9,event_date_absent;scl_255_quality_unknown
chimanimani_s2_477.nc,s2_part02.tar.gz,6176008,b1de102a476935e2f302cc5bd63e5b43873b14c3c495f707e157d749df498910,True,,,0,False,,EPSG:32736,468475.0,7786245.0,469755.0,7787525.0,True,b55adb449823509bbe89b8102805365cd822248c8bed891cc0ffe89f0fc20c2b,event_date_absent;scl_255_quality_unknown
chimanimani_s2_478.nc,s2_part02.tar.gz,6176008,9165ba706975eeb6d6e7117b7cc00a3ef05b843ec4a90e6dc6ef4952731c30d0,True,,,0,False,,EPSG:32736,468475.0,7787525.0,469755.0,7788805.0,True,a2cafdd79d5a722984fc62f0a5a3d9639412fc9b51081aafc0bbd91b5117d524,event_date_absent;scl_255_quality_unknown
chimanimani_s2_479.nc,s2_part02.tar.gz,6176008,d38ba1601e1dcc332ae10a7b376bc0c6a4a8dfe2861b80dfad5e46cce2135fa6,True,,,0,False,,EPSG:32736,468475.0,7788805.0,469755.0,7790085.0,True,c60758d6556b3f3e8968f864fcc3c5808ca2699f51db60602ba571ade02ea818,event_date_absent;scl_255_quality_unknown
chimanimani_s2_482.nc,s2_part02.tar.gz,6176109,a7f2d8c83bdc7022fa2043eb3079da14c8ea5c0638357ec96fe77371bead54a3,True,,,6,True,2019-03-15,EPSG:32736,468475.0,7792645.0,469755.0,7793925.0,True,22eb3ca6d04cd97e77dbe54d059cfbf89f034edb0b0d743d49da0cf7aba72097,scl_255_quality_unknown
chimanimani_s2_483.nc,s2_part02.tar.gz,6176008,af52c2145545c3b22db7170bf71f517542a43eb56c60c51cce7bf003ecf0e7a8,True,,,0,False,,EPSG:32736,468475.0,7793925.0,469755.0,7795205.0,True,104a48739f026661820d9f09a9f3618cdcac6e81d60e5076bdd9b969791effbc,event_date_absent;scl_255_quality_unknown
chimanimani_s2_484.nc,s2_part02.tar.gz,6176108,a90310a9ebe906220bfc8f3f66576f4784dd529fe1739db084897f8e7339913e,True,,,31,True,2019-03-15,EPSG:32736,468475.0,7795205.0,469755.0,7796485.0,True,775bff10a4251d05f5a9994dc156d7e22812f2f4b7e00788aef5f54d38a42187,scl_255_quality_unknown
chimanimani_s2_485.nc,s2_part02.tar.gz,6176008,264556b0863454fa88fd40d9f9659cead8f187ef9e5d2373e6c962e7dd42e1b8,True,,,0,False,,EPSG:32736,468475.0,7796485.0,469755.0,7797765.0,True,ab5751aa6f0b8ac98aa676bb8edfe779b35390e2ba6db902309f17d0ce7391cc,event_date_absent;scl_255_quality_unknown
chimanimani_s2_486.nc,s2_part02.tar.gz,6176008,958091051ea5c4cb9e87bb714fae9f1fe28ba335ad2c42456ceb35ae9232ef90,True,,,0,False,,EPSG:32736,468475.0,7797765.0,469755.0,7799045.0,True,36db34ec5bb50e22497dd55a83a0b5ac562e62b5eee40ac2451cf1c21b022a37,event_date_absent;scl_255_quality_unknown
chimanimani_s2_489.nc,s2_part02.tar.gz,6176441,663496dc26cc3bec523fa04766b4874e7d94b775bad66d11d60696d19c94ecf9,True,train,142,142,True,2019-03-15,EPSG:32736,468475.0,7801605.0,469755.0,7802885.0,True,9339b36b5362745cbedf58a3f883fd23c0b9a50f48bfa92cf1f01284b7f6d3e3,scl_255_quality_unknown
chimanimani_s2_490.nc,s2_part02.tar.gz,6176008,f4e313aee8a8084c6fe9277f214de25a9a92f89512a662983cd0eb83353a91dd,True,,,0,False,,EPSG:32736,468475.0,7802885.0,469755.0,7804165.0,True,2a8d4f8c6d8f93d517ee2628e533d354a87d18ca66f6027ee4ec8a0dbd196595,event_date_absent;scl_255_quality_unknown
chimanimani_s2_491.nc,s2_part02.tar.gz,6176008,a7674267cc77885b47898ff5f873a2a18c6d298c8a1e06c8536afc81a3bfdc5d,True,,,0,False,,EPSG:32736,468475.0,7804165.0,469755.0,7805445.0,True,2abf20bd99db84f8c14ba7a29df7d5289afa856f0ba446a6a5bbcb80b0bb17d2,event_date_absent;scl_255_quality_unknown
chimanimani_s2_492.nc,s2_part02.tar.gz,6176008,d8317e9455ccad12ad446af15767597d14b8ac49edb73cd6b6a7e1b3e99829f1,True,,,0,False,,EPSG:32736,468475.0,7805445.0,469755.0,7806725.0,True,1d6f54d44b463f778e340eff0bbe653228bac3959f7347dc203384a960202753,event_date_absent;scl_255_quality_unknown
chimanimani_s2_494.nc,s2_part02.tar.gz,6176008,287636317851cd6d23281fec606d76b6397a7ad9e1769ffa26cd26c44f2c329c,True,,,0,False,,EPSG:32736,468475.0,7808005.0,469755.0,7809285.0,True,a0adaca892a955c2ae968f412e138ab642d787300bef96fc49a4c8395210e566,event_date_absent;scl_255_quality_unknown
chimanimani_s2_496.nc,s2_part02.tar.gz,6176008,7fed0ae9e6d002b824183b439b1478d859dab2a68ccaffd673dc0642292a1db8,True,,,0,False,,EPSG:32736,468475.0,7810565.0,469755.0,7811845.0,True,98b6c87a55cd7d14490679dcc729ba4359052a6ab90d9877cbe5d6cde3e504d1,event_date_absent;scl_255_quality_unknown
chimanimani_s2_498.nc,s2_part02.tar.gz,6176008,7453a0837838c68b2ad3fab261f3118dec019859cdbb8f74a54d7335a18c2106,True,,,0,False,,EPSG:32736,468475.0,7813125.0,469755.0,7814405.0,True,a6d57a73ccc17bef8325cdc1e7853dfa7ffc19d0e08a5df910e53cb26cd41355,event_date_absent;scl_255_quality_unknown
chimanimani_s2_499.nc,s2_part02.tar.gz,6176008,37ebc7cd5c357cfefc8db02d56a5090901860a60615b195cd187501a4af2e437,True,,,0,False,,EPSG:32736,468475.0,7814405.0,469755.0,7815685.0,True,694a90df976c97840b5db251f7a26a6091f20164172457c8a9af7e3da012de13,event_date_absent;scl_255_quality_unknown
chimanimani_s2_500.nc,s2_part02.tar.gz,6176008,04097feee013607c4b96afaa25b914ddead8b3eb2d2cb630741c67ae5a481245,True,,,0,False,,EPSG:32736,468475.0,7815685.0,469755.0,7816965.0,True,fd03913f01b62dc2c01f16ba36d48e2eb8b4ac7f140d8a581697834f1d1f646f,event_date_absent;scl_255_quality_unknown
chimanimani_s2_502.nc,s2_part02.tar.gz,6176008,0358e28f1bf855b574537267c802eddecbb0b1c2cb79d7e974f1f0161dc901d6,True,,,0,False,,EPSG:32736,468475.0,7818245.0,469755.0,7819525.0,True,d184258f8d7fc9ea567fd59dc0840a75a93ba872dabff81382df5673191e5f6f,event_date_absent;scl_255_quality_unknown
chimanimani_s2_503.nc,s2_part02.tar.gz,6176008,37991a25cb3229cb04d00aa1f953f805a0204e3476004f3d8dc2e0804c9f6581,True,,,0,False,,EPSG:32736,468475.0,7819525.0,469755.0,7820805.0,True,df2e80251825c7e7bb727420febd647aa8f063d64887c95732ef82fec381d41f,event_date_absent;scl_255_quality_unknown
chimanimani_s2_504.nc,s2_part02.tar.gz,6176008,4cedab9c890fdab9dbce441dfd8cc20249cd270e20767194c636f38074e41974,True,,,0,False,,EPSG:32736,468475.0,7820805.0,469755.0,7822085.0,True,fcb2598abdd4794ca50afaea877efda9e604956464e9305fc32a8bb2b23741df,event_date_absent;scl_255_quality_unknown
chimanimani_s2_505.nc,s2_part02.tar.gz,6176109,39f4c024d5922dfc824a13d01ff478bb2d94113d4f9a3068f9e149c86629ab2c,True,,,26,True,2019-03-15,EPSG:32736,468475.0,7822085.0,469755.0,7823365.0,True,312da5d2cdf2cef0d687e93960419781f9c3d1ff0d515a599a06bfdd435ab6e2,scl_255_quality_unknown
chimanimani_s2_506.nc,s2_part02.tar.gz,6176407,3e656b3a457e0da2899327bf0638bd468c460d1c120296fbd854374d0c9856dd,True,val,86,86,True,2019-03-15,EPSG:32736,468475.0,7823365.0,469755.0,7824645.0,True,4316866c3ac6070de1fe95a79ad49df1f160cba0493a80a1c9378a30bbd8863f,scl_255_quality_unknown
chimanimani_s2_507.nc,s2_part02.tar.gz,6176102,5e48b04f0ea9f35ce6047044bcb46176827ddb949c605b4d16928907396afb20,True,,,22,True,2019-03-15,EPSG:32736,468475.0,7824645.0,469755.0,7825925.0,True,80987849ee06ec9e618a5b379addd61540d6c6020a6975536eaf3ed2a8dfce88,scl_255_quality_unknown
chimanimani_s2_511.nc,s2_part02.tar.gz,6176008,e1fc3cafa154894a8836c1a6beb837a5757d9e81d1759a17acb74e8ce14944cc,True,,,0,False,,EPSG:32736,468475.0,7829765.0,469755.0,7831045.0,True,fa2f1bd14fd7c6599e9cc8dba1d33d826fd6c3de7e832bc9f307cf39bdbf1815,event_date_absent;scl_255_quality_unknown
chimanimani_s2_514.nc,s2_part02.tar.gz,6176008,bf90fde691b334071ed3145cbfac1c062422a7e0962da84ae37f0a3e1fc89b80,True,,,0,False,,EPSG:32736,468475.0,7833605.0,469755.0,7834885.0,True,ea888ffd8e1ff5dd7e308af32a85e044bb316bae414dc96e50d7ecc73ae8618e,event_date_absent;scl_255_quality_unknown
chimanimani_s2_515.nc,s2_part02.tar.gz,6176008,0511180df44b79cca9a022d6e8ce52945b55ac265daa2f8d7a1818e29944741f,True,,,0,False,,EPSG:32736,468475.0,7834885.0,469755.0,7836165.0,True,8be87ca8ac6af49dcc0e50fdc3a1bedf20e1dc9714d35be694c9583d085dbbd8,event_date_absent;scl_255_quality_unknown
chimanimani_s2_516.nc,s2_part02.tar.gz,6176008,5631784b4ead394da77b5d82bdef4c6e2079fe3d8f3c49fdb667ec8c32820c2a,True,,,0,False,,EPSG:32736,468475.0,7836165.0,469755.0,7837445.0,True,a43ea47649eb2dee245f5d154c704485c65a461a513b91e76ba84e2784383804,event_date_absent;scl_255_quality_unknown
chimanimani_s2_517.nc,s2_part02.tar.gz,6176008,a8380bc8496f12a957221f1214dd02de3512f669e3b66317096713ff9259f053,True,,,0,False,,EPSG:32736,468475.0,7837445.0,469755.0,7838725.0,True,4fb268270876a44f1195ab3dee3e2ff2fd3859dba4a1c69800fbee8aaf74cec4,event_date_absent;scl_255_quality_unknown
chimanimani_s2_521.nc,s2_part02.tar.gz,6176008,8fb94686fe9985ded6917c77a50e27aed6b77ee6e3ab2f4327728beee028946f,True,,,0,False,,EPSG:32736,468475.0,7842565.0,469755.0,7843845.0,True,6e325c2413188182af3c21401c569bb42d20e94045b0d464213a8d61a5336020,event_date_absent;scl_255_quality_unknown
chimanimani_s2_529.nc,s2_part02.tar.gz,6176008,45ec51632d7d5dccca541944f42c59c9451d26ad051e92ae8a2d262890241f92,True,,,0,False,,EPSG:32736,469755.0,7778565.0,471035.0,7779845.0,True,94c337d913b1640f5dcb3c7785a8c546bf7fff11416d13039a37eacc92415c68,event_date_absent;scl_255_quality_unknown
chimanimani_s2_533.nc,s2_part02.tar.gz,6176008,a0f450b3c673866ea3e771dee6d98fbb6f3a60800f6fc7a55eba12d337d7cfd2,True,,,0,False,,EPSG:32736,469755.0,7783685.0,471035.0,7784965.0,True,462c47c45bc6812787af8aa41861ad06a99a868129584e13b8eb5c01f177ec4f,event_date_absent;scl_255_quality_unknown
chimanimani_s2_537.nc,s2_part02.tar.gz,6176008,e452d0698bfead0c751eed6da3310090e553a2b531e883b095d7b168c5753337,True,,,0,False,,EPSG:32736,469755.0,7788805.0,471035.0,7790085.0,True,f6d340349960fb82062c4c5496e72ac567f6c9c25ea513690a71c6a46636237e,event_date_absent;scl_255_quality_unknown
chimanimani_s2_540.nc,s2_part02.tar.gz,6176008,905951ae2e2e51f65a8502f24e64efbf6885b4794d88790737bb1b107e5f941f,True,,,0,False,,EPSG:32736,469755.0,7792645.0,471035.0,7793925.0,True,fca1cf293349dfff349f199bb5c1e157554c942b2747f11bf93005102b643d6e,event_date_absent;scl_255_quality_unknown
chimanimani_s2_541.nc,s2_part02.tar.gz,6176008,a66f4183bdb6f9866239357ffa8356c1abdb0c38ee0718dba67ba3a7ac09cd5c,True,,,0,False,,EPSG:32736,469755.0,7793925.0,471035.0,7795205.0,True,c5a70faf96e09bbdc70277168041d341985c19aa5d0ef0b7504b06e0ede88d1f,event_date_absent;scl_255_quality_unknown
chimanimani_s2_542.nc,s2_part02.tar.gz,6176008,476d89dda5a68753dd27e8f0926fc401d47a3a463e02fa2ff99ef2dee156118b,True,,,0,False,,EPSG:32736,469755.0,7795205.0,471035.0,7796485.0,True,e789441f38f70e65db807184f87bf1af6c2b66877679ea948fb79279b14f9f0f,event_date_absent;scl_255_quality_unknown
chimanimani_s2_543.nc,s2_part02.tar.gz,6176008,dd5ec3ce7b0633e4e0d9df28c66d36cd4dcfc98d8fb6a8d5e36f411c83ee19b3,True,,,0,False,,EPSG:32736,469755.0,7796485.0,471035.0,7797765.0,True,e83dd1241bb0e00bdfa03a5d5a12b4efcfa486046626c09d62ec17ae3a61f484,event_date_absent;scl_255_quality_unknown
chimanimani_s2_545.nc,s2_part02.tar.gz,6176008,f7f8b7f4e4f61ec130e069827c81afb2093ee55cca4ffe081756e3a39604b351,True,,,0,False,,EPSG:32736,469755.0,7799045.0,471035.0,7800325.0,True,37e5afb541a1beb42c1636f60ef36f4007da601b4759472d6cad4001731b95dc,event_date_absent;scl_255_quality_unknown
chimanimani_s2_547.nc,s2_part02.tar.gz,6176008,47e7d257f0965e22be405fdd6f3bc0839696cd96c2efc4bfed7b9128179ad1cf,True,,,0,False,,EPSG:32736,469755.0,7801605.0,471035.0,7802885.0,True,13e63a0606f273bf24ca0907f4bd6343fcde92ec28fb114800fb841a40689e2f,event_date_absent;scl_255_quality_unknown
chimanimani_s2_548.nc,s2_part02.tar.gz,6176184,22c97ff285016473d76c3e1003f7ce312439e9a1e81b99a2817d976da58571ca,True,test,135,135,True,2019-03-15,EPSG:32736,469755.0,7802885.0,471035.0,7804165.0,True,1eb5ba313e3edca21a745cd9f1af1c399f285a82b655203914a0649727ab75a2,scl_255_quality_unknown
chimanimani_s2_549.nc,s2_part02.tar.gz,6176419,f0adccf3c7f0e224f87428e0428448032dec299c93655225cb8b9decbda042cd,True,val,181,181,True,2019-03-15,EPSG:32736,469755.0,7804165.0,471035.0,7805445.0,True,4cc0b61fd921425bf4ad636ba0d1d21de322d366493f1f3055e51e54159a08c7,scl_255_quality_unknown
chimanimani_s2_550.nc,s2_part02.tar.gz,6179791,1defe4bd44ad70a411b2fd78417ad67b8f399342c5e25b4d03718c5fe14ee610,True,train,639,639,True,2019-03-15,EPSG:32736,469755.0,7805445.0,471035.0,7806725.0,True,9cb8c54abff45adc8b8fc2df7bcf384bf6f2b7edd8eeee6bc47a651148df71d0,scl_255_quality_unknown
chimanimani_s2_551.nc,s2_part02.tar.gz,6176192,25d7adeb6ac522f6596aca6a09ce5dfe08e13360eb54cb9a83cc502f8ea191e8,True,train,68,68,True,2019-03-15,EPSG:32736,469755.0,7806725.0,471035.0,7808005.0,True,f2d2139e88c1eb6c15245936eee541054ea81d53a07574f1d8dcd4853c9d05da,scl_255_quality_unknown
chimanimani_s2_552.nc,s2_part02.tar.gz,6176008,e093220cd5f5981659147dcca7c866b2cf95929155d957f31dffd26deaf0dd04,True,,,0,False,,EPSG:32736,469755.0,7808005.0,471035.0,7809285.0,True,b5e73bd44554e8a2e165e251039a9ad5ced58896b08d4a9a600c4a06ead3063b,event_date_absent;scl_255_quality_unknown
chimanimani_s2_553.nc,s2_part02.tar.gz,6176008,13e2bb3be85c99e882fe300166491aca507f32b7c6c99d7730c5157ec3289dd2,True,,,0,False,,EPSG:32736,469755.0,7809285.0,471035.0,7810565.0,True,807a9bf8efe2d54abdde05c9cd4dbf4d2a39215ca15715fe3e1d76a03a3de17e,event_date_absent;scl_255_quality_unknown
chimanimani_s2_555.nc,s2_part02.tar.gz,6176008,0272e5bd90ec68d17b5ddfc06fa6e2e1537e612778e694cf9d6ff42bb622d613,True,,,0,False,,EPSG:32736,469755.0,7811845.0,471035.0,7813125.0,True,f66b1d6ca70012edd1a8f484c1d54e7168f3042d8a4680a3be75051ec27393b7,event_date_absent;scl_255_quality_unknown
chimanimani_s2_556.nc,s2_part02.tar.gz,6176008,712aa89e66ecba35d4802c787576f7573818e3e74b117cc75f9bdf11ea586b32,True,,,0,False,,EPSG:32736,469755.0,7813125.0,471035.0,7814405.0,True,01ea7dc5d9c38c96da4304f077382988ac6b7dcf5ab80ba39667f0ed9ea6add2,event_date_absent;scl_255_quality_unknown
chimanimani_s2_557.nc,s2_part02.tar.gz,6176008,345a05b8332281229e665617da54146242c02ca458f91661f709ce7e5b1caab6,True,,,0,False,,EPSG:32736,469755.0,7814405.0,471035.0,7815685.0,True,93ff084dafeb0aa817e74cd827a4931b015e54f7f4e5fe26f51aead52262d4db,event_date_absent;scl_255_quality_unknown
chimanimani_s2_559.nc,s2_part02.tar.gz,6176008,3282c09adbb31650f2dd62815364e0d77f2552aa0962e6d7d0def7b989517891,True,,,0,False,,EPSG:32736,469755.0,7816965.0,471035.0,7818245.0,True,95368475eab27d13481497b4a61f2c6c9972bf4967774212e46e7a9adf91a0e6,event_date_absent;scl_255_quality_unknown
chimanimani_s2_560.nc,s2_part02.tar.gz,6176008,68e181c96020cca59ac730ba75a5a6ac90d1bca2e20e8e69111145ae1f8cfe6d,True,,,0,False,,EPSG:32736,469755.0,7818245.0,471035.0,7819525.0,True,2cc6acda0f79fd692c4baa55e378d8fd789266e2f3090ea348349ea86f947521,event_date_absent;scl_255_quality_unknown
chimanimani_s2_561.nc,s2_part02.tar.gz,6176008,099ffd77e40eeaa383d63cb825d2c92ab8a57d8321578953c52bc214da309ccd,True,,,0,False,,EPSG:32736,469755.0,7819525.0,471035.0,7820805.0,True,e8eb89d0474b70756829f59884ae2450566b07602af0656e16e34c567776c661,event_date_absent;scl_255_quality_unknown
chimanimani_s2_563.nc,s2_part02.tar.gz,6176110,e97ac04ea2fa85e2eb87535dd2bb586cb74605dc2205f18c06708ba5be10d1cf,True,,,18,True,2019-03-15,EPSG:32736,469755.0,7822085.0,471035.0,7823365.0,True,dad7886bf3b48f048d9959eff2d25f361ffab67ead642b0d5ece78bbd3fa5118,scl_255_quality_unknown
chimanimani_s2_564.nc,s2_part02.tar.gz,6176008,fcad67f5f5e476afa516179c69861cf75b1adc03b1c62b888b8df38d31140c31,True,,,0,False,,EPSG:32736,469755.0,7823365.0,471035.0,7824645.0,True,ab8671fbfc5a083a0797b3dc11ce0542e9d6e8d1a62290e3a12f45b63cab93bd,event_date_absent;scl_255_quality_unknown
chimanimani_s2_566.nc,s2_part02.tar.gz,6176413,2360f99e7968eeed041acc0567e90febd931513d4cde010cd47033d39add91ee,True,train,252,252,True,2019-03-15,EPSG:32736,469755.0,7825925.0,471035.0,7827205.0,True,17b5aa1de9294d34c45408c35881c3368bd889d5ea17970f85eb9da1b3b2a620,scl_255_quality_unknown
chimanimani_s2_568.nc,s2_part02.tar.gz,6176008,44e723c99d25dfe9b50aaf66af49af45345140ac8111617069bddd814a27b524,True,,,0,False,,EPSG:32736,469755.0,7828485.0,471035.0,7829765.0,True,4dd12d4a430924ab54f762803fcdf89a98334857cb7a63b8e87f34240040ad20,event_date_absent;scl_255_quality_unknown
chimanimani_s2_570.nc,s2_part02.tar.gz,6176008,d23160bf4f251305192b551069b2e50154d7ef0324036d22aaf9d9a667956d7d,True,,,0,False,,EPSG:32736,469755.0,7831045.0,471035.0,7832325.0,True,1056e28245c7cf2223e73eca73d103acf03cb1ac726f187f6dd4bafbdef24fd4,event_date_absent;scl_255_quality_unknown
chimanimani_s2_572.nc,s2_part02.tar.gz,6176008,263f85b24eb6d71c24ef9b8bc63afe8ff5f929f89e0ff9cad81e4b3990e268ba,True,,,0,False,,EPSG:32736,469755.0,7833605.0,471035.0,7834885.0,True,127d7785953f7f42865f66d1abcb9a52e4940fd7f0f419cf6034834c3cfb7a31,event_date_absent;scl_255_quality_unknown
chimanimani_s2_575.nc,s2_part02.tar.gz,6176008,2458964ed904d274d486dc6ecd5fbf5cdca1fc8a0b2e973153be676107259aab,True,,,0,False,,EPSG:32736,469755.0,7837445.0,471035.0,7838725.0,True,edd5da9dcf1e87a93c46d1b322e6feb58938a58c02bb0ba85e0f8d1066aac21f,event_date_absent;scl_255_quality_unknown
chimanimani_s2_576.nc,s2_part02.tar.gz,6176008,0f1255425f24ee6bb352e6ccb3dc7d6acf62d7725671b756892b40a22e8d0e6f,True,,,0,False,,EPSG:32736,469755.0,7838725.0,471035.0,7840005.0,True,ab7bdff8cd9adec4b3334ffb6a0e39755eefa9f0baf0fef458af3ac50b263dec,event_date_absent;scl_255_quality_unknown
chimanimani_s2_582.nc,s2_part02.tar.gz,6176008,dcbab2785f1d4a7df2cb9c750a78f72a56b64661289d7f96ee653f1a6cec7118,True,,,0,False,,EPSG:32736,471035.0,7772165.0,472315.0,7773445.0,True,77c0c2df17a9dc92391325ba13beb29f1e0e3cb858b74411218c786c5af70a22,event_date_absent;scl_255_quality_unknown
chimanimani_s2_585.nc,s2_part02.tar.gz,6176008,09d76e26aeadd8a2a25cf5fbbbe888a18adbd8da0e352a7af88178905c51f2e5,True,,,0,False,,EPSG:32736,471035.0,7776005.0,472315.0,7777285.0,True,44071f29f4e649b27f2873cab2987d6d192e47317a3588128056062119fb012c,event_date_absent;scl_255_quality_unknown
chimanimani_s2_588.nc,s2_part02.tar.gz,6176109,5834ef4855c6fdc2882b4ab70252cb7dead7048f23487c1d333fec423b21bc32,True,,,21,True,2019-03-15,EPSG:32736,471035.0,7779845.0,472315.0,7781125.0,True,2aa04abe24a892632bba9ddf92d9bab7a5dc3600670f55afbc4656855f04338d,scl_255_quality_unknown
chimanimani_s2_589.nc,s2_part02.tar.gz,6176008,10cde39a935e7067c0b5c669848f06f169e0b522f74493440a7e96d3b61dcf47,True,,,0,False,,EPSG:32736,471035.0,7781125.0,472315.0,7782405.0,True,7b8ae7c89745dd969b1b2ad83436ee9109c6e8c40f8773bfa67a11c1d184d3b3,event_date_absent;scl_255_quality_unknown
chimanimani_s2_594.nc,s2_part02.tar.gz,6176105,60f5f67a1ae20105a168dd7065966d2185f4e3cee4753c7f38a557dd68ed3e36,True,,,33,True,2019-03-15,EPSG:32736,471035.0,7787525.0,472315.0,7788805.0,True,443f6194dbf2be81c327102bee82946a78547a49c09b70e2ae9a3c6c8639611a,scl_255_quality_unknown
chimanimani_s2_595.nc,s2_part02.tar.gz,6176008,8701d531ad52c5a1d825efb09fcf8993c42a5ba16fdd9ccbb718e1918578ce09,True,,,0,False,,EPSG:32736,471035.0,7788805.0,472315.0,7790085.0,True,1df69fe083310b2244f790ff0ee3348caacd77723bf20b4a08a993c2ff98c01d,event_date_absent;scl_255_quality_unknown
chimanimani_s2_596.nc,s2_part02.tar.gz,6176008,ca1b7bb77b76ac9c7eba4850633b5f5df6204305dcdb09ca4eec9663d854c3dd,True,,,0,False,,EPSG:32736,471035.0,7790085.0,472315.0,7791365.0,True,0c026e7b5ab06011899ff1f4f532b92d81ab5aa78e36a523e20889b85113f266,event_date_absent;scl_255_quality_unknown
chimanimani_s2_597.nc,s2_part02.tar.gz,6176008,52160f7712f56173f3ab48fb676301176e88b072ccbbc859fadfed89a11b54a2,True,,,0,False,,EPSG:32736,471035.0,7791365.0,472315.0,7792645.0,True,27febd5ccef36d028bb293f16063aede32d90cd4e0d15566b9c52ae6392e7a12,event_date_absent;scl_255_quality_unknown
chimanimani_s2_600.nc,s2_part02.tar.gz,6176008,9729b63bc01127c2f82e24aae78f11c1fd21ec8e1b4a05a134c2e9d052b12225,True,,,0,False,,EPSG:32736,471035.0,7795205.0,472315.0,7796485.0,True,f7d726273c6194862fcca934e6baad4acba316f02e3f874318258ab5c937d119,event_date_absent;scl_255_quality_unknown
chimanimani_s2_604.nc,s2_part02.tar.gz,6179513,d16c5424769101e1315434aaa56359112ad7d60478639da1ccd7111582a50158,True,train,642,642,True,2019-03-15,EPSG:32736,471035.0,7800325.0,472315.0,7801605.0,True,b7217059b5968c40bb30519a5a24c1aa684918f8fc3d36282b6c6458f16e5d69,scl_255_quality_unknown
chimanimani_s2_605.nc,s2_part02.tar.gz,6178110,aaacf6b837ac11e29c5537ea25c5c3f72e782dd45da58b5e111d4d0ecf3e40a6,True,train,339,339,True,2019-03-15,EPSG:32736,471035.0,7801605.0,472315.0,7802885.0,True,384162ffa1b36d99f9befd0ca970a80763fa2b16729cca70ccac77e6425027f6,scl_255_quality_unknown
chimanimani_s2_606.nc,s2_part02.tar.gz,6179316,0e27738088b118511632a292d2ca45ae6d0f1b6f4706062191b00dcab74fbbf0,True,train,522,522,True,2019-03-15,EPSG:32736,471035.0,7802885.0,472315.0,7804165.0,True,c5929abb789bf3da6f15eee23de19001d1f174c39a8f6d27ee4f4e2f85209793,scl_255_quality_unknown
chimanimani_s2_607.nc,s2_part02.tar.gz,6179849,45e33a9def71d0a9b9bc1bade344470233655cc260836e9bb2551f7d0982c61e,True,test,460,460,True,2019-03-15,EPSG:32736,471035.0,7804165.0,472315.0,7805445.0,True,95fc1b51bdfa55576a6db998f0178b09524bb1932a7a8537d8690f7369be0655,scl_255_quality_unknown
chimanimani_s2_608.nc,s2_part02.tar.gz,6177681,4628d2c5b492322e9f5221965fdf9348ed29bce5e8f11912f71ea41d6b04c7a1,True,train,139,139,True,2019-03-15,EPSG:32736,471035.0,7805445.0,472315.0,7806725.0,True,9d1f457d4ad3821de73850a4a72adce7e4cb0c4557fd679472d71fa5c8a7ddc5,scl_255_quality_unknown
chimanimani_s2_609.nc,s2_part02.tar.gz,6176008,d0aee7ff7275d465aa133fb03d288b32ffc680225c2d9337a62920af4bbb9cb4,True,,,0,False,,EPSG:32736,471035.0,7806725.0,472315.0,7808005.0,True,09a00498526bde7659480631b85a0dd7322496e87039e4137d16c8a340da1d08,event_date_absent;scl_255_quality_unknown
chimanimani_s2_610.nc,s2_part02.tar.gz,6176192,43fdbf0f5ad989136d3c8b8da7ee67fb585e0a985ce4a2c7c9bbfbcb637705de,True,,,46,True,2019-03-15,EPSG:32736,471035.0,7808005.0,472315.0,7809285.0,True,28f50069427c3d2ef0d262a3a86e37630ceb03ed8bb2446232d53589996642a9,scl_255_quality_unknown
chimanimani_s2_611.nc,s2_part02.tar.gz,6176110,54654fff16c319a36c1720fac5b8a3fc22794d4ce8c045900474e572e50c93cb,True,,,31,True,2019-03-15,EPSG:32736,471035.0,7809285.0,472315.0,7810565.0,True,356fab5f0a0d1389cd632349facc76036388ca18e5cced67c902de15eb1bdd48,scl_255_quality_unknown
chimanimani_s2_612.nc,s2_part02.tar.gz,6176108,9cde69e2d1b68d5bcd811e7c9ff3d5ae053c248cc440b661e6d659a579c8428a,True,,,21,True,2019-03-15,EPSG:32736,471035.0,7810565.0,472315.0,7811845.0,True,e33b7e9755e2ca031a032874ef4d2101b580925df737b7459aa797bf763cf065,scl_255_quality_unknown
chimanimani_s2_613.nc,s2_part02.tar.gz,6176008,11e30b9f91fb64e9d014d79b55bb7f9cf464026fea55a9fbf1452ad10379c873,True,,,0,False,,EPSG:32736,471035.0,7811845.0,472315.0,7813125.0,True,bacbfe5b5b4b448e8061e3878c1e9c8a581d5cf7244415b3cceaf5c8adfe9193,event_date_absent;scl_255_quality_unknown
chimanimani_s2_616.nc,s2_part02.tar.gz,6176008,f995eb462d78800e03936857a381e560735e664da2db69548f59d211450a0516,True,,,0,False,,EPSG:32736,471035.0,7815685.0,472315.0,7816965.0,True,28edb491b1157434d0c7e71243da0d6c7f1a164d141b8915a9411c74f49d9a56,event_date_absent;scl_255_quality_unknown
chimanimani_s2_620.nc,s2_part02.tar.gz,6176008,ddc7a431af15d49490200211ea827e0f04febf8902886ee5b51616a7bc16dd8b,True,,,0,False,,EPSG:32736,471035.0,7820805.0,472315.0,7822085.0,True,bc7dfe4786119c443c47ba45ab408de420d0de7611280ff0efde06fd514361fa,event_date_absent;scl_255_quality_unknown
chimanimani_s2_623.nc,s2_part02.tar.gz,6176117,ae65d40a505ee0f2e604e5d6326a17e597106ea94fa197b1d1b34412f425c2cb,True,,,14,True,2019-03-15,EPSG:32736,471035.0,7824645.0,472315.0,7825925.0,True,24be6280f0b747621e9c4c0820e32d002cbba052c263af4b7973a956db827a04,scl_255_quality_unknown
chimanimani_s2_624.nc,s2_part02.tar.gz,6176008,8141b2bec31706a9d47edbc3568b83eefb817818762f691e0c8eea9b1d2592df,True,,,0,False,,EPSG:32736,471035.0,7825925.0,472315.0,7827205.0,True,afeb3d574715a504fcff20e4f4aa0403a10b1ccbeb224f673805a930b8948795,event_date_absent;scl_255_quality_unknown
chimanimani_s2_626.nc,s2_part02.tar.gz,6176008,a7190c39e646377b75e47ff4630f55264bebe3d4f37e08b74e5a66b58d7b98e8,True,,,0,False,,EPSG:32736,471035.0,7828485.0,472315.0,7829765.0,True,d38abf1988ddcc83775819b4592d1ded6f4a7ef4197d812440287f6314f5aa7a,event_date_absent;scl_255_quality_unknown
chimanimani_s2_628.nc,s2_part02.tar.gz,6176008,6a744dee84bafd9ebf7dcca8c89afee4302f94201a64415ee62b90a91a3d1798,True,,,0,False,,EPSG:32736,471035.0,7831045.0,472315.0,7832325.0,True,1426e9c4e4fc6a943b7e02577cf7a06fe489bbc36bdb3012e32c726c150cca39,event_date_absent;scl_255_quality_unknown
chimanimani_s2_629.nc,s2_part02.tar.gz,6176008,6cb55fe484e1404c240e866974ff12edd9a6312d3cffe5ddd223fe825e1abdfb,True,,,0,False,,EPSG:32736,471035.0,7832325.0,472315.0,7833605.0,True,d1ae24557678e32e590a3d0ad7862884344199ceb90c314588af278f44031e77,event_date_absent;scl_255_quality_unknown
chimanimani_s2_630.nc,s2_part02.tar.gz,6176008,00873be4b0236c02fe63ad628c5ce49b30719ed228f9c9f99f8d1ad4ecc5d514,True,,,0,False,,EPSG:32736,471035.0,7833605.0,472315.0,7834885.0,True,4aad31f2efa49389e88b66f07e278761a5ef2883527f29da4534becc1bb0ba11,event_date_absent;scl_255_quality_unknown
chimanimani_s2_632.nc,s2_part02.tar.gz,6176008,bef8f0c16e39ead04c1581c536533953667766323f688a802689e9d9d34b549e,True,,,0,False,,EPSG:32736,471035.0,7836165.0,472315.0,7837445.0,True,cc4985b0dfa7c34413615b7c9a5e0e454c1fed94a90f7821b7c0de611b51c324,event_date_absent;scl_255_quality_unknown
chimanimani_s2_635.nc,s2_part02.tar.gz,6176008,a1cb629d67afca8c3a10e087f8650795a2dc43410ed21f8e97440eb532525ecd,True,,,0,False,,EPSG:32736,471035.0,7840005.0,472315.0,7841285.0,True,fd34e78565dc5dc4f304b06ab45b736b84b8932a7d0e920baf9b3a2353f36141,event_date_absent;scl_255_quality_unknown
chimanimani_s2_637.nc,s2_part02.tar.gz,6176008,70d3808d95823734dd7e8632d0902b803e25ea8c6489d292b5b7460b48fef872,True,,,0,False,,EPSG:32736,471035.0,7842565.0,472315.0,7843845.0,True,347fdfa6118dd51c1c5b9929a5f8630687e5752238a4297037f865db2bea6396,event_date_absent;scl_255_quality_unknown
chimanimani_s2_63.nc,s2_part02.tar.gz,6176008,c9f77c07255eba1979f7a129207c28fa6b9a6ad81e3721bad04a284176bbadb2,True,,,0,False,,EPSG:32736,459515.0,7776005.0,460795.0,7777285.0,True,c9d736bd6adc29cc877281f3af86e442bab06a2d60c59df3a5a1d4d93a1ba489,event_date_absent;scl_255_quality_unknown
chimanimani_s2_640.nc,s2_part02.tar.gz,6176008,8c62bf4c0066c34b6abd0c7283c2bcaa65a71b07431946de24e45f9a82a912d8,True,,,0,False,,EPSG:32736,472315.0,7772165.0,473595.0,7773445.0,True,d738cb1cab0d98cd5666e710af16f5d5df5e2300868b8c9704f89437e0056cd5,event_date_absent;scl_255_quality_unknown
chimanimani_s2_642.nc,s2_part02.tar.gz,6176008,2ac11f7c9f9fdd5d2fdde1a4ec2ab33e1046a8bfa22cc5e363e944c0d6584582,True,,,0,False,,EPSG:32736,472315.0,7774725.0,473595.0,7776005.0,True,fbff58687b234794b79f3581d1559a4ccf9bca42eb69b8ed4675e66990022537,event_date_absent;scl_255_quality_unknown
chimanimani_s2_643.nc,s2_part02.tar.gz,6176008,78dd50da9e70a68da0b60bcbaadde90d522fcc95c0b47abebfbd6c5af1dfce07,True,,,0,False,,EPSG:32736,472315.0,7776005.0,473595.0,7777285.0,True,617b760ab480565621acf068b918da5fd5c94b7564037d869bf566704877824f,event_date_absent;scl_255_quality_unknown
chimanimani_s2_644.nc,s2_part02.tar.gz,6176008,129072b1f05c9603ab8b854c50225e91b80abc1aca3a430cbad5402fe383e51d,True,,,0,False,,EPSG:32736,472315.0,7777285.0,473595.0,7778565.0,True,e06ae65a618d11d09b9fe14e2be3eba65f5a72e206af186fd63a1a78e7b50961,event_date_absent;scl_255_quality_unknown
chimanimani_s2_645.nc,s2_part02.tar.gz,6176008,22ad6490a368695ae348390a105a84e0522ffda7d39660f885c218521b917325,True,,,0,False,,EPSG:32736,472315.0,7778565.0,473595.0,7779845.0,True,2dc0e569149f6e89826c8817641a87617e431a3bc1c7dbfc383338fa8110869a,event_date_absent;scl_255_quality_unknown
chimanimani_s2_646.nc,s2_part02.tar.gz,6176008,26581f294981c67fd564bcec4c70e4fbec0694a9ad76b06cf60d3e8ecb03657b,True,,,0,False,,EPSG:32736,472315.0,7779845.0,473595.0,7781125.0,True,9a9ed3be6c832e79262e97f0de86b63bfc472933d63834f4fc5e45863086fe22,event_date_absent;scl_255_quality_unknown
chimanimani_s2_647.nc,s2_part02.tar.gz,6176109,6e7d97dd1d302ec23916987a3a3d9b7484ded67f5247f55ded7c5ff226e9d17f,True,,,11,True,2019-03-15,EPSG:32736,472315.0,7781125.0,473595.0,7782405.0,True,87a10926335aa50ceee08ce5f1f25cfca91b7b1815bd122d83b9607b87ee41f4,scl_255_quality_unknown
chimanimani_s2_64.nc,s2_part02.tar.gz,6176008,442b1b6cb6c45370fde40dac05e7043f545b339463c4c13e271838aa6496e028,True,,,0,False,,EPSG:32736,459515.0,7777285.0,460795.0,7778565.0,True,bff566221d9a5108456dc003144583ff08cc9b498481aacb08b49f815317e574,event_date_absent;scl_255_quality_unknown
chimanimani_s2_651.nc,s2_part02.tar.gz,6176097,9dd81adce3ed424824db60ea527a87a416b9a686954ffa23a4c447a95b54b4d9,True,train,65,65,True,2019-03-15,EPSG:32736,472315.0,7786245.0,473595.0,7787525.0,True,05cf2c66af5ffda3fd4b46903e735a6ca9993eeeb3598b358e69af1374f97514,scl_255_quality_unknown
chimanimani_s2_654.nc,s2_part02.tar.gz,6176008,912b4a1eecc99b4b269e3cac53f56bea54514f71b8d18417f4c8993c39d027e6,True,,,0,False,,EPSG:32736,472315.0,7790085.0,473595.0,7791365.0,True,38a51d6505d90c136d56a0c4e8bdbcb24d59de16fba4798e5bc175b90ce01747,event_date_absent;scl_255_quality_unknown
chimanimani_s2_656.nc,s2_part02.tar.gz,6176008,8f0f954a2f3caf6e94fe40bc64a30edbb5c616b50dcca21540d4827fbbe87798,True,,,0,False,,EPSG:32736,472315.0,7792645.0,473595.0,7793925.0,True,270764216a8b4a16893f71bd106e6156afdf91fc69e9b4ca752320522edd2cd6,event_date_absent;scl_255_quality_unknown
chimanimani_s2_658.nc,s2_part02.tar.gz,6176008,c486b8c1b18f425ca9e0f9ee47d39b416a9e46e35dc0908f647b9f715d2b995e,True,,,0,False,,EPSG:32736,472315.0,7795205.0,473595.0,7796485.0,True,48efde3110a3dd147d4710ed42238acf471e65407da1379d48e8141adaf9adbe,event_date_absent;scl_255_quality_unknown
chimanimani_s2_65.nc,s2_part02.tar.gz,6176008,7f72eb253cd0fc8dcd5a7325be1c43d13410ed29ffedfab5c4a139a6a20fc9a3,True,,,0,False,,EPSG:32736,459515.0,7778565.0,460795.0,7779845.0,True,85d117c6bdb7e92203c912868532ba0344fa4a377a93f1a6154bfd43433b66f4,event_date_absent;scl_255_quality_unknown
chimanimani_s2_660.nc,s2_part02.tar.gz,6176190,4509275dfe31aeb9904b43cab6ec95abc22ef88a087af606055f0ec4e0d733b2,True,,,26,True,2019-03-15,EPSG:32736,472315.0,7797765.0,473595.0,7799045.0,True,21d1cff746840dced327e8e530987dcac34d6a62832c358615f5f50914686448,scl_255_quality_unknown
chimanimani_s2_661.nc,s2_part02.tar.gz,6176107,c7710330c6e8ace5966f62c879500f35e245c84a78b707ca69a4f1b478975573,True,,,2,True,2019-03-15,EPSG:32736,472315.0,7799045.0,473595.0,7800325.0,True,62ddb8ec98d0ac3ed4e5ae64d93ed8dd179bc40bb3f03593b0d01a7846d44d0c,scl_255_quality_unknown
chimanimani_s2_662.nc,s2_part02.tar.gz,6180174,df3f8aaa359c72dcf09a5013dddb015628de5ebb05622fed85c71895946b6b7e,True,test,1351,1351,True,2019-03-15,EPSG:32736,472315.0,7800325.0,473595.0,7801605.0,True,80ed9cc9c43086d0ab24f567c3e973f0ebe2329ba38a00109ef844393740614c,scl_255_quality_unknown
chimanimani_s2_663.nc,s2_part02.tar.gz,6179348,f7674cfad757fd288500fe0e7496ca44e8630a99fd01a0160c83955b2a431ca7,True,val,391,391,True,2019-03-15,EPSG:32736,472315.0,7801605.0,473595.0,7802885.0,True,17f2eac644e3e285c91d187d5a5d726b12b5f244772c39b3465f8b05c1e4cd56,scl_255_quality_unknown
chimanimani_s2_664.nc,s2_part02.tar.gz,6180114,f8af1ce82a2497a89dfe227b302a95b2d8c8542e2e641a29ec5313a6b7f86bfc,True,train,659,659,True,2019-03-15,EPSG:32736,472315.0,7802885.0,473595.0,7804165.0,True,00e5635b928b9113d57018d4ee081d7beeec89b6740fdc100dabec659c1a585e,scl_255_quality_unknown
chimanimani_s2_665.nc,s2_part02.tar.gz,6177645,bb1569e2cf07c9b8023007cb2376798c1b3d45c70c86c414fb62ff59fd019b5e,True,train,82,82,True,2019-03-15,EPSG:32736,472315.0,7804165.0,473595.0,7805445.0,True,a301c33acb1af4afb7266f77a1915f3da3c6fef780f010c0b340a30147e2d4cb,scl_255_quality_unknown
chimanimani_s2_666.nc,s2_part02.tar.gz,6176182,a55aeea09d9369b158e40e041bd8e0af3969fbd1ab80822256e12d536a6c4ebb,True,,,47,True,2019-03-15,EPSG:32736,472315.0,7805445.0,473595.0,7806725.0,True,a1273c80b8b3f0f16fe326417e024687f426acb899d53bfcc0a9e11a6a5523d2,scl_255_quality_unknown
chimanimani_s2_667.nc,s2_part02.tar.gz,6176326,9aab38c7281f59da996934d7a93ae5d7085d91eebaacd6af43204be8a35bac75,True,test,122,122,True,2019-03-15,EPSG:32736,472315.0,7806725.0,473595.0,7808005.0,True,0c7dc21e9670496b15f8ae250f17c7d21b7070b0fbbceab788afc5a35ed0b099,scl_255_quality_unknown
chimanimani_s2_668.nc,s2_part02.tar.gz,6176417,012e1a6b3572dbfa0abd9985b2286532a4a32bc4149cae79ac07ea325aa435cd,True,train,62,62,True,2019-03-15,EPSG:32736,472315.0,7808005.0,473595.0,7809285.0,True,d1fb12610fc4d14c1f4ab7712feb4a3c19c188b9a2c4d72690643c572ed982bf,scl_255_quality_unknown
chimanimani_s2_669.nc,s2_part02.tar.gz,6176008,e117e01f9aa4d8b5f6a53ebba75a2a7353a7d39a7eaac18b1d12130366024101,True,,,0,False,,EPSG:32736,472315.0,7809285.0,473595.0,7810565.0,True,4e75368346d289e0e598ee425652b45017301d4e46bb7baa4f06ea1ca898bd43,event_date_absent;scl_255_quality_unknown
chimanimani_s2_673.nc,s2_part02.tar.gz,6176008,66277a127498ea7d043a1f8af21bf28dc43408cdd11a9b4347148716b157b8a0,True,,,0,False,,EPSG:32736,472315.0,7814405.0,473595.0,7815685.0,True,1f2ea1a61d9f17c749cc4084b817ab699dd1440a9f0c093a42c048b3b972890b,event_date_absent;scl_255_quality_unknown
chimanimani_s2_674.nc,s2_part02.tar.gz,6176008,e4d45eee8dca71a28de7cfc46294e8f383d705cf8cbc247e31fa12002e98c30b,True,,,0,False,,EPSG:32736,472315.0,7815685.0,473595.0,7816965.0,True,619607fe8b9d369b4a24cfa048d2e5b0c08649583567aea953f8848ec35f33ec,event_date_absent;scl_255_quality_unknown
chimanimani_s2_676.nc,s2_part02.tar.gz,6176117,affe0f3c80f31821c40648a674b72eee4552ff5cd4b3b58db0b3bf9d5104dc90,True,,,13,True,2019-03-15,EPSG:32736,472315.0,7818245.0,473595.0,7819525.0,True,59f37e71016fb77671ba54c674f7ce257e449c0723db84f5c9cd849f8d249680,scl_255_quality_unknown
chimanimani_s2_677.nc,s2_part02.tar.gz,6176008,2efac01819ec733b664aa3036d53934e7f6c7922e92e8b35dd0eb45aa4538484,True,,,0,False,,EPSG:32736,472315.0,7819525.0,473595.0,7820805.0,True,3c0476668b46b7492daa8bda3d3673a9258f22c10b54c073e4d722c6b0709b74,event_date_absent;scl_255_quality_unknown
chimanimani_s2_680.nc,s2_part02.tar.gz,6176008,410cb6829121d776e4ddb8a42530a250c1952b7b41dde150520e35c51b934f13,True,,,0,False,,EPSG:32736,472315.0,7823365.0,473595.0,7824645.0,True,f2fc4177869fef773600b754092b8b1d1c11b62043caba54e87460b3b9308afa,event_date_absent;scl_255_quality_unknown
chimanimani_s2_681.nc,s2_part02.tar.gz,6176008,6d7b8a5aaee287716b52feb671d8794a98a80a0aa75b103ca89eb3b3cdc2de91,True,,,0,False,,EPSG:32736,472315.0,7824645.0,473595.0,7825925.0,True,d1fde99c93130eca4c97c06380c5f656bc3df860232cccaa7619b82578143afc,event_date_absent;scl_255_quality_unknown
chimanimani_s2_682.nc,s2_part02.tar.gz,6176109,117cd6ef5b8fe94783e79f64b1cfed457e140aa53698e73b5e7c40de6712dc22,True,,,17,True,2019-03-15,EPSG:32736,472315.0,7825925.0,473595.0,7827205.0,True,ddebb7441d54569bd3e557b3aaeccfc348803644f2a49ac003fe26181dd46150,scl_255_quality_unknown
chimanimani_s2_683.nc,s2_part02.tar.gz,6176176,5da00dc761c2aec9b67eb659a6502cdb6ae2f58b6ec514b145d47214237c5c69,True,,,44,True,2019-03-15,EPSG:32736,472315.0,7827205.0,473595.0,7828485.0,True,efc571f85e4089e4cd96363c9113c1ab8194a61de3a7bb22fdcde327de931b4a,scl_255_quality_unknown
chimanimani_s2_684.nc,s2_part02.tar.gz,6176008,78bc65d9c56c1d0451a0d4c736d20e69ac6741cad47d6b9b67ce367a3ef7da55,True,,,0,False,,EPSG:32736,472315.0,7828485.0,473595.0,7829765.0,True,27ccb3774a4e3e88d7922873af484affe12e42d3c3012b8479847d4326ac7277,event_date_absent;scl_255_quality_unknown
chimanimani_s2_685.nc,s2_part02.tar.gz,6176008,57f5bb020ff5574eb1d27ede3c6c6feb40ec3c6f057fe097cb7a6bd60422cfee,True,,,0,False,,EPSG:32736,472315.0,7829765.0,473595.0,7831045.0,True,e97585eb51f0337e5fa456f8fb2e4d606f471f6e086c1b6eac9d03d2888b0f19,event_date_absent;scl_255_quality_unknown
chimanimani_s2_686.nc,s2_part02.tar.gz,6176008,9e9aa366796eb4c5fe4b16f59b057f0d7c8678892c435c3b4f74da5d2c0e3a22,True,,,0,False,,EPSG:32736,472315.0,7831045.0,473595.0,7832325.0,True,59fead4fb0bf33d50a0e9733328fc7a3374a2286fe5167971cda4b9621e49b4e,event_date_absent;scl_255_quality_unknown
chimanimani_s2_688.nc,s2_part02.tar.gz,6176008,cdb48f276237c71663e16662d32726c8df909888a851dad0fa67e9e6e34cbb7f,True,,,0,False,,EPSG:32736,472315.0,7833605.0,473595.0,7834885.0,True,f5cb43043e8200fc55b2ac22f000ac13f0927ff4a48909d11d07aa85227a34ac,event_date_absent;scl_255_quality_unknown
chimanimani_s2_68.nc,s2_part02.tar.gz,6176008,b31ed459eba5b79e0953be03cb9476f6d91c037cbf01ed5bf1205637a6dc9465,True,,,0,False,,EPSG:32736,459515.0,7782405.0,460795.0,7783685.0,True,7568bc1e02693f6cd1a7346d40f98bf03f4566d641da60589ac413712e2a7da9,event_date_absent;scl_255_quality_unknown
chimanimani_s2_690.nc,s2_part02.tar.gz,6176008,7f099ef87087ce20ca3a30b82fb5f4329a90b910cb205539410044c000125ef1,True,,,0,False,,EPSG:32736,472315.0,7836165.0,473595.0,7837445.0,True,7e074c8ca75cf1bc35534af94acd4b01d47934a1684eaf76d94524707515a1bc,event_date_absent;scl_255_quality_unknown
chimanimani_s2_692.nc,s2_part02.tar.gz,6176008,d51205e029aa74a3fe404e17441d38622cfcc5e2d85444e310682739c80e7f2d,True,,,0,False,,EPSG:32736,472315.0,7838725.0,473595.0,7840005.0,True,dd04ac69f044da5cf63eafa1d41c01a4c1d21db52c77849489356ac200de05b2,event_date_absent;scl_255_quality_unknown
chimanimani_s2_694.nc,s2_part02.tar.gz,6176008,6a3772f632407107a120e8aefbe25acd2890b928fe07a3ba4b6e207e81c280a4,True,,,0,False,,EPSG:32736,472315.0,7841285.0,473595.0,7842565.0,True,b61efdffe0a80705401d8511f8114c2a810b9fe71ff364ed9539917e63194dc4,event_date_absent;scl_255_quality_unknown
chimanimani_s2_695.nc,s2_part02.tar.gz,6176008,a16047b3fc518a35e8c6ba7ff5079d0af6f83d273112fe6c0f4a7d5b9cdccdb4,True,,,0,False,,EPSG:32736,472315.0,7842565.0,473595.0,7843845.0,True,e0301920fa0b06ae5508eeb6330f077207a1c4e2bc34ea70a775dc929ac38cdf,event_date_absent;scl_255_quality_unknown
chimanimani_s2_697.nc,s2_part02.tar.gz,6176008,b462466ed708ffb6b3a048674b2ac4e1ba97c3166130ecde7312364b9e7cbac6,True,,,0,False,,EPSG:32736,473595.0,7770885.0,474875.0,7772165.0,True,27f00d8679af82590f8ba43ea37a8b51ed2da171d0a530a64520bc6b9d70bdff,event_date_absent;scl_255_quality_unknown
chimanimani_s2_699.nc,s2_part02.tar.gz,6176008,46166defeb22b881cf1c692fa5f2449b9bcd6644fce987a0bb4d12c23ba98b9f,True,,,0,False,,EPSG:32736,473595.0,7773445.0,474875.0,7774725.0,True,bf379f8a969e1ef5092dfd4d55918162db48be9cfc58f6780aa28e4a48837570,event_date_absent;scl_255_quality_unknown
chimanimani_s2_700.nc,s2_part02.tar.gz,6176008,b97d229b38123793fb3cf44b72de45ec25d696259da4a2c52eefe436a5323f30,True,,,0,False,,EPSG:32736,473595.0,7774725.0,474875.0,7776005.0,True,316f9f14eee1d0726733dc7560b70a0d0b6fa3aceb308221332c4d76cdf80fee,event_date_absent;scl_255_quality_unknown
chimanimani_s2_704.nc,s2_part02.tar.gz,6176311,7c343a7750f9990ce4a4a1ef91893a405a2edfb848abfe3cf1dc3deb1e6f41c8,True,test,154,154,True,2019-03-15,EPSG:32736,473595.0,7779845.0,474875.0,7781125.0,True,648a4fe615e31ea10df574addadec5cf9d58f024d0cf4b80384b4afb2b6c9d7d,scl_255_quality_unknown
chimanimani_s2_705.nc,s2_part02.tar.gz,6176110,f0485cc41f9afdfc701747583b8ecb1eaa580ba81d665d15d1f95fa9d4044b89,True,,,47,True,2019-03-15,EPSG:32736,473595.0,7781125.0,474875.0,7782405.0,True,c83b9b64e54588895e92dc98e48c337289463f0ae5acab4c229914e33296b0b8,scl_255_quality_unknown
chimanimani_s2_706.nc,s2_part02.tar.gz,6176241,b3165b546cf8aa943190d14ad82732c02a113b97040a2ec54ace74b1e6424388,True,val,235,235,True,2019-03-15,EPSG:32736,473595.0,7782405.0,474875.0,7783685.0,True,069b0bc130211e52cc20f5738c17cad0a2566135cf2132683765eb1a4846f134,scl_255_quality_unknown
chimanimani_s2_708.nc,s2_part02.tar.gz,6176008,f1e5fe8c2f9eb43e225156d189356087dd353461764dffcdfdd4ef2ca182b15c,True,,,0,False,,EPSG:32736,473595.0,7784965.0,474875.0,7786245.0,True,c67ce87ea03265182ba22f80520a4b6cecc64205cb7735ee31f4472cb43de1fa,event_date_absent;scl_255_quality_unknown
chimanimani_s2_709.nc,s2_part02.tar.gz,6176008,8821a47547d341a7070fab6bfa9089e50d6330a453a06bbe754b7ae9e00f0b7d,True,,,0,False,,EPSG:32736,473595.0,7786245.0,474875.0,7787525.0,True,6576c4a09de3b74dd97bdd4eb5010e502306b514322c82132836960c63de3424,event_date_absent;scl_255_quality_unknown
chimanimani_s2_70.nc,s2_part02.tar.gz,6176008,a890345c04a1566a5cdc1e2ee573dfd6ec7296345c988eda7b8be1a7ea35fb6a,True,,,0,False,,EPSG:32736,459515.0,7784965.0,460795.0,7786245.0,True,2eb3afd38ea6dbd5be8dc0e61a5ac17560a4853f7a6ea0e33840c0688c442cc7,event_date_absent;scl_255_quality_unknown
chimanimani_s2_715.nc,s2_part02.tar.gz,6176008,b91b5c47a9b734b0b40790bcff35071a50c81f778d09402100609a9b36acd16d,True,,,0,False,,EPSG:32736,473595.0,7793925.0,474875.0,7795205.0,True,5e5c6e00ba90dcb487401b6d0653f6c03a2d8c94658046f1773dfb32ba9842e4,event_date_absent;scl_255_quality_unknown
chimanimani_s2_719.nc,s2_part02.tar.gz,6176497,c4165338eddc5a236feeb98ee8db9c7d6374535eaec60525fb1a2fbfd3b77272,True,test,221,221,True,2019-03-15,EPSG:32736,473595.0,7799045.0,474875.0,7800325.0,True,a4987a59e3288c9475fac2314ae9ded75d598e0940cd8f7b00753a6af7b4884f,scl_255_quality_unknown
chimanimani_s2_71.nc,s2_part02.tar.gz,6176008,4c2c031260f69ac6324b95ef8fb4f6c07a65cc21801441ed11db0504401133e0,True,,,0,False,,EPSG:32736,459515.0,7786245.0,460795.0,7787525.0,True,373998466440fa61a1ed1919759834bb9ad2f21b7c96358be4dfb141c9b57eaa,event_date_absent;scl_255_quality_unknown
chimanimani_s2_720.nc,s2_part02.tar.gz,6177772,6ff597258797bbf356ca507b2138bf66eadc08c507a2b682eb44a100b32368e7,True,train,301,301,True,2019-03-15,EPSG:32736,473595.0,7800325.0,474875.0,7801605.0,True,844b414904ec48d393eed95aa4d18085b8297c862d2f0946f2e7e489f8d53ad5,scl_255_quality_unknown
chimanimani_s2_721.nc,s2_part02.tar.gz,6178114,fe10f6bd25c9d8d53f143ebab80e2ae7c3f1fca749c9ca3b17a6c81af674415d,True,train,305,305,True,2019-03-15,EPSG:32736,473595.0,7801605.0,474875.0,7802885.0,True,ac06506812cccd6323f119a53715929ec75416ffe7f466e92f9ddef38be86f9d,scl_255_quality_unknown
chimanimani_s2_722.nc,s2_part02.tar.gz,6183010,c4195d74a5bafeb0d3205cc7a49156098ffe3e25c63b4705452c4b6cd050a4a6,True,test,1152,1152,True,2019-03-15,EPSG:32736,473595.0,7802885.0,474875.0,7804165.0,True,5af1016770bd30f423738642fea34658b0bf0b2e40ec57a88161fb65537fbbab,scl_255_quality_unknown
chimanimani_s2_723.nc,s2_part02.tar.gz,6180181,f7bb3e9bc8d704cc540539276819224a27cfa2cd926e7e46ae6c99cf47f0a271,True,train,975,975,True,2019-03-15,EPSG:32736,473595.0,7804165.0,474875.0,7805445.0,True,0d8728729a9ce8c07555c8942f870cb79a7fdbf73cc42aa4b545d49a81338cbf,scl_255_quality_unknown
chimanimani_s2_724.nc,s2_part02.tar.gz,6177616,b293a7fa1fec248c1325d6a46af260b79126d493dacdeb47fc2e7265d6661d8c,True,train,244,244,True,2019-03-15,EPSG:32736,473595.0,7805445.0,474875.0,7806725.0,True,b404fc5b67145b651e532c322a3c47014687bcb609ec16be0fe24e9a62d5387d,scl_255_quality_unknown
chimanimani_s2_725.nc,s2_part02.tar.gz,6176008,fe779485660f04a8297e3cb1a20ea14d312a38ebde276cd9769a38921f1e5763,True,,,0,False,,EPSG:32736,473595.0,7806725.0,474875.0,7808005.0,True,a2ba63aef3ac7965a3702e342131a03e21da2bddb39e1d34dffa212812685703,event_date_absent;scl_255_quality_unknown
chimanimani_s2_726.nc,s2_part02.tar.gz,6176008,6d4f736907f4315842ef6df2c88f4d8b38388097288b4b58be7cac7c0cdbedaa,True,,,0,False,,EPSG:32736,473595.0,7808005.0,474875.0,7809285.0,True,95e3df4ac5a93c4454ce0ce811a4f930911a8c49a1c20f1536630d7f75bd2763,event_date_absent;scl_255_quality_unknown
chimanimani_s2_729.nc,s2_part02.tar.gz,6176008,dee0098d44bda9cb0e7e27212b7912b7ffb40198c0b0d01e6b1b62990a8239d2,True,,,0,False,,EPSG:32736,473595.0,7811845.0,474875.0,7813125.0,True,6fc7be1d8b91ea893bb9cc1fb7550e7ca3dc6032297520e6e1f3568b1942c357,event_date_absent;scl_255_quality_unknown
chimanimani_s2_72.nc,s2_part02.tar.gz,6176008,f2724e034b218db23dd36b70080237667f7f8ccb39f95016a963b7b7da787930,True,,,0,False,,EPSG:32736,459515.0,7787525.0,460795.0,7788805.0,True,3dbdfabbffeb557bc173a072ec05e933b7e04c642fc4bb0824dfa6c27bd965e1,event_date_absent;scl_255_quality_unknown
chimanimani_s2_733.nc,s2_part02.tar.gz,6176008,9c1dc1f7a2943aedfe2147181978f82b23de41e9b9b4042e0e705068fab46f47,True,,,0,False,,EPSG:32736,473595.0,7816965.0,474875.0,7818245.0,True,795096698e9c65bc700a5d37a88d604cbad56ac5ad0acb124512d4a03288b75e,event_date_absent;scl_255_quality_unknown
chimanimani_s2_735.nc,s2_part02.tar.gz,6176008,f57cb1a463672a049e21cb5f31e622a8f76f18bf6f6450869357ed32c9705f92,True,,,0,False,,EPSG:32736,473595.0,7819525.0,474875.0,7820805.0,True,098848ab69f718adcbe6fb8818ee06d291484b6700ea3a331d8d44c041e165d9,event_date_absent;scl_255_quality_unknown
chimanimani_s2_736.nc,s2_part02.tar.gz,6176008,a74aa378e7978d4f0b84976e5aa7afb5c704ed6b79f9f993ded347fa69b0a153,True,,,0,False,,EPSG:32736,473595.0,7820805.0,474875.0,7822085.0,True,4d6a2751796a710d06fd77d7550bd726c51305c2a81bbecbbcbcbc9ed2a04bcb,event_date_absent;scl_255_quality_unknown
chimanimani_s2_738.nc,s2_part02.tar.gz,6176008,33a9d0a955e85dadd9b27194974c9d4f497fa85a0249e6a0982f88c0cac68dc3,True,,,0,False,,EPSG:32736,473595.0,7823365.0,474875.0,7824645.0,True,78476b706d80259fe41b8b71a3244d7d9f66c31ec9386146ae69a81cd71fb3c6,event_date_absent;scl_255_quality_unknown
chimanimani_s2_739.nc,s2_part02.tar.gz,6176109,7b1f14ffd337b2eccbcf225f1beb96074ada85e3732ce1c6f7fea2766380d836,True,,,12,True,2019-03-15,EPSG:32736,473595.0,7824645.0,474875.0,7825925.0,True,3e95e9e9d9c6e921d5ea578e907622b1a0329110e42197cfc0fa37b10a8b0180,scl_255_quality_unknown
chimanimani_s2_741.nc,s2_part02.tar.gz,6176108,f51222ae94ea5ced670dfe92faed7f072899b80106d3567bb47182479bc55886,True,,,19,True,2019-03-15,EPSG:32736,473595.0,7827205.0,474875.0,7828485.0,True,f9de8bb865cbbed6e4b187f74372d17f709473424437b475cf6356e47c1f3055,scl_255_quality_unknown
chimanimani_s2_744.nc,s2_part02.tar.gz,6176008,8fa534b9988a87da4b14648b9c50a3beec01fc4db045c362060bab616f8ef4a4,True,,,0,False,,EPSG:32736,473595.0,7831045.0,474875.0,7832325.0,True,b3565ba19f7c6e1ef5799314e1021680dbd43e991b546f94c6c8aa15430e9a25,event_date_absent;scl_255_quality_unknown
chimanimani_s2_747.nc,s2_part02.tar.gz,6176108,fd1f10f69c3c91d347c18ae65e2eb6e8e1b06cdd96efc8f1f7ee95346e434dd5,True,,,16,True,2019-03-15,EPSG:32736,473595.0,7834885.0,474875.0,7836165.0,True,9dced1f1aa303be7741dd9c5925a1757149dccb4bfc2816e52c5bae94027f75d,scl_255_quality_unknown
chimanimani_s2_748.nc,s2_part02.tar.gz,6176008,6e22ec6d90adf645f0e9ca05d1866a5824fb04ac4cd6f6f5347feede061760f5,True,,,0,False,,EPSG:32736,473595.0,7836165.0,474875.0,7837445.0,True,7bb00ffc5ca8203119dd923329a1706dcf6724234514af4365c5db8fdd08930e,event_date_absent;scl_255_quality_unknown
chimanimani_s2_74.nc,s2_part02.tar.gz,6176008,4987b4af5f201784a5cdad486fdf2e19fc60e4c2d98ba5ddc37feb19367bb65e,True,,,0,False,,EPSG:32736,459515.0,7790085.0,460795.0,7791365.0,True,d44071e99be62c4e20c7f7766cba6d4dfccfde75fa94e2b5fce14f05495b9fb4,event_date_absent;scl_255_quality_unknown
chimanimani_s2_751.nc,s2_part02.tar.gz,6176008,edf6a26c2bea3228f53aa600bc9d3983623ac503afab59ddde22a20b71c25a15,True,,,0,False,,EPSG:32736,473595.0,7840005.0,474875.0,7841285.0,True,1b3a05e27075cfbe73f7373fa85341f03ecdc14668b8de7325a73d203633a127,event_date_absent;scl_255_quality_unknown
chimanimani_s2_753.nc,s2_part02.tar.gz,6176008,273dda63e22416dbc8dd83b144d02a0549985b24aa215cf3d5b2f311b08dc93c,True,,,0,False,,EPSG:32736,473595.0,7842565.0,474875.0,7843845.0,True,cdfafbc88cb4fddc7b55d15f1571c22f006d42007662d50d661f293637f773c6,event_date_absent;scl_255_quality_unknown
chimanimani_s2_755.nc,s2_part02.tar.gz,6176008,9d4ce692fb39e976e816b75f12335e4e37a551cec0f66feb277f37efd3713717,True,,,0,False,,EPSG:32736,474875.0,7770885.0,476155.0,7772165.0,True,3b5328ae91da8648841564895273dcf1403c066c6091378f63e7130270d891df,event_date_absent;scl_255_quality_unknown
chimanimani_s2_756.nc,s2_part02.tar.gz,6176008,aef72f9f91307466b4a92c8c7e0873b0880761d7dbe2c009d31a68efdd06a152,True,,,0,False,,EPSG:32736,474875.0,7772165.0,476155.0,7773445.0,True,84e2211f0eae9c8d8ddb8c25153633574a1683b093504e4e3de1d03b9a92a88c,event_date_absent;scl_255_quality_unknown
chimanimani_s2_757.nc,s2_part02.tar.gz,6176008,ff91cbb4febda5122bb859f798b78a8919c8f759736ef71166e47843eb4192a6,True,,,0,False,,EPSG:32736,474875.0,7773445.0,476155.0,7774725.0,True,9a1699b220960857a60d3135d6e21498679407e3b6142facd06222d48a8de5d9,event_date_absent;scl_255_quality_unknown
chimanimani_s2_758.nc,s2_part02.tar.gz,6176008,41d15e0b92496fde59048dd2fca67dce3f30518f7614cfa88e7cc1e8f4bd9a79,True,,,0,False,,EPSG:32736,474875.0,7774725.0,476155.0,7776005.0,True,7a68d1de0409e14271c24539776085d7f5c149534510b3a5a06d51b3f7a8a3c1,event_date_absent;scl_255_quality_unknown
chimanimani_s2_760.nc,s2_part02.tar.gz,6176008,9d2d5084c21c1a49132e98937a6197702752914e5c086d119b6f3ea1b779ec70,True,,,0,False,,EPSG:32736,474875.0,7777285.0,476155.0,7778565.0,True,0d64e9fcf381e007935b5b31404fa92420462885d0a91d2c463460c59a69207d,event_date_absent;scl_255_quality_unknown
chimanimani_s2_761.nc,s2_part02.tar.gz,6176008,ad0747227b588a5b6cbbb66f407fb6b59ab7bb67086a5096f1dddc86a3a74477,True,,,0,False,,EPSG:32736,474875.0,7778565.0,476155.0,7779845.0,True,3cfaa4340587cc687e5f9382161fd84762ed9fe9a83186677647fb55b4c6004e,event_date_absent;scl_255_quality_unknown
chimanimani_s2_762.nc,s2_part02.tar.gz,6176160,d2fe13645505c7f51b0a6d87eb967ed5e5f14c6f473eb6fb669c972db6a672bd,True,test,94,94,True,2019-03-15,EPSG:32736,474875.0,7779845.0,476155.0,7781125.0,True,a96a1aa0e643ce9996cb4bae18b777f27a98bcd393b6ab13af25d0b056100d27,scl_255_quality_unknown
chimanimani_s2_763.nc,s2_part02.tar.gz,6176180,0344348d872694317c21ac6f958e90bf30cb47d400d0cfd8c2ba85fb82d0fd3a,True,train,136,136,True,2019-03-15,EPSG:32736,474875.0,7781125.0,476155.0,7782405.0,True,4a370bb5c63a117502097445bd320eff29a5401eb8e8d13c672ab44dcebd4a7c,scl_255_quality_unknown
chimanimani_s2_764.nc,s2_part02.tar.gz,6176008,5bed13b07f4da111607ea20cb137cc45f0c2efcaaef8ace6caa2bc0d33b9d0fd,True,,,0,False,,EPSG:32736,474875.0,7782405.0,476155.0,7783685.0,True,65d3afd6de5129c696060c75d2741531983786dbac356d8fa49b873639eeb9fa,event_date_absent;scl_255_quality_unknown
chimanimani_s2_766.nc,s2_part02.tar.gz,6176008,4342bf8c50095064e6294e9509f0502273edaf16be7cb73e2e22615e4b0a0283,True,,,0,False,,EPSG:32736,474875.0,7784965.0,476155.0,7786245.0,True,1f2a00f1e4a67d753f648d44f113aa9a0a9a2b1e74399bc5efb1886ddbea6124,event_date_absent;scl_255_quality_unknown
chimanimani_s2_768.nc,s2_part02.tar.gz,6176008,25707791a4269076a573c498d820b754f854007e4776d7170a8cb8a65999fbe4,True,,,0,False,,EPSG:32736,474875.0,7787525.0,476155.0,7788805.0,True,b0b2ba4f852e80df2a34b5025229b5f0cf4169e4e9efd5fd01deaa3d67b2fb83,event_date_absent;scl_255_quality_unknown
chimanimani_s2_769.nc,s2_part02.tar.gz,6176008,e995217bf7dcdcd2ebc47b6edae1a917e1f3e999ede23f47672ead5f3547037d,True,,,0,False,,EPSG:32736,474875.0,7788805.0,476155.0,7790085.0,True,7de44683e94fd312496372b1feae1239cef3184a32ba1d218b4648b5994444a0,event_date_absent;scl_255_quality_unknown
chimanimani_s2_76.nc,s2_part02.tar.gz,6176008,93d89ab9a118d153627bdac0f2047eb55618a64c0c6506f13eb442ef9e2a89ec,True,,,0,False,,EPSG:32736,459515.0,7792645.0,460795.0,7793925.0,True,60557acbe6f79cddf707f58589d79bc6555cdcc64764ffb1d0399e7fe5e1630a,event_date_absent;scl_255_quality_unknown
chimanimani_s2_770.nc,s2_part02.tar.gz,6176098,706344b31b4ace9c5bb64acbf7cb39372b5bcf0391826aa48d92898b1f14efd4,True,test,100,100,True,2019-03-15,EPSG:32736,474875.0,7790085.0,476155.0,7791365.0,True,c5fed30da43dc75ca7df1820ce92c6b91a51293183bb6d57bb1a427d32fdb33b,scl_255_quality_unknown
chimanimani_s2_774.nc,s2_part02.tar.gz,6176008,dc0b16eb7a0583d3186e384188336ce39346d6d58d629cc766fd60552170b341,True,,,0,False,,EPSG:32736,474875.0,7795205.0,476155.0,7796485.0,True,e8c797e23be3799625fd81a43ac33c22a54ebd0188940387c0a437df1ca9775d,event_date_absent;scl_255_quality_unknown
chimanimani_s2_778.nc,s2_part03.tar.gz,6176157,336dee20c533dca1482877282a0bf98ec5019186ee5f1d9f460c13c2f0b380ee,True,train,119,119,True,2019-03-15,EPSG:32736,474875.0,7800325.0,476155.0,7801605.0,True,342e1a674e8ddeb172c05b838210a777efed911c58387fa23ed8b468ddabf0c3,scl_255_quality_unknown
chimanimani_s2_779.nc,s2_part03.tar.gz,6177878,a9e54827d268e34d5118cc5c195ae488631a464fd2b8d31e35ecf3c4f8a07dd6,True,train,230,230,True,2019-03-15,EPSG:32736,474875.0,7801605.0,476155.0,7802885.0,True,2b139cbaf883990cb09e6803e61786011f6593669f5495c7102fb598445998b0,scl_255_quality_unknown
chimanimani_s2_77.nc,s2_part03.tar.gz,6176008,0a997d322e8be6f1c1da6e1584d23a55e1a7a60deb503cb2120e1155db62ea4f,True,,,0,False,,EPSG:32736,459515.0,7793925.0,460795.0,7795205.0,True,87a9ed0c3ac797600d2670cc72c923e8b38173335010ce189c8926e496302a14,event_date_absent;scl_255_quality_unknown
chimanimani_s2_780.nc,s2_part03.tar.gz,6176184,440232201588eb3162a99c7c29141fb433808e59178e538dac1f765fd7eafd7e,True,,,32,True,2019-03-15,EPSG:32736,474875.0,7802885.0,476155.0,7804165.0,True,c0bc2b469fb1ed7571625b1c03db4cb543d99193c01f1a0f9471921d09639f31,scl_255_quality_unknown
chimanimani_s2_781.nc,s2_part03.tar.gz,6182907,6e94e09a0e093fe468086446cc6a82aefd4021c717f8ef101263e4c5b4499b50,True,test,1035,1035,True,2019-03-15,EPSG:32736,474875.0,7804165.0,476155.0,7805445.0,True,5e08f2ec5b34672296b00347edcbbdb42c794e0956ddfc4ba1fc81127ce76559,scl_255_quality_unknown
chimanimani_s2_782.nc,s2_part03.tar.gz,6176183,ffd3611b1b70ae4314b1b008bd10a323da08d5564f13b3476c5a2dc7d6d4c9d0,True,val,89,89,True,2019-03-15,EPSG:32736,474875.0,7805445.0,476155.0,7806725.0,True,80a9b9aae821df00a64b1eade1a42ffad9ebde2169c3167905bf158131c84803,scl_255_quality_unknown
chimanimani_s2_784.nc,s2_part03.tar.gz,6176008,21b68a73192ab8df0503725e1673bb794d91fa566e673b1cd3c6715e214ef706,True,,,0,False,,EPSG:32736,474875.0,7808005.0,476155.0,7809285.0,True,feb78e5f59c5c98a6518bee92ae414fcec2a7208aab706d169388f9dade05d34,event_date_absent;scl_255_quality_unknown
chimanimani_s2_78.nc,s2_part03.tar.gz,6176008,9b24f7f357ea724161360cd5d395f8d5e0546996bbb748dcaa0fa671786cbfc7,True,,,0,False,,EPSG:32736,459515.0,7795205.0,460795.0,7796485.0,True,47a8f81896b14179ca05a577cc13f865bdbd802e560b3e66c86a2b5d93252051,event_date_absent;scl_255_quality_unknown
chimanimani_s2_791.nc,s2_part03.tar.gz,6176116,8d72b87eb7887dfc931e65d1a68cc7d544707170be285b9258e0a4510d6a6c3f,True,,,22,True,2019-03-15,EPSG:32736,474875.0,7816965.0,476155.0,7818245.0,True,82fe113ad13c1fe6207ce924805e2af24c0a9e725416aa5ed69adc4feb69f280,scl_255_quality_unknown
chimanimani_s2_792.nc,s2_part03.tar.gz,6176008,29fcb49278cb06464d517a80d67f47ce1d490e81c2bbca42fead418176e5415d,True,,,0,False,,EPSG:32736,474875.0,7818245.0,476155.0,7819525.0,True,8f8ac7b3fad0b3358f95026844ad7abfc3fba5998d7641ad515827a3239244b3,event_date_absent;scl_255_quality_unknown
chimanimani_s2_794.nc,s2_part03.tar.gz,6176182,cd4b140bacf905efd83014442245c2b67c16fdc296887e4a3133abc5c1e94e07,True,,,38,True,2019-03-15,EPSG:32736,474875.0,7820805.0,476155.0,7822085.0,True,017742a72491edf746fffefde00df018cb1a064c8f4c934be5a1f320fb6e6e8e,scl_255_quality_unknown
chimanimani_s2_795.nc,s2_part03.tar.gz,6176108,99cb401d8bd64318b82138c94cba998886fe7e1695ad6a269f121016bd5a64a0,True,,,11,True,2019-03-15,EPSG:32736,474875.0,7822085.0,476155.0,7823365.0,True,cbe02b2ea0f469d2656a1f0bbf742ae089b7fbbda9320699ed94e473e3f57c17,scl_255_quality_unknown
chimanimani_s2_796.nc,s2_part03.tar.gz,6176008,5dee4613eeee593c0da416a424a648e36f9fd97040b824ffe111aeae41ad5b90,True,,,0,False,,EPSG:32736,474875.0,7823365.0,476155.0,7824645.0,True,83c7978967b93282cd0df9f039bade8c052ab54394f6cf8712058abac072a362,event_date_absent;scl_255_quality_unknown
chimanimani_s2_799.nc,s2_part03.tar.gz,6176008,783ebbc4daf74f911cc4eff6868c804881aab86aae1abedca31b1993ed776a1e,True,,,0,False,,EPSG:32736,474875.0,7827205.0,476155.0,7828485.0,True,16a87333feed3a034f1787628f8ecac040183def06d6a424af0317f35c99ad7c,event_date_absent;scl_255_quality_unknown
chimanimani_s2_802.nc,s2_part03.tar.gz,6176008,561884f58c85bc2fa8e253056191543eda77d897cefc9f2bf25d6d3ec69114d0,True,,,0,False,,EPSG:32736,474875.0,7831045.0,476155.0,7832325.0,True,2b0338a670ae7b15a9caf4716945dff714875a800e7c984b54bc9cce9bdaab82,event_date_absent;scl_255_quality_unknown
chimanimani_s2_807.nc,s2_part03.tar.gz,6176008,f65a172625f3cae7441111d55a0a71ff4c6f900635f2bf3318af606aa9ea3fc2,True,,,0,False,,EPSG:32736,474875.0,7837445.0,476155.0,7838725.0,True,855dc96681856332a1eefeb59ca1c93daf191592ef44c3ff2b14f1ff1c4cba7a,event_date_absent;scl_255_quality_unknown
chimanimani_s2_808.nc,s2_part03.tar.gz,6176008,372ab1733423e4da2950f1745c2aa49439835304ad7f4600779d51e4994c78c6,True,,,0,False,,EPSG:32736,474875.0,7838725.0,476155.0,7840005.0,True,59cb70335c5b82866ea536b4680de3ddc894d70d7b20c99c97aa9f962e8593a2,event_date_absent;scl_255_quality_unknown
chimanimani_s2_809.nc,s2_part03.tar.gz,6176008,f728e63706dda48f0ea4603f52142631dfe55fda252e7bb16350e4cee466b1c6,True,,,0,False,,EPSG:32736,474875.0,7840005.0,476155.0,7841285.0,True,f0a46cd8f22a10d0b2e11bafe84324690af26d440f4f653d0933f6f618624fe4,event_date_absent;scl_255_quality_unknown
chimanimani_s2_811.nc,s2_part03.tar.gz,6176008,3ec5c0443f2f1b0abccfc2c2a74c45b3315559e96c0719c155ec19ac93c06ed0,True,,,0,False,,EPSG:32736,474875.0,7842565.0,476155.0,7843845.0,True,94ea5f0cf2f84446d1ebf169637f911838805ff21113ddd363a3ec8d87e7d49a,event_date_absent;scl_255_quality_unknown
chimanimani_s2_814.nc,s2_part03.tar.gz,6176008,e35ed1b29bbc8d0b8185b66ad1407f5d2960d23c557ff8b37b4d0ff610b32006,True,,,0,False,,EPSG:32736,476155.0,7772165.0,477435.0,7773445.0,True,3db6e82e05725e077dcd4d9da53bf2ca455c6a69d5fbcc612d657134d29f0f1a,event_date_absent;scl_255_quality_unknown
chimanimani_s2_815.nc,s2_part03.tar.gz,6176008,a59927d6a76a3bbf8827bae12cf3b0284350ceca98ba8c5d4ddc6856443cf81c,True,,,0,False,,EPSG:32736,476155.0,7773445.0,477435.0,7774725.0,True,099b14a5b7a6533dc0e8f6f3c361348bea32f142bacb85c434209e910fc1098e,event_date_absent;scl_255_quality_unknown
chimanimani_s2_818.nc,s2_part03.tar.gz,6176008,ccc6fbc80344756887f2b96792685832ce7187ad2f41243657dd770b28b92c73,True,,,0,False,,EPSG:32736,476155.0,7777285.0,477435.0,7778565.0,True,3677c2c7a269ef4e3f6737183de008108e4ed3b628d0143a8d1464784554d73f,event_date_absent;scl_255_quality_unknown
chimanimani_s2_81.nc,s2_part03.tar.gz,6176008,985fc5dfacf15820da6cab701b2fed1b4c2554eeb3a7e94eeb5e0478c1019165,True,,,0,False,,EPSG:32736,459515.0,7799045.0,460795.0,7800325.0,True,dc5a44274d6b70faeee41212bbf55f73c3414d7af2075ae31326589b5b6ae631,event_date_absent;scl_255_quality_unknown
chimanimani_s2_824.nc,s2_part03.tar.gz,6176008,5405ef46057b5e9cbc0d9b57b66aec1064a2967e7e92bc558e6f03f724a0c6da,True,,,0,False,,EPSG:32736,476155.0,7784965.0,477435.0,7786245.0,True,f94f56220d6d197e9d35f66d9c43f0dd128bb32c1e83293f22d901824dd2ce16,event_date_absent;scl_255_quality_unknown
chimanimani_s2_825.nc,s2_part03.tar.gz,6176008,b88cfef8430a9535f50325366d0feecebf288d4523a814726077bd9b27ec7455,True,,,0,False,,EPSG:32736,476155.0,7786245.0,477435.0,7787525.0,True,9cae779e62e15a2af175404756f5ecc45f4970257034d866a8c0fe956cc00d93,event_date_absent;scl_255_quality_unknown
chimanimani_s2_826.nc,s2_part03.tar.gz,6176008,3378d8d5f943266f523b5fc6b0da97ee2a879b79be27ab8f991d7b17c967e863,True,,,0,False,,EPSG:32736,476155.0,7787525.0,477435.0,7788805.0,True,4c65fcf38b6ede8fc76c31520ff42a518b997262586a6fbbac92d2d0df3a15ac,event_date_absent;scl_255_quality_unknown
chimanimani_s2_82.nc,s2_part03.tar.gz,6176008,315e65c74e8b4dde6d5f019c3c4cb443046e1891c793f182af346e0e4774ba37,True,,,0,False,,EPSG:32736,459515.0,7800325.0,460795.0,7801605.0,True,79fb15c3e1d47db4b5ad2795981330b77864010f28d0e62d306d9e08f8d5e266,event_date_absent;scl_255_quality_unknown
chimanimani_s2_831.nc,s2_part03.tar.gz,6176449,013a03a2f98d6b55b52fdb59848f0f9d76053ed7487a1d529710cc0fad3649ab,True,val,537,537,True,2019-03-15,EPSG:32736,476155.0,7793925.0,477435.0,7795205.0,True,8aacc5f1b9dcda1906aa517631b09cb1c9c6a19a82f7ff81ec4cbae3482868fe,scl_255_quality_unknown
chimanimani_s2_832.nc,s2_part03.tar.gz,6176437,3766e4f62fafc2ba9690e1bf845a5c19a86e8e00b3b48a6cd6cdc7a3e8192f1b,True,train,146,146,True,2019-03-15,EPSG:32736,476155.0,7795205.0,477435.0,7796485.0,True,f8d55978fa2d8e18ea17e69c365b8fa9a5585b3b6c9d88db397aa024bf838304,scl_255_quality_unknown
chimanimani_s2_833.nc,s2_part03.tar.gz,6176386,7f2b1a894fb52fe5315c07bb205406687df86bdd7e79a6ad1b0a772bd6595f6e,True,val,283,283,True,2019-03-15,EPSG:32736,476155.0,7796485.0,477435.0,7797765.0,True,1a9feb35691ab13c23bff3c8757290520c42b0fe2221670c4769a05fdfe5cf4f,scl_255_quality_unknown
chimanimani_s2_837.nc,s2_part03.tar.gz,6182692,4dd7dd379e8fa53d2babc311d9a7e1e9e387b7aba8d68b61506429bf63a7fd91,True,val,911,911,True,2019-03-15,EPSG:32736,476155.0,7801605.0,477435.0,7802885.0,True,c2722790c1caf711c59485043d23b2ac33ef627eb49d5d64dc2aafcc54d3d2d7,scl_255_quality_unknown
chimanimani_s2_838.nc,s2_part03.tar.gz,6176486,946d459e6b6681c3e792ca3ac2188cd18693e71cde8b552f48f64d974b6be273,True,train,93,93,True,2019-03-15,EPSG:32736,476155.0,7802885.0,477435.0,7804165.0,True,2c70769130a8336663848082c0d76b0d81a7f31970b6c3f88a0a811432c5958c,scl_255_quality_unknown
chimanimani_s2_839.nc,s2_part03.tar.gz,6179575,622b75fdfb3549cfcbdca15ea90688c140fcd6528c508630b0bc6b19fdea8d07,True,val,397,397,True,2019-03-15,EPSG:32736,476155.0,7804165.0,477435.0,7805445.0,True,2fb7f59b73484045c236900ef20f40262cdbd26970ee988fe9c9aa5c883742d5,scl_255_quality_unknown
chimanimani_s2_83.nc,s2_part03.tar.gz,6176008,ddeda6ce8f6775d99aed99c9c7de2a63be8f2ce0e993cd77c3f88cc52d85a141,True,,,0,False,,EPSG:32736,459515.0,7801605.0,460795.0,7802885.0,True,02626a2ceeea0d618abb3dd531f66e88d067aba6fe783bb22fe5dccd5d5d0ae2,event_date_absent;scl_255_quality_unknown
chimanimani_s2_840.nc,s2_part03.tar.gz,6176474,1b42cb6133627a5283752ae8b43f262522a45ad20172430d7b26a48936d3d001,True,train,251,251,True,2019-03-15,EPSG:32736,476155.0,7805445.0,477435.0,7806725.0,True,9da7d850fb96a84e7ef2d24a5a8c6636c49cb4d31d90854f0a0831eee6963880,scl_255_quality_unknown
chimanimani_s2_845.nc,s2_part03.tar.gz,6176008,6560ed65abc724c830f0823e4e89aeaef6feb70d1d6fa3903c0eca9f7b8c3518,True,,,0,False,,EPSG:32736,476155.0,7811845.0,477435.0,7813125.0,True,dbcd67e089e6c56d0884de711a6e855e9ff321a81097a9af899510d6634107be,event_date_absent;scl_255_quality_unknown
chimanimani_s2_84.nc,s2_part03.tar.gz,6176008,f4e5f08b735823ba997398a6d08d44a37008d3c535c054660a625fedc0eda4a0,True,,,0,False,,EPSG:32736,459515.0,7802885.0,460795.0,7804165.0,True,628ae20a480c01fc261b6f5e6cc0cd58d4f15e1b16b076230a30556d52ef638e,event_date_absent;scl_255_quality_unknown
chimanimani_s2_851.nc,s2_part03.tar.gz,6176008,83bc1cdc09a6746959f96f305cd42c1e25f4ae98e6daeb5f28253fbbe017329e,True,,,0,False,,EPSG:32736,476155.0,7819525.0,477435.0,7820805.0,True,cc17a6862272810524a732a0f03a696fc6fa39ed7b0a3cdaba880d7391193833,event_date_absent;scl_255_quality_unknown
chimanimani_s2_852.nc,s2_part03.tar.gz,6176173,79db6715a2063ab4e3ab0fe4692da1273eaba9db9bd8c130026dff11b1552e8b,True,val,91,91,True,2019-03-15,EPSG:32736,476155.0,7820805.0,477435.0,7822085.0,True,3a6c129c77f4b76218a74c9b57697e6cc14830afd0a1dbf9c44509c19950a18f,scl_255_quality_unknown
chimanimani_s2_853.nc,s2_part03.tar.gz,6176008,e1e1fbf673307b86c25063cbbd949f365624e88683f3086ebe7a9596181ddfd5,True,,,0,False,,EPSG:32736,476155.0,7822085.0,477435.0,7823365.0,True,65d60382bebea0bd4233dc29c447dd3ebe45fc753bacdaa6b62d1c528f2379e8,event_date_absent;scl_255_quality_unknown
chimanimani_s2_854.nc,s2_part03.tar.gz,6176008,37c37be19afdd2a73513f42af4be2596dc480668799544c95ab8b6c987f2643f,True,,,0,False,,EPSG:32736,476155.0,7823365.0,477435.0,7824645.0,True,cdbb50ecd5dcda1a1b213cdcefcaf8ad985bcde9db63b7449c525438320abc51,event_date_absent;scl_255_quality_unknown
chimanimani_s2_856.nc,s2_part03.tar.gz,6176008,71f3dde919a0cd85d1fb5b79db72615a267e525655037a5d3921057eae93b9cc,True,,,0,False,,EPSG:32736,476155.0,7825925.0,477435.0,7827205.0,True,1005cbe16b9e7d571d586f37d29e3bc3e3a027c2b281b61445060428d65d220d,event_date_absent;scl_255_quality_unknown
chimanimani_s2_857.nc,s2_part03.tar.gz,6176008,7882ce07c12da10a3ca294ef9f4d8246e4449157910f4dccb7646dc380619ffe,True,,,0,False,,EPSG:32736,476155.0,7827205.0,477435.0,7828485.0,True,4ebc5f1c99c4497046a5cde417573ce0a1a5dd2fe5556b28b9009e6789882dd7,event_date_absent;scl_255_quality_unknown
chimanimani_s2_858.nc,s2_part03.tar.gz,6176008,efbc86104b2d463e9db3acee7594496e96fec60cf89ddb14224e08eb621312d3,True,,,0,False,,EPSG:32736,476155.0,7828485.0,477435.0,7829765.0,True,7ef50e8f7b8e6d863d9d42aac2bbba2c249684790d7cf13d3b15dc7d4e043486,event_date_absent;scl_255_quality_unknown
chimanimani_s2_85.nc,s2_part03.tar.gz,6176008,cb96256d57265d3dc263e9341a69d2af3ca3e089744a796a8207c5d534844971,True,,,0,False,,EPSG:32736,459515.0,7804165.0,460795.0,7805445.0,True,6d7c20b538ec730af57473abcbc1d01e8f21dd43d1dfae8fe2772466908d6dac,event_date_absent;scl_255_quality_unknown
chimanimani_s2_860.nc,s2_part03.tar.gz,6176008,639ab3146b79495def5e20af88822732f3f17b3446e367fcbd0a577e05d9344b,True,,,0,False,,EPSG:32736,476155.0,7831045.0,477435.0,7832325.0,True,9d0798287f6689fd67d2d9a42c2517d5e802b92be498c886f90f42d2da251086,event_date_absent;scl_255_quality_unknown
chimanimani_s2_866.nc,s2_part03.tar.gz,6176008,d2c1d45aa323c3ff883c5ce85ef9a3cb72ba94b3899ccebca70af0bf1f07cd01,True,,,0,False,,EPSG:32736,476155.0,7838725.0,477435.0,7840005.0,True,8cd16143048b331737db7fb8b6753ee3a0522336cdf3667e17b10ccc24f3713f,event_date_absent;scl_255_quality_unknown
chimanimani_s2_869.nc,s2_part03.tar.gz,6176008,5d2b72840021a245f1eb09094d264a4b545492af01c397685ab5e0dcdcdea6e8,True,,,0,False,,EPSG:32736,476155.0,7842565.0,477435.0,7843845.0,True,336e46b63b38a6fb7cbbd501110f5175f7d570a6d39c43aa0f3624e33bca3162,event_date_absent;scl_255_quality_unknown
chimanimani_s2_874.nc,s2_part03.tar.gz,6176008,1e12e6de605745976262570570e4deedba6b703401225b78be9474cf790157f7,True,,,0,False,,EPSG:32736,477435.0,7774725.0,478715.0,7776005.0,True,acc6165c6b19adc0c6d07f4447d7587ad2ab2e518cba4c1a87802e3d0dbb9f27,event_date_absent;scl_255_quality_unknown
chimanimani_s2_879.nc,s2_part03.tar.gz,6176008,3ab870e8a4f804a6bcac337a10075a770632247b2f59abc79571a078edd30f26,True,,,0,False,,EPSG:32736,477435.0,7781125.0,478715.0,7782405.0,True,36f1ba742189a9c8803411448454fdbfa1b39831a8bc8117b3a4062d36e975fa,event_date_absent;scl_255_quality_unknown
chimanimani_s2_87.nc,s2_part03.tar.gz,6176008,062aab9bd1b901cfc1e36a10dfabf241ccc2e2e881fc268d1f976a135e3f3dc3,True,,,0,False,,EPSG:32736,459515.0,7806725.0,460795.0,7808005.0,True,ae924c244eec1447ca84421f6dcc0aedd9afba4fdbd8942e95b37713b4e0f4af,event_date_absent;scl_255_quality_unknown
chimanimani_s2_882.nc,s2_part03.tar.gz,6176008,4e9dd0566a780d136a3f3bbf24fc4fcba6648173863679a97bc22df981d59506,True,,,0,False,,EPSG:32736,477435.0,7784965.0,478715.0,7786245.0,True,1f290674a924d63369d7c3ade237f7e83b5cb4c4f5d2d9d9de76296d3a60bfec,event_date_absent;scl_255_quality_unknown
chimanimani_s2_884.nc,s2_part03.tar.gz,6176008,0a8553871e2fba4ab29309496d5cb16dad91d9c5d753a3cfa089676c3410d7d6,True,,,0,False,,EPSG:32736,477435.0,7787525.0,478715.0,7788805.0,True,6ab30ec21016aa10d9c39abd9b4dfe78809a16295b60183abb7b7eb2dba894f1,event_date_absent;scl_255_quality_unknown
chimanimani_s2_886.nc,s2_part03.tar.gz,6176008,e3ffbc618a429d1075505d658ee2824a4b0203906fd18655e41e3022c2333d87,True,,,0,False,,EPSG:32736,477435.0,7790085.0,478715.0,7791365.0,True,1b49ca72b2bf17e4f22005d844bf3c3cfff90a5253f33a1713ed0ea3cd9884d1,event_date_absent;scl_255_quality_unknown
chimanimani_s2_887.nc,s2_part03.tar.gz,6176008,5f51bec4dce4d3768abd3bebc858ad65cb8154979e5aa113946f1767d94d280b,True,,,0,False,,EPSG:32736,477435.0,7791365.0,478715.0,7792645.0,True,db12857cc033f1d227d4b299b00eb49b68afef481b6608659c89e804c738b984,event_date_absent;scl_255_quality_unknown
chimanimani_s2_888.nc,s2_part03.tar.gz,6176008,688b0944bccfacd72a6b9d1e9db3c7f1dc33c46c208efab4e098565f1aab3638,True,,,0,False,,EPSG:32736,477435.0,7792645.0,478715.0,7793925.0,True,d199d10a4eab651ad360ea73275c79900e811887aae6924de9acf66a2738caf9,event_date_absent;scl_255_quality_unknown
chimanimani_s2_889.nc,s2_part03.tar.gz,6176172,4bc139921508a63833ea8f0bde7458b97a493a121949f65f3e3b111f17a4cb88,True,train,250,250,True,2019-03-15,EPSG:32736,477435.0,7793925.0,478715.0,7795205.0,True,2ed30dbeb67879cb77e739aedad9a541dde03ced4d6ae6aaee5ab5345fed4540,scl_255_quality_unknown
chimanimani_s2_88.nc,s2_part03.tar.gz,6176008,38767b1d83d5a2197d897d21137de594aaf2f03d153ee2c53ed8dbce546ec111,True,,,0,False,,EPSG:32736,459515.0,7808005.0,460795.0,7809285.0,True,54066c9903250f0ce039293aa22afd76666c9433685efff7959a80b55b7748bb,event_date_absent;scl_255_quality_unknown
chimanimani_s2_890.nc,s2_part03.tar.gz,6176154,85025930ee4f55ed9dc629ab7965b086ba2aa7ba3f0efd1775cb7cf4c3b6070a,True,train,171,171,True,2019-03-15,EPSG:32736,477435.0,7795205.0,478715.0,7796485.0,True,ce18ec59da90f85d3407c1718982293c02907a087bc85487ad0075518ee4d783,scl_255_quality_unknown
chimanimani_s2_891.nc,s2_part03.tar.gz,6176434,65b259f90acb88d5508942095462d85d5478e1ad33d6bca63c7c2b324a441d5f,True,train,311,311,True,2019-03-15,EPSG:32736,477435.0,7796485.0,478715.0,7797765.0,True,730ab9fa4ac1f41880428e61103cb8931508a20cbdfea7bf8f0ec0600b2ba536,scl_255_quality_unknown
chimanimani_s2_893.nc,s2_part03.tar.gz,6176008,33ee253417a439af0641ae3339649f78ae266d518004a7847afea68926ba71af,True,,,0,False,,EPSG:32736,477435.0,7799045.0,478715.0,7800325.0,True,0509f44aea9b31584f6666bd75de886935f47eac1b8352dfa4972e3b40e63cb0,event_date_absent;scl_255_quality_unknown
chimanimani_s2_894.nc,s2_part03.tar.gz,6176008,f0a03cde4041f2259e3eac216d3bfa1860a77fd8e1a446e83c5fb9d5c1fa2102,True,,,0,False,,EPSG:32736,477435.0,7800325.0,478715.0,7801605.0,True,1147b70157c9299e4fea62ea431567393b8325ed54835d5ac3fe3329859a7dfa,event_date_absent;scl_255_quality_unknown
chimanimani_s2_895.nc,s2_part03.tar.gz,6176425,7991472dde6b1f0c071763635caed585ee3173453a4b3a373504274707131122,True,train,178,178,True,2019-03-15,EPSG:32736,477435.0,7801605.0,478715.0,7802885.0,True,6be1a87db67a55fe30c0b0c0e0dce5759b2fc04c264baa248b61826eeb6dc345,scl_255_quality_unknown
chimanimani_s2_896.nc,s2_part03.tar.gz,6176322,2dcf9dc3343c5d913e76d7fa3eec738136ac1a67fde630c23c28deaccf9fe461,True,test,78,78,True,2019-03-15,EPSG:32736,477435.0,7802885.0,478715.0,7804165.0,True,ea0aab9f6d0a7bc7bad1833e8a1beb3c0fd22a4592caae1378be671e26783d17,scl_255_quality_unknown
chimanimani_s2_898.nc,s2_part03.tar.gz,6176008,97befa7d31cfe592d5f83060e64e0553365058530243165eb6df915ad61b8713,True,,,0,False,,EPSG:32736,477435.0,7805445.0,478715.0,7806725.0,True,b2650bed0c3fd19105db939d5f614adf17d0c321185d29ba35cbee616cb519bf,event_date_absent;scl_255_quality_unknown
chimanimani_s2_899.nc,s2_part03.tar.gz,6176008,298cb014156c2b8804e0e6477c1c24ca9b8a9edb67f4f790b9d3f3924d395e31,True,,,0,False,,EPSG:32736,477435.0,7806725.0,478715.0,7808005.0,True,1819c677d8ea93b5f4153a098be4cfc9802f1381773f75b5f803b766784c5853,event_date_absent;scl_255_quality_unknown
chimanimani_s2_89.nc,s2_part03.tar.gz,6176008,d72c0c37d76e51bd524ce7937e6c53480fe804e4b67ade672d566d8e6a527db1,True,,,0,False,,EPSG:32736,459515.0,7809285.0,460795.0,7810565.0,True,564c3e1c9362ef84c4bb48be77a0cb29ab6d2ea4d6898833f3fd9f198122392d,event_date_absent;scl_255_quality_unknown
chimanimani_s2_901.nc,s2_part03.tar.gz,6176008,23589681e20d38e598ecfb6d797d4d991110914b595f4e3dce86e57f22c3a30a,True,,,0,False,,EPSG:32736,477435.0,7809285.0,478715.0,7810565.0,True,b6a0ccb2b4ae3886c0c8615ab972ec907650eb84f056f733038a89cca43c95de,event_date_absent;scl_255_quality_unknown
chimanimani_s2_902.nc,s2_part03.tar.gz,6176198,eb6fad88820e3a1e377d785adc0b0e435e0da2cae01a7d313e9743b20377f212,True,train,206,206,True,2019-03-15,EPSG:32736,477435.0,7810565.0,478715.0,7811845.0,True,b7188b51accd599a811821e2115a39c2c4977e1a725c5546b7fda9395520b09b,scl_255_quality_unknown
chimanimani_s2_904.nc,s2_part03.tar.gz,6176008,812c2ecb4f2039e436de81e3d1a96b46241fb235803fa004d1cd21ca1b3b6871,True,,,0,False,,EPSG:32736,477435.0,7813125.0,478715.0,7814405.0,True,1669171978094f54e445bcc88b96df50e19f52c63d34a26694109d76f37c38ce,event_date_absent;scl_255_quality_unknown
chimanimani_s2_905.nc,s2_part03.tar.gz,6176008,1881ab31d9b7b6c42bc18cbaae1c7e7479cef6c93ca827564c451c334d0d28cd,True,,,0,False,,EPSG:32736,477435.0,7814405.0,478715.0,7815685.0,True,a2bd1980505e99dab70c0b1f0ad8eaa50fa145700438090806313579abc35c17,event_date_absent;scl_255_quality_unknown
chimanimani_s2_907.nc,s2_part03.tar.gz,6176008,b546124147b50e94a249db1471c3966fdc4b6dd9ce5888580389cd00a75fcbea,True,,,0,False,,EPSG:32736,477435.0,7816965.0,478715.0,7818245.0,True,6114067c61350dce329fce541274dff3000aa0561f8e87a1f7990720c77c7b4a,event_date_absent;scl_255_quality_unknown
chimanimani_s2_908.nc,s2_part03.tar.gz,6176008,f2624b2246aeb321dc616aad7924a55974b936ce2e23b601fd76d7fc8a5f2b49,True,,,0,False,,EPSG:32736,477435.0,7818245.0,478715.0,7819525.0,True,bd2d04cc83a4cef2930b0d56a04cfe04b0cd222f4f7ab6b0652a2302d381dddf,event_date_absent;scl_255_quality_unknown
chimanimani_s2_90.nc,s2_part03.tar.gz,6176008,562dbc4af06e2edbe35d9a82e665617f3eeb9c2865833a87ae48fb533db49dd7,True,,,0,False,,EPSG:32736,459515.0,7810565.0,460795.0,7811845.0,True,cfa303b1c51e219d08852c026c29dd872e0b99c81715bbbce00d38f22f1cc529,event_date_absent;scl_255_quality_unknown
chimanimani_s2_911.nc,s2_part03.tar.gz,6176008,02f19fc46ae46e9d7c97e2ac6359a1e1df74c50ca10da8a5b9bad52089543f5d,True,,,0,False,,EPSG:32736,477435.0,7822085.0,478715.0,7823365.0,True,169ca393bac94d3cb07e9a73697f9b7429057e468cf3702f9730beefc13f384a,event_date_absent;scl_255_quality_unknown
chimanimani_s2_913.nc,s2_part03.tar.gz,6176008,c9b64fd95a3df0e693de9b9d825ab37bd7b80f286e219b95038a29c27fdfd7a8,True,,,0,False,,EPSG:32736,477435.0,7824645.0,478715.0,7825925.0,True,afdd1d9a3f268ac52548c206ac54d8e23c33d4427740745d4319ca8bc2c8fe70,event_date_absent;scl_255_quality_unknown
chimanimani_s2_914.nc,s2_part03.tar.gz,6176008,d1ccd73eab1fd17e6bd486a03aac72d2dccfc9bf9e64cbf9f7a4f87032b85fe7,True,,,0,False,,EPSG:32736,477435.0,7825925.0,478715.0,7827205.0,True,bae1d1cda9c41b65c57ac06b5830d156b36ca191b0c538971cadeb5990ad99a2,event_date_absent;scl_255_quality_unknown
chimanimani_s2_915.nc,s2_part03.tar.gz,6176008,fba852cbb645c01bb4b53728b41ded3d562a89803c113c6a1faa661952582558,True,,,0,False,,EPSG:32736,477435.0,7827205.0,478715.0,7828485.0,True,07b45b71b335648c73951fa6b51cf4ef3813b35716ad74d41d043a2423dcbffd,event_date_absent;scl_255_quality_unknown
chimanimani_s2_916.nc,s2_part03.tar.gz,6176008,54fddacd7c66f1274c6be6f8961993e2659eac43422244808d9b74fc6af58a6f,True,,,0,False,,EPSG:32736,477435.0,7828485.0,478715.0,7829765.0,True,a3d55545f40d8ff087225af7a9a2e1c808cd0dd4cd18c5d02d216fc94155e005,event_date_absent;scl_255_quality_unknown
chimanimani_s2_919.nc,s2_part03.tar.gz,6176008,4a03535d8312d49ee605c8e92034d4cec2e77016786f41b7a642b3b1fb70f117,True,,,0,False,,EPSG:32736,477435.0,7832325.0,478715.0,7833605.0,True,00689cb392978940308fd6443cade2c46f700cc908b8fdace07031e6b19128a9,event_date_absent;scl_255_quality_unknown
chimanimani_s2_91.nc,s2_part03.tar.gz,6176008,2e861f49cd7fab7c6b7a3629bc5e5af0b83d5b855b38cd21f091a21a4db92a76,True,,,0,False,,EPSG:32736,459515.0,7811845.0,460795.0,7813125.0,True,c498a6d4f279c453fcd58c9a8b1e4ffca1d0f3bad95bd44771e63e7d1dd090d6,event_date_absent;scl_255_quality_unknown
chimanimani_s2_920.nc,s2_part03.tar.gz,6176008,5e6addbf80e2f2bf9b3a7de7c4345d511f6e48ce7b5821e98d3af8a28a5d0a8d,True,,,0,False,,EPSG:32736,477435.0,7833605.0,478715.0,7834885.0,True,ecea679616e0bc238b4914fe6f7c3dc2339e893fdf17b50b6cabd23bcbe7d9a4,event_date_absent;scl_255_quality_unknown
chimanimani_s2_921.nc,s2_part03.tar.gz,6176008,371c3830d11b7f30fa69c5936188c91d7d81057a1e83a0ae61a4d8eed3d9e685,True,,,0,False,,EPSG:32736,477435.0,7834885.0,478715.0,7836165.0,True,da9be6b87e12e41ae356f070562a513ae112a6c8751f7e891c57088ef5fa2190,event_date_absent;scl_255_quality_unknown
chimanimani_s2_922.nc,s2_part03.tar.gz,6176008,daa34a880cb2dd926bc2da60a4c030cd1579734454228201628e795e58c7b1cf,True,,,0,False,,EPSG:32736,477435.0,7836165.0,478715.0,7837445.0,True,127e5d72212bdaff0c03dbffb8a574194f8cc65910057a11690c735937b27703,event_date_absent;scl_255_quality_unknown
chimanimani_s2_923.nc,s2_part03.tar.gz,6176008,f9fa026b459a0bed96350cd98329fe1c3ca8f55343ef8d516a60570c630ff875,True,,,0,False,,EPSG:32736,477435.0,7837445.0,478715.0,7838725.0,True,0d5b2f30106ce0c5d89eaffa5ce21184d0531bd3e71625c309e9bcbd93bbf5ac,event_date_absent;scl_255_quality_unknown
chimanimani_s2_924.nc,s2_part03.tar.gz,6176008,4c8e35295687d16097d9b206c09c158960b61263d1c89c6dcd81fc8e54aec4b9,True,,,0,False,,EPSG:32736,477435.0,7838725.0,478715.0,7840005.0,True,95cffaffec7c38990026204e9517b2dd679fe87db84f37af6cfbad8356020879,event_date_absent;scl_255_quality_unknown
chimanimani_s2_925.nc,s2_part03.tar.gz,6176008,20da87c231d3828094d7377c1ad55bc3fe13d50b2c81758eeedbcaa7ac87e78b,True,,,0,False,,EPSG:32736,477435.0,7840005.0,478715.0,7841285.0,True,555b07f2c3fccc4439d49624023d67e06487e5d680451d4653fb7327a50e653b,event_date_absent;scl_255_quality_unknown
chimanimani_s2_926.nc,s2_part03.tar.gz,6176008,04dcc63673ba0b8d6fcb6087e80a211046119c8836622389939d3a47cca2a7f7,True,,,0,False,,EPSG:32736,477435.0,7841285.0,478715.0,7842565.0,True,61aea56cc6293da94e2b1e763b1a2c2b7e742fe7af91bb077847b521539bf322,event_date_absent;scl_255_quality_unknown
chimanimani_s2_929.nc,s2_part03.tar.gz,6176008,77b12712f438b6890a72450426ee851915483c15dd717d50b0a016cf059a4b4d,True,,,0,False,,EPSG:32736,478715.0,7770885.0,479995.0,7772165.0,True,2ee5e78afd662b4d2927d9a2bf44f16e064475790d4704abd6cb2499b72e16ec,event_date_absent;scl_255_quality_unknown
chimanimani_s2_92.nc,s2_part03.tar.gz,6176008,f2d59a8bfabc9d336cfba9699ee8ba1b751b8fb5eab8448c18ab32044a5254ae,True,,,0,False,,EPSG:32736,459515.0,7813125.0,460795.0,7814405.0,True,8c319f0fbab524e5e0be1a2b29cf5c1c8dd9f80d20e25eef2204af6554a7a9cb,event_date_absent;scl_255_quality_unknown
chimanimani_s2_930.nc,s2_part03.tar.gz,6176008,6bcb95b5ad3b6b7f31bf6c7901134796598af3dd5cf375e9ed7a51bf5a194406,True,,,0,False,,EPSG:32736,478715.0,7772165.0,479995.0,7773445.0,True,e5968c4a30a68d5ac6c448803bce45475b83dca349bc1fcb37bbef2d0ecbaf7f,event_date_absent;scl_255_quality_unknown
chimanimani_s2_932.nc,s2_part03.tar.gz,6176008,d89f66f547608dd5ee5b7fc5c2e68b375684574049af6b9e007672074d3d9f71,True,,,0,False,,EPSG:32736,478715.0,7774725.0,479995.0,7776005.0,True,8b08ccc8f9ab3ec762ad13f92b5dca55e72c66bbcf400d5a1e069747216703be,event_date_absent;scl_255_quality_unknown
chimanimani_s2_933.nc,s2_part03.tar.gz,6176008,98afa0d3920d083b687d8ff23ca2b37a8804d29300bf658bb8f645b6daca639e,True,,,0,False,,EPSG:32736,478715.0,7776005.0,479995.0,7777285.0,True,bc3e8026bcbe4e97c15f695bd1d6b2f66c1e428572725f79f6c6370b1a89b45e,event_date_absent;scl_255_quality_unknown
chimanimani_s2_934.nc,s2_part03.tar.gz,6176008,d782a7b7c7f10167d8efb5224fa6372c8d681d0572d3a4b1ffa4c56024c42809,True,,,0,False,,EPSG:32736,478715.0,7777285.0,479995.0,7778565.0,True,62f30e61b5cbcae68bf20a5ad9a56961ba4b50d2ac3f7ab5046209077b8952c6,event_date_absent;scl_255_quality_unknown
chimanimani_s2_935.nc,s2_part03.tar.gz,6176008,cf95735af238707eb371772b29f70bb9a268f32b2e4786f2e1ebd3970490a990,True,,,0,False,,EPSG:32736,478715.0,7778565.0,479995.0,7779845.0,True,0e9cea73a80d15ea7cb5ce2b90b54417670afe8125c003b706000e00d1ab3081,event_date_absent;scl_255_quality_unknown
chimanimani_s2_939.nc,s2_part03.tar.gz,6176237,93c38c6346d3e216dc4a436065779682502c0ddb5701750170b579177088c915,True,test,56,56,True,2019-03-15,EPSG:32736,478715.0,7783685.0,479995.0,7784965.0,True,1cfda1441dbc88e274c69f2b51d31ce6f321e1533f7e5452a4f2e21154ae613f,scl_255_quality_unknown
chimanimani_s2_940.nc,s2_part03.tar.gz,6176008,a351b93e005b7a07cecfab84ead2d87890e20e5834a6235e919011404cf7164e,True,,,0,False,,EPSG:32736,478715.0,7784965.0,479995.0,7786245.0,True,fc056e4410c8f0a4e37c6c781da8e5537af366a94dde0e2abef14aaf3134679d,event_date_absent;scl_255_quality_unknown
chimanimani_s2_941.nc,s2_part03.tar.gz,6176008,97236a1e1fd61882e31086ba2ce925eaadb39d29c40a4f101f7eccd25e08384e,True,,,0,False,,EPSG:32736,478715.0,7786245.0,479995.0,7787525.0,True,6499bb139f40ab0007353d8fbeb694b28a9635b4ce0b3f6a38cf5b8c190a73d6,event_date_absent;scl_255_quality_unknown
chimanimani_s2_942.nc,s2_part03.tar.gz,6176008,85256f43424232e061bd130d92455425bca12ebb8a5715b7bb2afc8ecc6d236d,True,,,0,False,,EPSG:32736,478715.0,7787525.0,479995.0,7788805.0,True,7c0b5bc0a33ff9c9e69421d0d7ac8a04526978659950e6fcfd3696ecc9a5951e,event_date_absent;scl_255_quality_unknown
chimanimani_s2_944.nc,s2_part03.tar.gz,6176169,35d245a558b1753a6022a6bfaed45c01e192553d98c1a26bf652786a46b9a6a3,True,train,73,73,True,2019-03-15,EPSG:32736,478715.0,7790085.0,479995.0,7791365.0,True,08f90c8633b160ed35faa98b2583d82bf9d8062f4d51093372c0fedaa3c7ce6f,scl_255_quality_unknown
chimanimani_s2_945.nc,s2_part03.tar.gz,6176325,c9d95333565ee975e70f90baaa3f099181fdc135a2bb5e9aaf923e4e732853a8,True,val,98,98,True,2019-03-15,EPSG:32736,478715.0,7791365.0,479995.0,7792645.0,True,a447a704277076e205bd5f26cedb47ce6144a7e85e4288e456a58e1a5b3d8aa4,scl_255_quality_unknown
chimanimani_s2_946.nc,s2_part03.tar.gz,6176174,40e70100ee432f3c1000c91bda5ef6301c862a258b87279051a4a03c6df5211c,True,,,40,True,2019-03-15,EPSG:32736,478715.0,7792645.0,479995.0,7793925.0,True,9aafe1d5ab8d98bb2281a631c5ebf2838ada0d93097de6fe454e3801a6efc4e0,scl_255_quality_unknown
chimanimani_s2_947.nc,s2_part03.tar.gz,6176393,a74c950555ad601a75278355fd30a5c7561ca5014a7692623eba226828a6efc7,True,train,218,218,True,2019-03-15,EPSG:32736,478715.0,7793925.0,479995.0,7795205.0,True,ec263479205203f12c844a50a63af5f992b2a1886f4dcb5a9ac7a45993a41599,scl_255_quality_unknown
chimanimani_s2_948.nc,s2_part03.tar.gz,6176363,ae004534da91b8ac24941789b01fe445e4a29c6cfef6cbff187d3cec36148747,True,train,170,170,True,2019-03-15,EPSG:32736,478715.0,7795205.0,479995.0,7796485.0,True,e8693743a56fbfa7f812aa3acf268d86679cafddea7a2583fee18facfeef51ad,scl_255_quality_unknown
chimanimani_s2_949.nc,s2_part03.tar.gz,6176106,1affe3f3746c3942907abae2fb943d0b56e19b5ca931152161a95dc134496d73,True,train,180,180,True,2019-03-15,EPSG:32736,478715.0,7796485.0,479995.0,7797765.0,True,2825cbf8eac3ec54d4fe8562b8859c667ae7aa19e2a2a78cf88d7815762af2ad,scl_255_quality_unknown
chimanimani_s2_950.nc,s2_part03.tar.gz,6176008,262a73ac377953974894f7def67bfceb009968a0ff38e62e80c03e9749fcf9a6,True,,,0,False,,EPSG:32736,478715.0,7797765.0,479995.0,7799045.0,True,851782642a9999b3f37144e825a1e63d834ecce393d9dda4b83716a72e817e82,event_date_absent;scl_255_quality_unknown
chimanimani_s2_953.nc,s2_part03.tar.gz,6176008,032873a0136b8352fd03e259cf5ec3a77a2744956bdc9ac07e81855e63415f03,True,,,0,False,,EPSG:32736,478715.0,7801605.0,479995.0,7802885.0,True,ff4621ef80c6a5fd007422b74987c4a7f1393db2342ea19d01f2b8cf356ebe22,event_date_absent;scl_255_quality_unknown
chimanimani_s2_954.nc,s2_part03.tar.gz,6176008,144b67fa501b50a43e29b7ae2e251298bc524f12028681c77ea4513706264eb1,True,,,0,False,,EPSG:32736,478715.0,7802885.0,479995.0,7804165.0,True,ce03b612e199161b8c22d9b49f16a069bcbf3b1a63634a39cdda92fedeb947ef,event_date_absent;scl_255_quality_unknown
chimanimani_s2_958.nc,s2_part03.tar.gz,6176008,20f83d1e02d95982c2843d00b86391cae926b356cd4c0427ebe8d14024762603,True,,,0,False,,EPSG:32736,478715.0,7808005.0,479995.0,7809285.0,True,6fbea978a7805326aaa06b9d1ad675ed76ed9cde1ae4b3b1fa8ad985054dbaeb,event_date_absent;scl_255_quality_unknown
chimanimani_s2_959.nc,s2_part03.tar.gz,6176008,7b2a362b57154bc0adeb66b7a21468895c8d583fb7e2ef825423d1cd993ae92c,True,,,0,False,,EPSG:32736,478715.0,7809285.0,479995.0,7810565.0,True,9c04c4265485c1570141285e5dc25b03be8ddc78744ba8e3519e4ed4ecfc4812,event_date_absent;scl_255_quality_unknown
chimanimani_s2_95.nc,s2_part03.tar.gz,6176008,5158bc354c0540b1d70c5b8d4e73bfe5432cab485ad82c1a26b9118bd38e96fb,True,,,0,False,,EPSG:32736,459515.0,7816965.0,460795.0,7818245.0,True,3ba0ecbf5c290dda6a9d6971643efed37235f2b796d6b7c5f3e340e2ef32f418,event_date_absent;scl_255_quality_unknown
chimanimani_s2_960.nc,s2_part03.tar.gz,6176008,e7734eac0b85ea7e6f97040da109bf4499415051112267d7052d07a78377557f,True,,,0,False,,EPSG:32736,478715.0,7810565.0,479995.0,7811845.0,True,46e61040f1ec3c469e1ca0a91bb9bda0bd54684b09cc1155ea9c7ac88f3c811f,event_date_absent;scl_255_quality_unknown
chimanimani_s2_961.nc,s2_part03.tar.gz,6176008,9744d0d7f759aa4fd3ee7bfb9cadfd2cfab451d50e9253d8bb73b0411f5e9f35,True,,,0,False,,EPSG:32736,478715.0,7811845.0,479995.0,7813125.0,True,2e728501f4ee6889d093a4c8f9aadb90689ef6f38de7a8542ef07e3d32e54576,event_date_absent;scl_255_quality_unknown
chimanimani_s2_963.nc,s2_part03.tar.gz,6176008,89b406698fa5e12e907a01875f72df4e6e524abc6c9594dfe367d9de4811307e,True,,,0,False,,EPSG:32736,478715.0,7814405.0,479995.0,7815685.0,True,739032f626e0800138ffa1243b46a311b27e003e79bcc17ba01a65b44fa0f9b1,event_date_absent;scl_255_quality_unknown
chimanimani_s2_965.nc,s2_part03.tar.gz,6176008,edf39184821678a1d0badfea99daf7f0bef73cd22ece9c0743f7a1efc0ebe566,True,,,0,False,,EPSG:32736,478715.0,7816965.0,479995.0,7818245.0,True,452252559309a69f5e7280dc7aec08e5ea398851d3c65fc1062ebf86568c2b0c,event_date_absent;scl_255_quality_unknown
chimanimani_s2_967.nc,s2_part03.tar.gz,6176008,2b810feceea73ffc8f4b5806143e02204f714f6b74a34eb4dfc0c1953e71ea78,True,,,0,False,,EPSG:32736,478715.0,7819525.0,479995.0,7820805.0,True,0e6e56d62867fc236f84af6af73fe1c6ce780cf00c9875c332311e58f5f0864e,event_date_absent;scl_255_quality_unknown
chimanimani_s2_968.nc,s2_part03.tar.gz,6176008,2040453d1138875f0d1c61102080a64afae51a8c6d2f121e0c063f07db647fc0,True,,,0,False,,EPSG:32736,478715.0,7820805.0,479995.0,7822085.0,True,24614333971c3b454a547cd5dda4397d11f3862399e2b0298a68bf5046f0cba4,event_date_absent;scl_255_quality_unknown
chimanimani_s2_96.nc,s2_part03.tar.gz,6176008,16cc45dc0ccda2d19b3d41a00cf3bb9284f230d65e5a4fcbcb45090399dfdffc,True,,,0,False,,EPSG:32736,459515.0,7818245.0,460795.0,7819525.0,True,ef17a66d12b3150ddd0e4ee62288006521e4fadb44eee8c347a07854da1a96f9,event_date_absent;scl_255_quality_unknown
chimanimani_s2_972.nc,s2_part03.tar.gz,6176174,0e71f9f5d17b9bb4f9adf65342f89b7aaf6ea0aea0fb3a017583d2957cbd7360,True,train,170,170,True,2019-03-15,EPSG:32736,478715.0,7825925.0,479995.0,7827205.0,True,12d13cbbe35d0580d858d913e14d78430b67eba5a0e193a26b3d7ac94707bc0e,scl_255_quality_unknown
chimanimani_s2_973.nc,s2_part03.tar.gz,6176171,a2c7b3eb8571f85946fd7012193b4108a81ccc3a176f29efb52f28868f9e4fa2,True,train,106,106,True,2019-03-15,EPSG:32736,478715.0,7827205.0,479995.0,7828485.0,True,88600b81eb86a16d4866fda1e22e2c6fdbecb4960ea7dddd31bae0fa7b9e290c,scl_255_quality_unknown
chimanimani_s2_974.nc,s2_part03.tar.gz,6176008,42266c48ef61aaee071b953918a3bd071e93f1f91be4812cc2fb0ace61547dbe,True,,,0,False,,EPSG:32736,478715.0,7828485.0,479995.0,7829765.0,True,52d05a8db70e87021a9f6043ab86df10889679f5cf026e83a8843796a96f7468,event_date_absent;scl_255_quality_unknown
chimanimani_s2_975.nc,s2_part03.tar.gz,6176008,f6ec08473422d5de9d30d8469a45759ee9e3d6f9ff2827c6d57e3b8b9700f277,True,,,0,False,,EPSG:32736,478715.0,7829765.0,479995.0,7831045.0,True,6533da18038559b2f046804be5d7cc500c1ded3227daa700752d915225a10f38,event_date_absent;scl_255_quality_unknown
chimanimani_s2_976.nc,s2_part03.tar.gz,6176008,6047fc522a9fb583bbda82571e1b34ab4a791189a33b7254d7f004bc1f035be4,True,,,0,False,,EPSG:32736,478715.0,7831045.0,479995.0,7832325.0,True,535a4a608841638d96eb5e42eb7b2d5b12a676fbe2630072db111738c50444f8,event_date_absent;scl_255_quality_unknown
chimanimani_s2_977.nc,s2_part03.tar.gz,6176008,500986a07fce3ff7b0305c4464d96231f7bbf0b510efb7fdceb99f8feb7995bc,True,,,0,False,,EPSG:32736,478715.0,7832325.0,479995.0,7833605.0,True,f9600ec5ec54029aa8f0dd1c6becf7fc7ee866a97660f71f42647793003e9749,event_date_absent;scl_255_quality_unknown
chimanimani_s2_979.nc,s2_part03.tar.gz,6176008,f946c8c2c236fb214ba170cf7559ba13fabf9cb74ef97351a1de45bf254bb90c,True,,,0,False,,EPSG:32736,478715.0,7834885.0,479995.0,7836165.0,True,deeb9882d2cab08f3ca9e061a47c18eb46b91badaa952a6746efba85bac40b45,event_date_absent;scl_255_quality_unknown
chimanimani_s2_981.nc,s2_part03.tar.gz,6176008,6bc5d599a4d71b1a653f46ebb6bb1ed8f9f4c3fe9c54f063b49a4ca9f4aedb8d,True,,,0,False,,EPSG:32736,478715.0,7837445.0,479995.0,7838725.0,True,c6862dcde2e9a0887dfd9b8fce5a807e0a80cda3679f9096f37dffab2fbef897,event_date_absent;scl_255_quality_unknown
chimanimani_s2_982.nc,s2_part03.tar.gz,6176008,f35a0a0b70f7561067d567422bd852f7580c5318149d82b46be064dd65438b6b,True,,,0,False,,EPSG:32736,478715.0,7838725.0,479995.0,7840005.0,True,89da62c507ec76405353a7e54cee4624c07dadb2b76cb1217867f380124ec952,event_date_absent;scl_255_quality_unknown
chimanimani_s2_987.nc,s2_part03.tar.gz,6176008,a0a190cb351f961d511be0b12194720286710ec4117ef8126a9bd570304d2a99,True,,,0,False,,EPSG:32736,479995.0,7770885.0,481275.0,7772165.0,True,f00322b4c3ee33fc02f9af01867d8e285d514547b6c4eb54403a10a849603eac,event_date_absent;scl_255_quality_unknown
chimanimani_s2_988.nc,s2_part03.tar.gz,6176008,8a02d5f8938c45dbae68b62e6134b665b7d2b641f2f75f484a0dd23b16d95e16,True,,,0,False,,EPSG:32736,479995.0,7772165.0,481275.0,7773445.0,True,3b68c2407811e46c9584ef68948dbca2d7bbd98faaf5cde05dba54c9c3c354f5,event_date_absent;scl_255_quality_unknown
chimanimani_s2_993.nc,s2_part03.tar.gz,6176008,2211dd7e6f816744bc7876a62a39ee9014af3b5a1d589299c9f8059ab6da8026,True,,,0,False,,EPSG:32736,479995.0,7778565.0,481275.0,7779845.0,True,fc0aab6895da1e54f5da6ce3dda06b2f7b6dc9c5e1dad6b9996056d3d528d185,event_date_absent;scl_255_quality_unknown
chimanimani_s2_997.nc,s2_part03.tar.gz,6176096,43889665eae92be3ca41445a0158b6be1bf310b00682d27173eb6f79c707f513,True,,,33,True,2019-03-15,EPSG:32736,479995.0,7783685.0,481275.0,7784965.0,True,51e0be83f987be67c96a9985b5c1e87c2db3d19dde4c5791685d241aa974e6c3,scl_255_quality_unknown
chimanimani_s2_998.nc,s2_part03.tar.gz,6176008,7f1f8b63fb73c7462aa314843b70919ff4c5e7a8d40f081f2bf60bd72044bb14,True,,,0,False,,EPSG:32736,479995.0,7784965.0,481275.0,7786245.0,True,10f6829def4eaf95b5bcdd659f8f7442ac7fdcc53916862737391b50d5c1ea7b,event_date_absent;scl_255_quality_unknown
chimanimani_s2_99.nc,s2_part03.tar.gz,6176008,45124500519dd893d6bd5e63a2b6e7ea0a484fedf17c4d8cf2d7f473ac034627,True,,,0,False,,EPSG:32736,459515.0,7822085.0,460795.0,7823365.0,True,1ed5095b55050d8e238c8a6acf85a3ae52c5a95d9ad31a03e23735f58727febc,event_date_absent;scl_255_quality_unknown
