sample,image_sha256,mask_sha256,positive_pixels,valid_pixels,Landslide_IoU,Landslide_F1,Landslide_Precision,Landslide_Recall,mIoU,OA,TN,FP,FN,TP,foreground_patch_iou
image_1.h5,ab6248004ab39f1e3eeb4d0cc3f02931d2e4243f2ca5976a579ed535960d2109,26ec86ca74edea2bc4f966818298085cda80f422cf21e6126feab7948956b9da,33,16384,0.05357142857142857,0.1016949152542373,0.11538461538461539,0.09090909090909091,0.525167986430272,0.99676513671875,16328,23,30,3,0.05357142857142857
image_2.h5,11437b83d8cfc839c6b0cf4014b152314f4d693d764f51cee57065c07a6fa6b8,259b63544ae4e8e76f2a0dd33bc9621b5f294ade1d52406bf8f7aaf65d3c5a5c,818,16384,0.44558071585098613,0.6164729661445174,0.5254091300602929,0.7457212713936431,0.6987317805196354,0.95367431640625,15015,551,208,610,0.44558071585098613
image_3.h5,3360b28988ae03110b3a3399f5de5835b7e082a31bb1b98ba4fec9d939e96e4b,b18f9b09dca1731c2ea23516f99221420588d33388c2755af361b591bfdaa4ea,0,16384,0.0,0.0,0.0,0.0,0.5,1.0,16384,0,0,0,
image_4.h5,6fc99e9ca4733f7ce2b4378cd322e741c39c554ef78c52598712268d2423d353,b00447ba2ab6b58dbeecdf177d2beb890db5bf5be02653e4f1fbbe8ea6b653f3,1228,16384,0.3854827343199436,0.5564598168870803,0.7411924119241192,0.44543973941368076,0.665210900531191,0.94677734375,14965,191,681,547,0.3854827343199436
image_5.h5,44eb10cd329da072e8e177757dce734f2ffdd896c98ee15f713ab00f80b8994d,b65ffd0204e580ecc641c8920054e1018c5944d15762ec4bc53132e366e04939,967,16384,0.4438202247191011,0.6147859922178989,0.4928259513412352,0.8169596690796277,0.6901671342910627,0.9395751953125,14604,813,177,790,0.4438202247191011
image_6.h5,071b188e3e68269a53f127d0b8ef3bbbc90f95ca72215b35ccb7aca418af4963,5ed0dbdb62902a7af2fbf01e7cdbf66a66edfe2ce54fa397ffdb35cb75e608f9,466,16384,0.32432432432432434,0.4897959183673469,0.5192307692307693,0.463519313304721,0.6482457841314844,0.9725341796875,15718,200,250,216,0.32432432432432434
image_7.h5,da5bc6dd3fe4e1b495da5781b81094566afae1cc4929be9e93cb0c0496dd40bc,c6820052d90d80c13183137b64eec60806529439d85658af11c887d6d70480f8,669,16384,0.41975308641975306,0.591304347826087,0.7068607068607069,0.5082212257100149,0.6952293230652742,0.9713134765625,15574,141,329,340,0.41975308641975306
image_8.h5,2d422da81f9b7448a991fe22595f3e3356540fdbb21337b28b27d1ae24b1883a,509e8b2ddb8fb2afeda1d593ae01b56fc0456375ac5dd32d0f068d2774530335,311,16384,0.043731778425655975,0.08379888268156424,0.3191489361702128,0.04823151125401929,0.5118469509759167,0.97998046875,16041,32,296,15,0.043731778425655975
image_9.h5,7d9607ce7552562c499dd7442bb7d34787777c94a5d7919976089e4d3c2c8d26,dee0585a6b1ea4d1ca4259b75906c32d40f6ba7eb39c54638634165a74ae6c98,2,16384,0.0,0.0,0.0,0.0,0.4979248046875,0.995849609375,16316,66,2,0,0.0
image_10.h5,677f06f8ddd5cd8cec7c65021b438d77e2bad8e182c499f773bd3e31ca35d6c8,a6d44bbaa4c65ca92a1abf0069ef3babd48b3d9976519c2dc78d6ebafa4d35f9,13,16384,0.0,0.0,0.0,0.0,0.499603271484375,0.99920654296875,16371,0,13,0,0.0
image_11.h5,8ef79f8b311f2d6684f4c25ae8faab016c3d44c1843799881b52ca3fd2a6c7a6,b31f93d875636e5c8b7785b585c6d2c280e0ea21955d596ccf3a60c1514ca2fb,626,16384,0.38366080661840746,0.554559043348281,0.5210674157303371,0.5926517571884984,0.6732205238362755,0.963623046875,15417,341,255,371,0.38366080661840746
image_12.h5,28b181b38451c9b43050863bb9bc61162f9053ba5d57cc79b335ab727c6d2cac,fcc681f4a50edba9c613a80af46f555eab201bed0adbd569f1141fd90a6f78b1,63,16384,0.0,0.0,0.0,0.0,0.498077392578125,0.99615478515625,16321,0,63,0,0.0
image_13.h5,e06dc8a31de78ae3966fa371e7af0ec8bb87262751411c63a5cd8316c57b69ae,2715f0a694edbe6c5b59c1077a8a2e4459dc1dffa01fb635af14bb3fee05972f,675,16384,0.15912208504801098,0.27455621301775146,0.6823529411764706,0.17185185185185184,0.560720373726366,0.96258544921875,15655,54,559,116,0.15912208504801098
image_14.h5,e7853fe91d9c0cda243374cb33330bd719063fdc1551022cb2aacce1fad1cb9b,b18f9b09dca1731c2ea23516f99221420588d33388c2755af361b591bfdaa4ea,0,16384,0.0,0.0,0.0,0.0,0.5,1.0,16384,0,0,0,
image_15.h5,d4a15776550995008fcc9bbba8393dc5cc0fc5b0f519fcb4c0e4def498eae775,fa4c84893f807b80b89f4fc38498bb04b7b44c34cabf632e252890bf58da6e65,415,16384,0.4178885630498534,0.5894519131334023,0.5163043478260869,0.6867469879518072,0.6966143231424184,0.97576904296875,15702,267,130,285,0.4178885630498534
image_16.h5,beef6cc2a30a708db59611f52c5a7e9d034e041ae415ad291a79bf99550360f6,1e3ef989249e077448aa6343f89fe846cb78199f076d34f6cddea0bc164618da,2,16384,0.0,0.0,0.0,0.0,0.49993896484375,0.9998779296875,16382,0,2,0,0.0
image_17.h5,a1c8057efb229bfcd46783d07abc283183426bb93bd314a4b4efbd299a8d1841,952a1609450e1f3248f1872f5bf38feb28de17862308cbc2579efd4db044887b,98,16384,0.010101010101010102,0.02,0.5,0.01020408163265306,0.5020595998438885,0.9940185546875,16285,1,97,1,0.010101010101010102
image_18.h5,6725a2cbbb18eee1387e1e55376fe40dd7a502e358e15fc8c9a8d6de0fa649fb,46c1f16d7464f2c6e2cc704c81052adb25afbe33e0cd142cae3ce59a235a20e2,27,16384,0.0,0.0,0.0,0.0,0.499176025390625,0.99835205078125,16357,0,27,0,0.0
image_19.h5,ddbd25b37371ce48de0bf03c4ed19a3e53c7fb351f69aaab84c58222311857e8,b18f9b09dca1731c2ea23516f99221420588d33388c2755af361b591bfdaa4ea,0,16384,0.0,0.0,0.0,0.0,0.5,1.0,16384,0,0,0,
image_20.h5,63eef70a5ff99229453772fa2b54cc497ea95343c6f30191d1667975681b8a72,b18f9b09dca1731c2ea23516f99221420588d33388c2755af361b591bfdaa4ea,0,16384,0.0,0.0,0.0,0.0,0.5,1.0,16384,0,0,0,
image_21.h5,ec115aba33392bb165dc34008a8611f3c636aa42565c1504ea1b8b68c1cad7a4,b18f9b09dca1731c2ea23516f99221420588d33388c2755af361b591bfdaa4ea,0,16384,0.0,0.0,0.0,0.0,0.5,1.0,16384,0,0,0,
image_22.h5,21273793150aa417098bf380774ff10ea6a88da2f37c9f21bd07ecda4e020d5b,2168d52ccffbb259beacbd36dced48c392645f76280c35cd51670b2a1cfa801a,1751,16384,0.48915748311411306,0.6569587013607067,0.5643970467596391,0.7858366647629925,0.6967042746060971,0.91229248046875,13571,1062,375,1376,0.48915748311411306
image_23.h5,6bcca9dbb2de273b38399544715221b14269ab9c7a921276c62745d5d94260c1,957e6bff5b21933ede985b5418ff510527a8158b47e5dedd15ce96693365e4df,276,16384,0.3146067415730337,0.47863247863247865,0.39436619718309857,0.6086956521739131,0.646018220317844,0.9776611328125,15850,258,108,168,0.3146067415730337
image_24.h5,fc2e51e2def740c9bb7d1248e22957246be4168d4a452be3716b8fe4c41cb3d6,e12cd3b2804ee51910e409da9bac81656a458102293e733e0a34a50fd868da78,5088,16384,0.47458515283842795,0.6436863302534944,0.810077519379845,0.534001572327044,0.6272464799825417,0.81640625,10659,637,2371,2717,0.47458515283842795
image_25.h5,703622c693c6fd3d76396527880a36bb313bdd1f1a6777ca15a753d424b01a0b,249bd9e3f9d655c1abe58bfad0111e9e18011e2c4466e729ecf6a75bf94ad9ed,3053,16384,0.6062271062271062,0.7548460661345496,0.6681806712086803,0.8673435964624959,0.7405043510168728,0.89501953125,12016,1315,405,2648,0.6062271062271062
image_26.h5,2e55caf605b3d964bb4924f50e8b9537edd816692046aaf4a61193be1b5f7a17,4b26ca0b4f7bc722774dc85c6e8961948236ab2064498f540a9e91d06be3f0d5,289,16384,0.10662824207492795,0.19270833333333334,0.3894736842105263,0.12802768166089964,0.5438322589220912,0.9810791015625,16037,58,252,37,0.10662824207492795
image_27.h5,34d1f27a9c6b470c630ed60986d469d559873bd2df42dd3aff5f050d5df167fa,c5784526df37c565bfa0dae16e3d0088e68dad6daabcedf24a22430509064d9d,660,16384,0.3943298969072165,0.5656192236598891,0.7251184834123223,0.4636363636363636,0.6825487026518916,0.9713134765625,15608,116,354,306,0.3943298969072165
image_28.h5,2259f87f4b6c53084a244719a2f6f38e5cdd8d88147ac3c3f163cc5047609ee3,67beff8fe926de506a117032bc7a299b99a51f123e8085fba9ba0d3f1a21fe29,506,16384,0.39460154241645246,0.5658986175115207,0.5302245250431779,0.6067193675889329,0.6826525159367204,0.97125244140625,15606,272,199,307,0.39460154241645246
image_29.h5,c0fb6bd1ede6a6fe82c5bc54babeb106f82bd200152c27e90abb0ba192a4bf69,5a87c35a70cb218cc0dc7196a9e7d12d8397ce01d2ab8db0ebdfb274952b47fc,56,16384,0.06422018348623854,0.1206896551724138,0.07954545454545454,0.25,0.525879181541531,0.987548828125,16166,162,42,14,0.06422018348623854
image_30.h5,7f3a62dbb389fdc1639c4c33231c5851d822013d646b7eddfd638f7a71addee0,3a15660309f238e5b40b21a2779040cb21ed6c4355743fba9899718d99b8e884,54,16384,0.6229508196721312,0.7676767676767676,0.8444444444444444,0.7037037037037037,0.8107718738027853,0.99859619140625,16323,7,16,38,0.6229508196721312
image_31.h5,a577fd7548fbb42e782777264d1a7091844ff181d3e52b9d51244ae883832863,617cde21c78662ee02ee4f4c01b425d7424a1cbdeeea5e641f104ea03232ca7a,1844,16384,0.5060658578856152,0.6720368239355581,0.583766493402639,0.7917570498915402,0.7052910366887202,0.91302490234375,13499,1041,384,1460,0.5060658578856152
image_32.h5,1796d0c4871d1b5f812cb4e98294ba4e0f65dff94c4f89e23bb85e9e43ca51db,b18f9b09dca1731c2ea23516f99221420588d33388c2755af361b591bfdaa4ea,0,16384,0.0,0.0,0.0,0.0,0.5,1.0,16384,0,0,0,
image_33.h5,c8bb1dac61c265c0041a8d11e2eb240d68acc3ae1d11bf154dd2fbc2b1bc5b0b,b1e96981ab87c2f890a8765fb9a88122193dc267ab2c452a5ae9c2f55254af60,189,16384,0.5019455252918288,0.6683937823834197,0.6548223350253807,0.6825396825396826,0.7470355125690149,0.9921875,16127,68,60,129,0.5019455252918288
image_34.h5,8ef4f34ca4d6f162d1c387d72d0ed51bcb22ece2f020e598e2558b88ea67fcaa,91dca1df2008375da2381fd5d3fc6cf65dc9308fb396691689e3c8421b6b42c9,370,16384,0.4323308270676692,0.6036745406824147,0.5867346938775511,0.6216216216216216,0.706817883510311,0.9815673828125,15852,162,140,230,0.4323308270676692
image_35.h5,cd77d0c52039581ceed8c74aee5f8981aa665060dc473c7933752e23810d9a29,b18f9b09dca1731c2ea23516f99221420588d33388c2755af361b591bfdaa4ea,0,16384,0.0,0.0,0.0,0.0,0.5,1.0,16384,0,0,0,
image_36.h5,9c440a9aa00ec095f289677ee1c274d2816194cb8b58f16af486593da33e488c,f5c68e39f7fffb3d023e5b3bb3a427a4e833dfe67746ab2281957de73dbc37dc,482,16384,0.44234404536862004,0.6133682830930537,0.4482758620689655,0.970954356846473,0.7026372149436717,0.9639892578125,15326,576,14,468,0.44234404536862004
image_37.h5,5c725324228c90bca2ec9fa930dc4f2003d92be065949428238f30a3d78d6f1d,4b3d0a37aa32b07d68065b2be2b1c6adf2e540c3250406e19a289975d186144c,110,16384,0.6148148148148148,0.7614678899082569,0.7685185185185185,0.7545454545454545,0.8058124132352708,0.996826171875,16249,25,27,83,0.6148148148148148
image_38.h5,6ce3822752311bbe6ec9132b4f04263a712ebe4da517c8373e6cdce2e80290e5,d4d3c59e53d5f401cb3a6605ee9bec4eb41e2cb3a6060283c2539438ac0201f5,845,16384,0.5575916230366492,0.7159663865546219,0.6797872340425531,0.7562130177514793,0.7626954622010811,0.96905517578125,15238,301,206,639,0.5575916230366492
image_39.h5,399865bfe44e175e8689407f07587c97a4371ce0b3dac1b6a9b94d7111ea7700,4bf704b4abd41d4e51eca6a675a2c60ec109675ffe13d1420c4138ba377d38e6,0,16384,0.0,0.0,0.0,0.0,0.5,1.0,16384,0,0,0,
image_40.h5,ebbdc8c1c5c34da6faf236ebb48339761473275fb71a4c50deaba7055395c4c8,601b611f985deedb75ba05bd1d644bb1f678d0a9418e226cede4385f24123bd2,713,16384,0.866225165562914,0.9283179559971612,0.9396551724137931,0.9172510518934082,0.9299021568437583,0.99383544921875,15629,42,59,654,0.866225165562914
image_41.h5,304341d0ea165f1dbda2f711c240ad192bc9de405ba9cca1933c981cb3b89bd6,3a236c99a4565412f3b4275e81b56627cdaffacdddeaa885ebe849bae517908a,3351,16384,0.7328342798141456,0.84582154029495,0.8444378346222486,0.8472097881229483,0.8282111598406277,0.93682861328125,12510,523,512,2839,0.7328342798141456
image_42.h5,ac63f6d4d64288f8f7154f4538c522ea5b8be37f44472c797fa0d96aca03ae83,b9a46661b9cc61898c24576f51b47d58a36dd84c33c9132d6224c8e4ec064a41,634,16384,0.5584795321637427,0.7166979362101313,0.5937823834196891,0.9037854889589906,0.7649142964721061,0.97235107421875,15358,392,61,573,0.5584795321637427
image_43.h5,76610981b05ac81b9d3ea41d39eff547c0e08f42435dd7fc1ee915ff98fb5422,b18f9b09dca1731c2ea23516f99221420588d33388c2755af361b591bfdaa4ea,0,16384,0.0,0.0,0.0,0.0,0.5,1.0,16384,0,0,0,
image_44.h5,4836e06210c37c250e4bce3daae45f584560b6596b1b1fe0393c456bc1113086,b18f9b09dca1731c2ea23516f99221420588d33388c2755af361b591bfdaa4ea,0,16384,0.0,0.0,0.0,0.0,0.5,1.0,16384,0,0,0,
image_45.h5,0492dd4fed3e3cc45df16106c84f0609d20c2c7438fa4d79b9c4de150e131625,b18f9b09dca1731c2ea23516f99221420588d33388c2755af361b591bfdaa4ea,0,16384,0.0,0.0,0.0,0.0,0.5,1.0,16384,0,0,0,
image_46.h5,e9ed5bbda20f1297721aced73ca96c5d52ece91b88bb76469583cee127e7050b,bbb931d1b6470698743da04375e0e8474492e5c0dcb58ccad63b70d689d71070,89,16384,0.17391304347826086,0.2962962962962963,0.8421052631578947,0.1797752808988764,0.5846349186110757,0.995361328125,16292,3,73,16,0.17391304347826086
image_47.h5,d1f79ed4fb00711e23b41d0fd18937b4ffaa7280c0a6386d1edb082267c65f97,b18f9b09dca1731c2ea23516f99221420588d33388c2755af361b591bfdaa4ea,0,16384,0.0,0.0,0.0,0.0,0.5,1.0,16384,0,0,0,
image_48.h5,ef7491f6b7f2847e0e4a7122aecd457ef56b0c9cbb1ca678f38207a01d378093,5ee9d8965f8575357074fc94eae9d617b701aca6a9008279f40349da1484397f,131,16384,0.5524861878453039,0.7117437722419929,0.6666666666666666,0.7633587786259542,0.7737559900169777,0.99505615234375,16203,50,31,100,0.5524861878453039
image_49.h5,561b7aef4e22b8f33974abf21cff2ebe86a8fff0dfef8ec47af4f16ea7201923,2658f85187a588d35d2a390634074dd6439ddd63bd73741903e6e6e7bbe32008,35,16384,0.13513513513513514,0.23809523809523808,0.7142857142857143,0.14285714285714285,0.5665907069533664,0.998046875,16347,2,30,5,0.13513513513513514
image_50.h5,5a9613e4d5e8d4dd74c810a1804618bc6900d70fed8cb0824865e44e376f20ce,b18f9b09dca1731c2ea23516f99221420588d33388c2755af361b591bfdaa4ea,0,16384,0.0,0.0,0.0,0.0,0.5,1.0,16384,0,0,0,
image_51.h5,848a31f9fcc416a6b4d5f7189ace8636fe88a044b384d3cec1361654fcdbf313,77897a0ac676e5c4ae44f9655e6defe6fc235269e780181ee9887a66218d008f,26,16384,0.08163265306122448,0.1509433962264151,0.09022556390977443,0.46153846153846156,0.5366934337869035,0.99176025390625,16237,121,14,12,0.08163265306122448
image_52.h5,687ebc5ce27fd8d03933164d7e9c43213295bed98a4a29c485437846480d65b4,6a50c92b925aea7030553878e5ddfe5ab0d33c191bb6ecc5dc55e48ba0e901e0,39,16384,0.18604651162790697,0.3137254901960784,0.19393939393939394,0.8205128205128205,0.5887424338961453,0.991455078125,16212,133,7,32,0.18604651162790697
image_53.h5,594a9503825e722f08136e789b6d1f704753a738d25a9b482edfda35a2a33060,4c4b74590fed301ef7a72686b088936e4bb72306e5809c463a15dc93fa8564c9,289,16384,0.23809523809523808,0.38461538461538464,0.38869257950530034,0.3806228373702422,0.6082328224395325,0.978515625,15922,173,179,110,0.23809523809523808
image_54.h5,6e9d33ba5c04bb94e20062f6caac26ad1a3d3380a26c1e5c51084bfe5085b452,3f73ba3acf2e572b75f9d41006083fbb1a1db3726c815605e6a711c61d634233,5,16384,0.0,0.0,0.0,0.0,0.499847412109375,0.99969482421875,16379,0,5,0,0.0
image_55.h5,65f8a1efe56fa8153ae46756ad7eb64ded01688cae71055ca993f3f74ec433a4,492f7077db49ddd794b100ff153f7f749ddb343c4d8f22d8a736ec6ad32d55ec,1651,16384,0.7084361124814997,0.8293387236500145,0.7924944812362031,0.8697758933979406,0.8344495253336051,0.96392822265625,14357,376,215,1436,0.7084361124814997
image_56.h5,1c55b5b6226e9ed7f5fcd12e551fc0ef747d0374fd04378f447f068325beab00,56ae78d0014b7cca0641154a841d2ac7005d34eb493ebf0b8d81f0cb9541c6aa,46,16384,0.056074766355140186,0.10619469026548672,0.08955223880597014,0.13043478260869565,0.5249539786104679,0.99383544921875,16277,61,40,6,0.056074766355140186
image_57.h5,aec1592936f8717c96bf764e6112c429f8e0f0912b75e42eb12bf21b56f1b5df,ab8171921d407387ea4416d50f789198354a81f695274edb0e8fb22584589cf5,29,16384,0.13793103448275862,0.24242424242424243,1.0,0.13793103448275862,0.5682023914782536,0.99847412109375,16355,0,25,4,0.13793103448275862
image_58.h5,220589ae0c1cf33a60d13b5223ae3521cd59906eb6c2eb558409ed94307c6f73,5df8e109f5028c42e2727150d9071476c567da9e2f2d4f296fdaecbcdd34b313,572,16384,0.28868360277136257,0.44802867383512546,0.34029038112522686,0.6555944055944056,0.6154830344420871,0.943603515625,15085,727,197,375,0.28868360277136257
image_59.h5,e2fddd19da7c995cffb82584269d0eaa6f49879aacab4c2b5ac4952f7b85712b,934b0e274658ce3c172ebd0d57f70a7564e5ca30a6206cba05479c1edae29e19,337,16384,0.4417293233082707,0.6127770534550195,0.5465116279069767,0.6973293768545994,0.7116690458265299,0.98187255859375,15852,195,102,235,0.4417293233082707
image_60.h5,4d52f4aa6a678b1f7ea9d584376c4919bdcc7b1e364a7ce85e00258127b3432f,3e9e3befde119e9304a3fe97d7fa8303eaab00c323d84c9865fcea0e1a98dceb,127,16384,0.0,0.0,0.0,0.0,0.496124267578125,0.99224853515625,16257,0,127,0,0.0
image_61.h5,f857c0237af934b3c1a117dd8b9cc2ebc7e076fa5baf7ff1c7bf2fb931666a5f,6881efc70bb554aec21b26ab69ab8d117a71f8ed546d42534a83b81bb282c291,8,16384,0.0,0.0,0.0,0.0,0.4993896484375,0.998779296875,16364,12,8,0,0.0
image_62.h5,62f8d6b1851be4745402a459c563d1ba3575a016579951c26e6266e0e14bcfc7,59524d9148ae0dd094ad057f5328371ba5d38c1df7158c022a50b3679fd0d994,53,16384,0.0625,0.11764705882352941,0.26666666666666666,0.07547169811320754,0.5294184981684982,0.996337890625,16320,11,49,4,0.0625
image_63.h5,228a543d03971abba3b43c30e5e9a7aff2ea6fe854006c5f13693b942f4df393,96586aec1f707e4fc1c1b7b1538a56dda8be029b20010f7341f853e1146f601c,31,16384,0.0,0.0,0.0,0.0,0.499053955078125,0.99810791015625,16353,0,31,0,0.0
image_64.h5,ed7a382bbd1b2f929f79a8682970d418b5bb8d7783e9da54ec2b17d6e9c0ee49,2ab0f8aa5d39f9ace19dc363d63859ae4564cd61099120ad348d570d867b5adb,58,16384,0.3684210526315789,0.5384615384615384,0.37333333333333335,0.9655172413793104,0.6812707908919776,0.994140625,16232,94,2,56,0.3684210526315789
image_65.h5,516475cfa1850acd3b4050a7ad22009bf8fe7c21f89bcbd2f64cc28a7e81c0c6,094385f411cc0233b069d2734aafbe276f82f98ceb147ef44263782c7655ec11,284,16384,0.37815126050420167,0.5487804878048781,0.6490384615384616,0.4753521126760563,0.6822444406404324,0.9864501953125,16027,73,149,135,0.37815126050420167
image_66.h5,91199426aafb0a3b3b6cfdda12327329dc0b0e9f91ab8027dc3f70388edb64a3,ce665d1c9fc50cd469b0c47d4c4bc1fc8345a46e4b92a0d108e79530a2216e0b,576,16384,0.3861551292743953,0.5571600481347774,0.4263351749539595,0.8038194444444444,0.669963438640087,0.955078125,15185,623,113,463,0.3861551292743953
image_67.h5,6351428b5b716d30b7ecba240ac5ca133e2741735316c1a1d60355baa0b448ef,4bf704b4abd41d4e51eca6a675a2c60ec109675ffe13d1420c4138ba377d38e6,0,16384,0.0,0.0,0.0,0.0,0.5,1.0,16384,0,0,0,
image_68.h5,c36e8ca922b3b52d9d2a70d3e66d209e85bfeebf32946ac455c6be30d2bbcb3c,0726c4a23bf23701ce9673b3932d44deb3e412319fa5aca8f2bb95eb99225c25,86,16384,0.362962962962963,0.532608695652174,0.5,0.5697674418604651,0.6788490970309152,0.9947509765625,16249,49,37,49,0.362962962962963
image_69.h5,a17744dcc71617eb70cf001ebedc0becc0a3ea3e1de43c9936d0af74fe61f13d,b18f9b09dca1731c2ea23516f99221420588d33388c2755af361b591bfdaa4ea,0,16384,0.0,0.0,0.0,0.0,0.5,1.0,16384,0,0,0,
image_70.h5,3a3e5ac15c25b2895c914775d2175fa674dcc470bf55890922e7630527a110cb,37504191cf41ff83254995787dfba43b17e9a47290364bfc8d6323d7b0e3ac5f,77,16384,0.0,0.0,0.0,0.0,0.497650146484375,0.99530029296875,16307,0,77,0,0.0
image_71.h5,3d098272ae12ecea4cb83c4de792bd00d9536fdc9754a6530139a2970e8755d8,bd1f060d9caf47a5c910d36163d3d838275122dc146c0193875608e5870ec597,217,16384,0.38305084745762713,0.553921568627451,0.5916230366492147,0.5207373271889401,0.6859326513116296,0.9888916015625,16089,78,104,113,0.38305084745762713
image_72.h5,82449e1c832b7d38afca3defd18ef21ace387d20749c4500a7334d9a363a8a37,5312c4a42b8b4eb136fa9e88a10f5207cc5c434ecb7a164623ef173499696382,231,16384,0.5833333333333334,0.7368421052631579,0.875,0.6363636363636364,0.7884333107511651,0.99359130859375,16132,21,84,147,0.5833333333333334
image_73.h5,70de9e37103ff0181ee399e66208b7b9d24cefb4a9f02c738e223c7f7ab84abe,aa6a56d53d60c4ef251c584ade9e29b055f49ac846c8247138af4318e8053640,15,16384,0.0,0.0,0.0,0.0,0.496734619140625,0.99346923828125,16277,92,15,0,0.0
image_74.h5,556c6a6cf11adcfb387c336282c269f7c99d7af3d7782089027d8eeff3477be6,6f3b8b425c4ad43b65b0504118a955eec5abee5cba6f60ccad5386fd31126f9d,41,16384,0.6744186046511628,0.8055555555555556,0.9354838709677419,0.7073170731707317,0.8367812986569785,0.9991455078125,16341,2,12,29,0.6744186046511628
image_75.h5,6d1ce934452d3e7eb5bdb5613561f2d185a01a3e80ff5063897c7be4397178ae,b18f9b09dca1731c2ea23516f99221420588d33388c2755af361b591bfdaa4ea,0,16384,0.0,0.0,0.0,0.0,0.5,1.0,16384,0,0,0,
image_76.h5,60af06d4334e359cb05c5a682ccfbb8863eff75f39727106833771056b3411a0,7d67d4626fcec510452511e79080de5efd30f6237e8b9a3854b4ed1076eed80c,30,16384,0.0,0.0,0.0,0.0,0.49908447265625,0.9981689453125,16354,0,30,0,0.0
image_77.h5,6e45ce3598da5db386e4fb265bdfd275fd30bfed2652ea962ff671101f72555c,b13f0ae61668b85586023801272569a0b430aa82694677396d0c77a1c5a6c04b,140,16384,0.437125748502994,0.6083333333333333,0.73,0.5214285714285715,0.7156813832331659,0.9942626953125,16217,27,67,73,0.437125748502994
image_78.h5,0ab84ba71aafc5640dd32108408009de1eab2eb1cc561cda665f5c5d1d5575d7,8525a46bbed68f94d3400f36a4a44b2f0b61b0e27aca388f105be337b8701c19,143,16384,0.26573426573426573,0.4198895027624309,1.0,0.26573426573426573,0.6296553379325923,0.99359130859375,16241,0,105,38,0.26573426573426573
image_79.h5,b50ca1b3bf139b15b4f855f0afe4b21ad4ea2e307d65613ae28a0aab5d22c495,b18f9b09dca1731c2ea23516f99221420588d33388c2755af361b591bfdaa4ea,0,16384,0.0,0.0,0.0,0.0,0.5,1.0,16384,0,0,0,
image_80.h5,d1c61814385884f2c9f5e19e17ea75a3d0453dc9c604a4117d3ab9dd11a2efb1,622fede3e01a545b2705c5e97e02fa95b4dcd504d52850d0c99fcd543734322b,52,16384,0.0,0.0,0.0,0.0,0.491455078125,0.98291015625,16104,228,52,0,0.0
image_81.h5,a698013b2f7c00f77aaeb85470cf17de5436b8eed804472cd7bbc8355ed78566,4bf704b4abd41d4e51eca6a675a2c60ec109675ffe13d1420c4138ba377d38e6,0,16384,0.0,0.0,0.0,0.0,0.5,1.0,16384,0,0,0,
image_82.h5,78c0c1113ac8bb26c64f7aca517edc9790bd0dd6cbb147a70364e9bb098f04b7,6500ded30236bf82fc67cc1ca8089c747b280d0e62a1fa6e8759764a88a6e9a3,0,16384,0.0,0.0,0.0,0.0,0.5,1.0,16384,0,0,0,
image_83.h5,c03b6f5c3a7f4bc425ce8b501d5d64112a338cf0671cdc780b33f605099f95bb,a52c3a4e1efb3a84f576f7bf0f5763a6a9991f77be16b814eae3e6f350e2a126,8,16384,0.0,0.0,0.0,0.0,0.496612548828125,0.99322509765625,16273,103,8,0,0.0
image_84.h5,d8539f9f28b8a508a62efc7accdfa6e3101e175abf959e124c1a2f1c456906b3,7a399dd0a05352fa37650562a9c42090b3393e9b674dd5a7dcdb00f2670573d7,26,16384,0.0,0.0,0.0,0.0,0.49920654296875,0.9984130859375,16358,0,26,0,0.0
image_85.h5,f507ab41b2481f154c897e3cd80cb947b14f94ac56469ce1ffea4292e24c9613,b18f9b09dca1731c2ea23516f99221420588d33388c2755af361b591bfdaa4ea,0,16384,0.0,0.0,0.0,0.0,0.5,1.0,16384,0,0,0,
image_86.h5,6312bb1a63ad36e33b29f66f02e950300d530366d78e20b4e8c61a0961274f60,b18f9b09dca1731c2ea23516f99221420588d33388c2755af361b591bfdaa4ea,0,16384,0.0,0.0,0.0,0.0,0.5,1.0,16384,0,0,0,
image_87.h5,44bc9c476661f6d1d6db7ba0c4b7c5ce010963fc10c50e92379d311cdf731359,cba6b0d4e56197ade47138c35b17e40fc3801fe19b6f0c80a4bc1cafb97b4f2a,116,16384,0.0,0.0,0.0,0.0,0.4964599609375,0.992919921875,16268,0,116,0,0.0
image_88.h5,1891d4bb48ffcff906bb251fae711e1391903c2f8ff901a7add74fbe778a0afc,6500ded30236bf82fc67cc1ca8089c747b280d0e62a1fa6e8759764a88a6e9a3,0,16384,0.0,0.0,0.0,0.0,0.5,1.0,16384,0,0,0,
image_89.h5,9cb9247c47ec2ba397345446e13dc8e6294c9a771a9396fda1767561587b582f,b18f9b09dca1731c2ea23516f99221420588d33388c2755af361b591bfdaa4ea,0,16384,0.0,0.0,0.0,0.0,0.5,1.0,16384,0,0,0,
image_90.h5,3ab9bc7499a8f0f89f2dc7f4226d4f1b2705fa9d5f07fec2192e0ae1e9820df3,b18f9b09dca1731c2ea23516f99221420588d33388c2755af361b591bfdaa4ea,0,16384,0.0,0.0,0.0,0.0,0.5,1.0,16384,0,0,0,
image_91.h5,c20320a247b94b83856e9c5288ddf8f7c84f06115779a400965e38649cc02e9d,4913788ec113c96638b23ffe912286f00984784160c8fe6120c21bf166476b38,62,16384,0.0,0.0,0.0,0.0,0.49810791015625,0.9962158203125,16322,0,62,0,0.0
image_92.h5,2c4e566b3a1d4c455605267294c62d75e2d073b476dcd21b9e0eab6b5b584612,0f6d96a66ce6bc141c4733652d91d471b62900299be393dd33cd989d84679d9c,145,16384,0.36054421768707484,0.53,0.9636363636363636,0.36551724137931035,0.6773941466856781,0.9942626953125,16237,2,92,53,0.36054421768707484
image_93.h5,0196774272b6ec53fb45ca3d1d9c85428ad8e023a36750d9f345713c566f4d74,fc22916fe1997e0ada28290231dbc967e95eb032b1b11539aca74b7fa6e03f74,225,16384,0.4449152542372881,0.6158357771260997,0.45951859956236324,0.9333333333333333,0.7143582082983151,0.9840087890625,15912,247,15,210,0.4449152542372881
image_94.h5,e82f4fa7ce9e861e03daab1852676819b95359f937fb711eecaca5296be0b980,b18f9b09dca1731c2ea23516f99221420588d33388c2755af361b591bfdaa4ea,0,16384,0.0,0.0,0.0,0.0,0.5,1.0,16384,0,0,0,
image_95.h5,6ffa8d25bcac506b00b8e7200b8f0ca666ce9b4475d5e04488a73a65efe178cd,5422c3da70d5d35708652e6bdc6dca957be5b67674d3e34b654ab8fef4a11f31,1591,16384,0.5721804511278196,0.7278813964610235,0.5874179853338479,0.9566310496543055,0.74780466507407,0.9305419921875,13724,1069,69,1522,0.5721804511278196
image_96.h5,0e5abd04b0d826d14ab457829ab299e7f2885fafcd464824b8f7f812f44b8db8,4935b69fd8eb6cd2f2d4b18f71fb7b94def03bea75c20d90f569b49e1eac7f0f,336,16384,0.4444444444444444,0.6153846153846154,0.4631578947368421,0.9166666666666666,0.7102478504879599,0.97650146484375,15691,357,28,308,0.4444444444444444
image_97.h5,17c50b5dc59a7150065229c37a3903805b63133a00f8883ecc161e123d1be3ff,b18f9b09dca1731c2ea23516f99221420588d33388c2755af361b591bfdaa4ea,0,16384,0.0,0.0,0.0,0.0,0.5,1.0,16384,0,0,0,
image_98.h5,b83c29ecea60ca23e41ee8a5b84d445c3c7a710abea5af5f08a475ea77b41a9f,4bf704b4abd41d4e51eca6a675a2c60ec109675ffe13d1420c4138ba377d38e6,0,16384,0.0,0.0,0.0,0.0,0.5,1.0,16384,0,0,0,
image_99.h5,93d14c10b99721a5c2613d6d25f1d7c82f06d1aa4ceb523cdf8f3ac7dfef6add,5e69d057ead16cfd2013c06d5ce648b5d02accb7283ce11a3d3e74145f538559,323,16384,0.5427350427350427,0.703601108033241,0.6365914786967418,0.7863777089783281,0.7647339193836404,0.9869384765625,15916,145,69,254,0.5427350427350427
image_100.h5,7874907ca1eb7258541763518f6b36de844e75ba50a244435f6e9119fa264e12,b18f9b09dca1731c2ea23516f99221420588d33388c2755af361b591bfdaa4ea,0,16384,0.0,0.0,0.0,0.0,0.5,1.0,16384,0,0,0,
image_101.h5,86e569f78398c1fc4f069e27fcbe2cdf3726bceb4514d302f8eb38fdfb9fd5f8,b18f9b09dca1731c2ea23516f99221420588d33388c2755af361b591bfdaa4ea,0,16384,0.0,0.0,0.0,0.0,0.5,1.0,16384,0,0,0,
image_102.h5,696bd04df987540f14690b3b77bc1063bc365424b21727e395c8129e8dd9becb,4bf704b4abd41d4e51eca6a675a2c60ec109675ffe13d1420c4138ba377d38e6,0,16384,0.0,0.0,0.0,0.0,0.5,1.0,16384,0,0,0,
image_103.h5,237f8bfff1e0abb44dd331fe9fe42b378bb2aef353aa7e2f9544ccddb17da957,b18f9b09dca1731c2ea23516f99221420588d33388c2755af361b591bfdaa4ea,0,16384,0.0,0.0,0.0,0.0,0.5,1.0,16384,0,0,0,
image_104.h5,e3e82dc4ce9cf9b8602d8a5d10ef658676cca28382ab04f5171dbde8cd24f1a6,a2950fd0620016b8b936af6da1cb19b3bda87c65e55a73328a86939e62facdc7,46,16384,0.2826086956521739,0.4406779661016949,1.0,0.2826086956521739,0.6402964680386579,0.99798583984375,16338,0,33,13,0.2826086956521739
image_105.h5,3615864f78d16931d42c8f7dd64c539ddcc1282ad9171590525dddda82830ac2,a4de775c3d6e8cb510123eee9c5644e6ef91aa5f748359fb34fe31fd838038f1,359,16384,0.38687392055267705,0.5579078455790785,0.5045045045045045,0.6239554317548747,0.6824530493852494,0.97833251953125,15805,220,135,224,0.38687392055267705
image_106.h5,d5337955dd7e31e8dcfac4845f970d18f1bb174a2430ace427b2fc4890ae1a8e,b18f9b09dca1731c2ea23516f99221420588d33388c2755af361b591bfdaa4ea,0,16384,0.0,0.0,0.0,0.0,0.5,1.0,16384,0,0,0,
image_107.h5,50b0346865455b7289d6d8c7f0d697203756ec862c88586f92aa245719fd6443,6500ded30236bf82fc67cc1ca8089c747b280d0e62a1fa6e8759764a88a6e9a3,0,16384,0.0,0.0,0.0,0.0,0.5,1.0,16384,0,0,0,
image_108.h5,e60c4505f7b7233edbfa5df7a1ad6fceec16e9c3bed094c58da18959e2e024ba,97825c45da0875608f8e991989cfe7f807c10235e3827b96d1894205c717b414,55,16384,0.0,0.0,0.0,0.0,0.498321533203125,0.99664306640625,16329,0,55,0,0.0
image_109.h5,4c7d06594a5c327f255e077176cc6800cf7cf16510649e02b9620a2145477f90,5e5f268ebd7c1da9fb06e46e1b00e277fb611ff53dba8a03ae1df0e053045e6f,159,16384,0.6176470588235294,0.7636363636363637,0.9051724137931034,0.660377358490566,0.806827092284177,0.99603271484375,16214,11,54,105,0.6176470588235294
image_110.h5,9a1e2e2bd7ec1ac1e850238538c3d4a018da9793ef6353a73e7a8b1a43005a09,b18f9b09dca1731c2ea23516f99221420588d33388c2755af361b591bfdaa4ea,0,16384,0.0,0.0,0.0,0.0,0.498046875,0.99609375,16320,64,0,0,
image_111.h5,3f52488436e3e496725d1b097868150c1bd3d41696ad73a58613eba11c962402,cadb42eb1955bf797c82b8c6b075081f37d21936dd448ae473461ce72019a27d,52,16384,0.19718309859154928,0.32941176470588235,0.42424242424242425,0.2692307692307692,0.596850559680625,0.99652099609375,16313,19,38,14,0.19718309859154928
image_112.h5,8943b046118d424cd402619d950b2fb8d61e6ff678790807b51ff6d21f2d6e20,b18f9b09dca1731c2ea23516f99221420588d33388c2755af361b591bfdaa4ea,0,16384,0.0,0.0,0.0,0.0,0.5,1.0,16384,0,0,0,
image_113.h5,8bd5d7b19ecc7b27c8afd4449d30aef304a9838a737d5bc8a9ebcec27819b30c,b18f9b09dca1731c2ea23516f99221420588d33388c2755af361b591bfdaa4ea,0,16384,0.0,0.0,0.0,0.0,0.5,1.0,16384,0,0,0,
image_114.h5,396030a4b62bd3ade271eb4dceb79cd99f4d6f27aee772f2d404c777e58c953f,890ac1cf611b296cf8960aa9751db6f9b0c9be020746225b29aafe979d6151e9,75,16384,0.1038961038961039,0.18823529411764706,0.8,0.10666666666666667,0.5498413103750183,0.99578857421875,16307,2,67,8,0.1038961038961039
image_115.h5,1045f7babfc477370f8d9b3fb8d0617d714155503be852e14f92a06210775a4b,b18f9b09dca1731c2ea23516f99221420588d33388c2755af361b591bfdaa4ea,0,16384,0.0,0.0,0.0,0.0,0.5,1.0,16384,0,0,0,
image_116.h5,751047592e6ce4da480813ec7f926b957bdbbe1657474dce372f008380c0a1fd,290dd08586998a758abb05c8772d8378a5b53d7fa22d3ad96a69bc683423cd45,559,16384,0.11745513866231648,0.21021897810218979,0.5714285714285714,0.12880143112701253,0.5421446855646059,0.96697998046875,15771,54,487,72,0.11745513866231648
image_117.h5,147906eea4d47d05baf0ad7c0d8e5d70caf66f2f1362dd7a82a717a5ff801672,c7b27d07fad02b63012a55385fc32a5aa2f0d4e4de38e98c67bb3927419a9148,290,16384,0.24558587479935795,0.3943298969072165,0.3148148148148148,0.5275862068965518,0.6083144702688799,0.9713134765625,15761,333,137,153,0.24558587479935795
image_118.h5,64d41b69191541c22d726cbe738828b88ffa98c65c8f2f89b41f5b49e6091dc9,6500ded30236bf82fc67cc1ca8089c747b280d0e62a1fa6e8759764a88a6e9a3,0,16384,0.0,0.0,0.0,0.0,0.5,1.0,16384,0,0,0,
image_119.h5,567f97518da1b0406b55f6f14722cac6c2aec838ac57e95fde4dfe6135706d42,45daf995202e4da5e991265a6ecca783544b7008f3accbaf2c273f2d28117b81,41,16384,0.0,0.0,0.0,0.0,0.498748779296875,0.99749755859375,16343,0,41,0,0.0
image_120.h5,55cdc52d502144db768a54e8fbecc6a241992adeaf3396eaea8897e62791e8bc,b590b5c9c69f2539eaad9e123b49ceeff23240071e8081ae8f3cad60440c2274,7,16384,0.0,0.0,0.0,0.0,0.499786376953125,0.99957275390625,16377,0,7,0,0.0
image_121.h5,dd7c73957017e1784bcb18f3c5f392edacab72126a26fff5161a35334e11df06,e8e4abdfd6badef6959d7a97bd5b2e4e45f964e4781b71175b4b53ff66f0c506,294,16384,0.4830287206266319,0.6514084507042254,0.6751824817518248,0.6292517006802721,0.7354028719498367,0.9879150390625,16001,89,109,185,0.4830287206266319
image_122.h5,dea5d23ac581b2df1ccac6ce335769074fb1ab87cda7e581cbd0795d9dec4257,c82e967d4978b711a5151296dcdcf756a34382bd6170627edd4c77a36d4d4f48,339,16384,0.3469387755102041,0.5151515151515151,0.967479674796748,0.35103244837758113,0.6665834363256523,0.986328125,16041,4,220,119,0.3469387755102041
image_123.h5,a68242cd9b864c09ced83f061d09bff51616774ed26aa586e8ac3e2f5d7e9768,b18f9b09dca1731c2ea23516f99221420588d33388c2755af361b591bfdaa4ea,0,16384,0.0,0.0,0.0,0.0,0.5,1.0,16384,0,0,0,
image_124.h5,4172694144c1d568c3aa3275098910cb4df061c6cd3dd90e0af709eb404fbe7e,b18f9b09dca1731c2ea23516f99221420588d33388c2755af361b591bfdaa4ea,0,16384,0.0,0.0,0.0,0.0,0.5,1.0,16384,0,0,0,
image_125.h5,2dd8d5b1f2f3d488482fd99b805aba7c1b3fac8d6d657b163d3d4f45ff9c1750,10c17c55a6c9ae77cac4c4274f8d0b60a514fa0d9d7129f3dd4ec7e3d435e330,98,16384,0.07017543859649122,0.13114754098360656,0.3333333333333333,0.08163265306122448,0.5318512757222809,0.9935302734375,16270,16,90,8,0.07017543859649122
image_126.h5,e9e03a3f22a0c5eeab65455a1ba9a05a4d42fe6564b0dae75adc0452fc8702f3,6500ded30236bf82fc67cc1ca8089c747b280d0e62a1fa6e8759764a88a6e9a3,0,16384,0.0,0.0,0.0,0.0,0.5,1.0,16384,0,0,0,
image_127.h5,a7ef97c89bb9407b348c57708bec59fba6a35725eb848a6c6ca3fff6935d8e8e,09cd31bf9fa9d5b9f64b8e447ad2efd94569a94eb47b3465a461cb1c448f76e0,88,16384,0.46875,0.6382978723404256,0.8490566037735849,0.5113636363636364,0.7328143169716629,0.99688720703125,16288,8,43,45,0.46875
image_128.h5,3e6f47afe2f49cfb9a992e9c1365d6f7792741fdfca5b907afd7e3e77a9ae998,93f8c66942c0f43b96b55d7264c73fd4b12a18c8edbf818719309433350479e5,204,16384,0.12639821029082773,0.22442899702085403,0.14072229140722292,0.553921568627451,0.539199350981564,0.95233154296875,15490,690,91,113,0.12639821029082773
image_129.h5,d14c2e27a043f691670c0235065f9725b317409526b02b794e6544d3e9783d84,39186b3dd6958d626e0ba68c878485c667354da1291f454128a6d7ee2339a002,333,16384,0.7347931873479319,0.847124824684432,0.7947368421052632,0.9069069069069069,0.8640077116941127,0.99334716796875,15973,78,31,302,0.7347931873479319
image_130.h5,ec7534c054e7b1c21ec0a7f7af4630703a80ec69c25f0279ba76bf732edd7fb5,e5b5c986961a0a64e7eb1022ed4944149d5b7a8f42a859a21a0ca6489ec292f8,658,16384,0.0364741641337386,0.07038123167155426,1.0,0.0364741641337386,0.4988605539495099,0.9613037109375,15726,0,634,24,0.0364741641337386
image_131.h5,9d12a8e14fea403b10f9ac87917d813eede2507f0dd16488ecb9b9d46cddd2b2,b18f9b09dca1731c2ea23516f99221420588d33388c2755af361b591bfdaa4ea,0,16384,0.0,0.0,0.0,0.0,0.5,1.0,16384,0,0,0,
image_132.h5,95fb87321068de1ff956b87471c0dd957039f2f3224d40fa1583409229ac97b2,35e2c24223bac985aac7449720d7ae42ff98ffb9a67d7954f1fee0dabfa6dbf3,1086,16384,0.6456808199121523,0.7846975088967971,0.7590361445783133,0.8121546961325967,0.8072295210385172,0.970458984375,15018,280,204,882,0.6456808199121523
image_133.h5,22fbb55167c2d2710ef67a878957d67e4fff9168db9e7254cc6d11205fdf127e,6500ded30236bf82fc67cc1ca8089c747b280d0e62a1fa6e8759764a88a6e9a3,0,16384,0.0,0.0,0.0,0.0,0.5,1.0,16384,0,0,0,
image_134.h5,f35bf6db30c0147b73b0817635e09e406e7448ed9a533554f6ca0df43e759af1,b18f9b09dca1731c2ea23516f99221420588d33388c2755af361b591bfdaa4ea,0,16384,0.0,0.0,0.0,0.0,0.5,1.0,16384,0,0,0,
image_135.h5,2ad2dae5ec126a98a42518c780254b0cb3091ffb103c24b579cb783f568998ed,816ac3e434b3e7b71cb1c9ce62cc98d86b0dd4c89a2a6af8bc6c6f84b34ea812,182,16384,0.656,0.7922705314009661,0.7068965517241379,0.9010989010989011,0.8253489519112207,0.9947509765625,16134,68,18,164,0.656
image_136.h5,c9a784186f4505f50dc8fba60550360e011c614596c0617fcab770a68b51b25b,b18f9b09dca1731c2ea23516f99221420588d33388c2755af361b591bfdaa4ea,0,16384,0.0,0.0,0.0,0.0,0.5,1.0,16384,0,0,0,
image_137.h5,81df3858add314e06e526d6c09fb7ecf669e6812152f3d3740a00ac67cf92fa8,bc65a1d51cbad1d11d48cf38c8ac849c88120c17081232cf95c6927932b2c502,179,16384,0.7112299465240641,0.83125,0.9432624113475178,0.7430167597765364,0.8539535370427225,0.9967041015625,16197,8,46,133,0.7112299465240641
image_138.h5,0dbfcd5d937401f6815ac4140f82e01440e44a368b2de9377eeb7b8a8e916d3a,b18f9b09dca1731c2ea23516f99221420588d33388c2755af361b591bfdaa4ea,0,16384,0.0,0.0,0.0,0.0,0.5,1.0,16384,0,0,0,
image_139.h5,3d8122ee6dac4248fca4dd1dd0e159651bc129a12c2a32c62c05fd025db2b7ea,d8e1b3b469c05dc47a948f97aef4e8395ab7030b8cf1d244315a8891707cab8c,67,16384,0.0,0.0,0.0,0.0,0.497955322265625,0.99591064453125,16317,0,67,0,0.0
image_140.h5,46d19a39519d0d1f079be3dd7593375617de84e766f4817d9f37707266a365eb,173976906073adb4a2529659428f352550baba3af4635f3de1c4ac9a521be78b,95,16384,0.0,0.0,0.0,0.0,0.497100830078125,0.99420166015625,16289,0,95,0,0.0
image_141.h5,25da57f946673b1f16a2d96f63b84b7c27241e8d8a5373e19a72657b5773c47a,b18f9b09dca1731c2ea23516f99221420588d33388c2755af361b591bfdaa4ea,0,16384,0.0,0.0,0.0,0.0,0.5,1.0,16384,0,0,0,
image_142.h5,6a0877c48642bf82569c05f8939fb66b3556cc036363f10783a6637143aea86a,b18f9b09dca1731c2ea23516f99221420588d33388c2755af361b591bfdaa4ea,0,16384,0.0,0.0,0.0,0.0,0.5,1.0,16384,0,0,0,
image_143.h5,43f765b7bf0334a369f7c8af825f34f44220a1ec5b712caf7d929f3d8f9a99b8,ba1e2abf7bc2bde0a59813102c098d2ae89c8ae7f53ef091cd40132246328c95,66,16384,0.0,0.0,0.0,0.0,0.49798583984375,0.9959716796875,16318,0,66,0,0.0
image_144.h5,c63daee10df573eeb8c8fda0b96f9a100c4cd6cd6f8bb874fe3205d511f4eca5,b18f9b09dca1731c2ea23516f99221420588d33388c2755af361b591bfdaa4ea,0,16384,0.0,0.0,0.0,0.0,0.5,1.0,16384,0,0,0,
image_145.h5,d377739bcb7fd4be1e29bce95889c8d7ab9af59b2a1e43fc9c49ac1254ee042b,68269d0e5bd18c1e665f96349e8055c23433389d7d391a84b046408ec621378c,675,16384,0.5925925925925926,0.7441860465116279,0.6746987951807228,0.8296296296296296,0.7841312305733439,0.97650146484375,15439,270,115,560,0.5925925925925926
image_146.h5,30db0fa9dc610718e8ed99914d29ae109ba7ca8b237b81d52ca04c7271728569,fc7d95cf7aceff4dadb152f6c7d97a87767fd2ae382a2c83fa46fbb3e67a67c1,666,16384,0.5416164053075995,0.702660406885759,0.7336601307189542,0.6741741741741741,0.7588847636829807,0.976806640625,15555,163,217,449,0.5416164053075995
image_147.h5,a9e7c34a7a89ae6cb72a24984475d74b443650c5463622c47bc6794e46e496b6,9e9448468b87f35daf7b17bcf6520c9972da5b8813cf04f3e537edd57b5f903b,14,16384,0.0,0.0,0.0,0.0,0.49957275390625,0.9991455078125,16370,0,14,0,0.0
image_148.h5,e969dfab701800f2c916c4f3ab24633e17fef21fa7e15d76a03eb3c544c05cf8,b18f9b09dca1731c2ea23516f99221420588d33388c2755af361b591bfdaa4ea,0,16384,0.0,0.0,0.0,0.0,0.5,1.0,16384,0,0,0,
image_149.h5,eb64f830f6af21fa289213ea6a506d5ccfd5689135c1c8991f8b372e2bb139ec,4c3c4c68bf2a8357b920cfaed3708b723a07588ea6d132fa0e255abcc776599b,767,16384,0.6846081208687441,0.8127802690582959,0.7128810226155359,0.9452411994784876,0.8316392670248312,0.9796142578125,15325,292,42,725,0.6846081208687441
image_150.h5,89e35319a85f9a2080b0c6014a756d85822f45c5e444f335de60b9e2f1c7a400,b18f9b09dca1731c2ea23516f99221420588d33388c2755af361b591bfdaa4ea,0,16384,0.0,0.0,0.0,0.0,0.5,1.0,16384,0,0,0,
image_151.h5,b2cc70507bbc6e27732da3abb0f5c89e79aac9ac26b92b6ff50287a380ecbc3f,ffcc8f9d5549ab94ee8cf6b6c9404be01a3933974c32b5472d80e8a6b5157aea,480,16384,0.2547881601857226,0.4061054579093432,0.2609988109393579,0.9145833333333333,0.5871306746366054,0.921630859375,14661,1243,41,439,0.2547881601857226
image_152.h5,14c9ce7b28f9e99587b70c8331d387c0e9872278ad8e121f8492ce6f43a94783,8c828cd435d2c65e4f0b31083cdc77941d27d0a605deee3e868a3fd734ce92c3,2308,16384,0.7701342281879194,0.8701421800947867,0.9602510460251046,0.7954939341421143,0.8662329100796622,0.966552734375,14000,76,472,1836,0.7701342281879194
image_153.h5,c89c5fb6c211064d88d077fe58a54deb9e33ca33defa79cd584ce67a08d4ac80,6500ded30236bf82fc67cc1ca8089c747b280d0e62a1fa6e8759764a88a6e9a3,0,16384,0.0,0.0,0.0,0.0,0.5,1.0,16384,0,0,0,
image_154.h5,6ae3440fe7976d4990ff2692bf53f21900fc591cdc8f85bdd0103807c7f3d119,5fca7335d15742f461451fc01c837f6c6135e8ae24a0784802f79db60aae4ffe,1787,16384,0.722246990637539,0.838726378462335,0.7803468208092486,0.906547285954113,0.8400248770581356,0.96197509765625,14141,456,167,1620,0.722246990637539
image_155.h5,2247acc83b99e4b69fed72a7c07fd0a609ef59b518aaa4833191e30c2380e321,44e67c84dda58a7fe99c22e801589dbb1da91fbe240169b516d282c81df77fa8,350,16384,0.4563106796116505,0.6266666666666667,0.752,0.5371428571428571,0.7212400520804609,0.986328125,15972,62,162,188,0.4563106796116505
image_156.h5,8083bf9626d73a7ffc8276ca530985d4558bcd3cc8de9eb83d7919ed0d2054d3,16a565f98076b133e0d61278845872f9c55498769e742066cffe7fbec64cb02a,269,16384,0.7028985507246377,0.825531914893617,0.9651741293532339,0.7211895910780669,0.8489168479379828,0.9949951171875,16108,7,75,194,0.7028985507246377
image_157.h5,ae3ca397096f476895ee89537cd325ec262739e507fbd914bc2157f529e1ec96,12f1a362c8e7503b89b3760257591c936e17c53efcdced88cf3065f227e95bba,108,16384,0.3425196850393701,0.5102639296187683,0.37339055793991416,0.8055555555555556,0.6661362001315154,0.98980712890625,16130,146,21,87,0.3425196850393701
image_158.h5,19236ffe1f7c888f96276c737d63dd4796176282739e40c59ae5592924ef6fd7,d5b6433275fe378739af760d24efd3c5bf854434c685772ae787440d4ffc54bb,40,16384,0.0,0.0,0.0,0.0,0.498779296875,0.99755859375,16344,0,40,0,0.0
image_159.h5,a30c34885c195e6b38493574d9d51618f4e9e8af3c4c56a778550989658fc6b4,00fa273cb5da516e4be9a4428f9a49f3762728632aef3e229fe99e4168e6e803,310,16384,0.6695402298850575,0.802065404475043,0.8597785977859779,0.7516129032258064,0.8312099638682918,0.99298095703125,16036,38,77,233,0.6695402298850575
image_160.h5,84d125d935b69648877e76f743d02b1e69c6d25dce47419990307392d2ad0e88,4af22d9f0dba526ecf995de5a1045d8446335ac12bca45c3866e47083055c35f,199,16384,0.4079601990049751,0.5795053003533569,0.9761904761904762,0.4120603015075377,0.7003302405894707,0.99273681640625,16183,2,117,82,0.4079601990049751
image_161.h5,c7a0394a5352d2398e63fb33700711d23cf6e6b524cceb91d9519fe96efd506e,b18f9b09dca1731c2ea23516f99221420588d33388c2755af361b591bfdaa4ea,0,16384,0.0,0.0,0.0,0.0,0.5,1.0,16384,0,0,0,
image_162.h5,5b674f604389363f2921ea16752535472428de0bef76de33790b5b713b685ec0,1420b87502bb2508eccaac5b49e5409a87c8b633b272979384c2dfa0cb628d04,589,16384,0.5069767441860465,0.6728395061728395,0.5286129970902037,0.9252971137521222,0.7367575178724286,0.9676513671875,15309,486,44,545,0.5069767441860465
image_163.h5,1d2425f65c5f15b45131f1ea2a41d875ababa2dd23cef30652efac6316c3b750,5b85661b9327cf33a402cc322daee09f31ac399c60ccf3ddff6f6e183764a40d,536,16384,0.3635307781649245,0.5332197614991482,0.49059561128526646,0.5839552238805971,0.6647160455444123,0.966552734375,15523,325,223,313,0.3635307781649245
image_164.h5,3d951c42815e9781fd1e383f8cce77258f0c65b23f99d4ef86eb132467075403,a1fbc8743ad0984b818c337fb8f368982526ade37671a8bd550929a9f52dd334,64,16384,0.28169014084507044,0.43956043956043955,0.7407407407407407,0.3125,0.639286771718062,0.99688720703125,16313,7,44,20,0.28169014084507044
image_165.h5,2f4e4438e59f24cfc6e19de951308ee47a21de6d8e27a4a0fcab1c36b2d23655,dc121e37e982aa865820ea81acafe56571b1f21dd5cd383709042369577fa769,1953,16384,0.8160377358490566,0.8987012987012987,0.8339176161262051,0.9743983614951357,0.8932063549765275,0.97381591796875,14052,379,50,1903,0.8160377358490566
image_166.h5,4261870f63ebb8314f3fdedacbae324b013bae95a517a859d94d06d052f81436,b18f9b09dca1731c2ea23516f99221420588d33388c2755af361b591bfdaa4ea,0,16384,0.0,0.0,0.0,0.0,0.49688720703125,0.9937744140625,16282,102,0,0,
image_167.h5,3e0108956e3d1cd483c6e47c4a94192d2d16a900865683f141ce3fb53c40d640,49670fc73ddb8dc5e9559635d5501d51c237865ee21e078896e6e4b0d15c773c,26,16384,0.0,0.0,0.0,0.0,0.49920654296875,0.9984130859375,16358,0,26,0,0.0
image_168.h5,20164ebeedcb2c47366e2d318fe63b47fe67d6d6f883acd1905134577e627bff,4bf704b4abd41d4e51eca6a675a2c60ec109675ffe13d1420c4138ba377d38e6,0,16384,0.0,0.0,0.0,0.0,0.5,1.0,16384,0,0,0,
image_169.h5,7682857b70b7f2bad971b4841f1de557183a2f526a8a814141f60c2397604cd7,32e691dcb45d9ef5547529b4e7959f6f992de2b722abff55ebada66f97601ac0,25,16384,0.0,0.0,0.0,0.0,0.499237060546875,0.99847412109375,16359,0,25,0,0.0
image_170.h5,85715655d7b0142a8ac7b28f0cd076530eeb0c7056b1477e85cb184669f356f1,e0bacedafb4e6b7b5efe2b8d5a3f3f19d5e42375252b95e99a6544bdfe36ab2c,41,16384,0.0,0.0,0.0,0.0,0.498748779296875,0.99749755859375,16343,0,41,0,0.0
image_171.h5,eff328a31d69207455df9efd12f7ea72714aead973abedf33eb52fa8af2a2ab9,e8c6be1c871185357b6bf1c52e67d4c0fa1b52fcb17b93333a039b8110fd463c,892,16384,0.7617675312199808,0.8647764449291166,0.8418259023354565,0.8890134529147982,0.8729304592152755,0.98486328125,15343,149,99,793,0.7617675312199808
image_172.h5,098f1bf55707099682eecfe498d0c1e5b2e16adfd2b7ec3c93f557a6032a22ed,9eb6cd125726dd51e212f8ad2cb3899772f16eba5ed59fa02d4601baaf70ffdb,163,16384,0.30597014925373134,0.4685714285714286,0.3397790055248619,0.754601226993865,0.6444062664354875,0.98297119140625,15982,239,40,123,0.30597014925373134
image_173.h5,9d08b7f1fe01e9a347e554e2eb2b515ac05b662f0fe95e09a8434196d050aca8,60ecad9f4719766a220ed1fb1199b52e030f4a0e5fefae9a7f50fd47a9d8cf92,128,16384,0.17567567567567569,0.2988505747126437,0.5652173913043478,0.203125,0.5841087756052911,0.9925537109375,16236,20,102,26,0.17567567567567569
image_174.h5,8cbd70353a04fb94ab5c25baceb173256dad588cf122c4e164e0da543996cbc0,92b02591f09909ea18b7d30218f0df0df445c306e98f5f500c450838a91da7fc,1110,16384,0.43027330063069374,0.6016658500734934,0.6595059076262084,0.5531531531531532,0.6893598589393164,0.95037841796875,14957,317,496,614,0.43027330063069374
image_175.h5,264d86d5f0f67d387e94c5b6e2e494ee16d20430a59c9f1d0a951122cc64520f,b18f9b09dca1731c2ea23516f99221420588d33388c2755af361b591bfdaa4ea,0,16384,0.0,0.0,0.0,0.0,0.5,1.0,16384,0,0,0,
image_176.h5,aff8ba559185415c0abd54f906b509a9fe4cbd725dc99781e6ff3b6619ddb0d5,6500ded30236bf82fc67cc1ca8089c747b280d0e62a1fa6e8759764a88a6e9a3,0,16384,0.0,0.0,0.0,0.0,0.5,1.0,16384,0,0,0,
image_177.h5,9cd58a2661644c770f6f5a2230b32f555c65ef58ac1813202e6fa90bbb42a54c,b18f9b09dca1731c2ea23516f99221420588d33388c2755af361b591bfdaa4ea,0,16384,0.0,0.0,0.0,0.0,0.5,1.0,16384,0,0,0,
image_178.h5,83a78ca0e5433723173bf18aa97373214568f1ef8b6789b4ba562e98725c5877,b18f9b09dca1731c2ea23516f99221420588d33388c2755af361b591bfdaa4ea,0,16384,0.0,0.0,0.0,0.0,0.5,1.0,16384,0,0,0,
image_179.h5,4590b398d4523b463e6c52473adf95dc337f0f020135ea725ceddfebd46e7b52,b2102fff82fd7fe94910c1c170770aff415a6552304125f165c5c0cb3e26841f,10,16384,0.0,0.0,0.0,0.0,0.49969482421875,0.9993896484375,16374,0,10,0,0.0
image_180.h5,0c62b70cc0eed33110338bf8f76c0d5950316fad60251c3779eb65c252cc3cf2,4bf704b4abd41d4e51eca6a675a2c60ec109675ffe13d1420c4138ba377d38e6,0,16384,0.0,0.0,0.0,0.0,0.492218017578125,0.98443603515625,16129,255,0,0,
image_181.h5,a9de4417e29d6c666fcd31279b0a7530fa1c5bf6b3a14d3d6485811ec98e3f19,f4d1ed4afa981b227cfdd46effa7e649e53cb6da1f60b28c8ff3777d39ec9d83,74,16384,0.6590909090909091,0.7945205479452054,0.8055555555555556,0.7837837837837838,0.8286266746851091,0.9981689453125,16296,14,16,58,0.6590909090909091
image_182.h5,22efb4d5965422feec9b818ec046b1bf87cadae11b71d81a55e432b1f3fd8eb0,b18f9b09dca1731c2ea23516f99221420588d33388c2755af361b591bfdaa4ea,0,16384,0.0,0.0,0.0,0.0,0.5,1.0,16384,0,0,0,
image_183.h5,efc9395aa030203c92b4143d74f78e45d75e2ae9e2aec81ebfefbd38429cfb75,7effeb00d75eb0371a0c5fecef8c119ad99cbedf5ac7bf6444b73d242b8900ac,59,16384,0.39603960396039606,0.5673758865248227,0.4878048780487805,0.6779661016949152,0.6961536737374179,0.99627685546875,16283,42,19,40,0.39603960396039606
image_184.h5,bb450564ba3ab65f04e4b992918145e1fa54ed06fca248017bc1681d6dcb9f3a,23a46207a6fbca3d2e58771588a870b4001363cedc74b779bf519ebdeb19b29e,302,16384,0.6182572614107884,0.764102564102564,0.6234309623430963,0.9867549668874173,0.8034093717224277,0.98876953125,15902,180,4,298,0.6182572614107884
image_185.h5,89565ff85186f6f06f343b72191e33b1611516747e2496e45be373dfb0cd84d9,27d570cc279ae3f4339ee45e5b78c9e6077df823d150f4dd9711480093205e84,407,16384,0.5296735905044511,0.6925315227934045,0.5721153846153846,0.8771498771498771,0.7549472338870293,0.98065185546875,15710,267,50,357,0.5296735905044511
image_186.h5,29054d978f6ab28b54af0e9798e30031a4b3487e9497a63d7afec83157e0b88d,9e422e8690cbcefa68cf87c17d458ed4abc6dfaa18eb66d0e44e7f8bf8f98308,77,16384,0.0,0.0,0.0,0.0,0.4964599609375,0.992919921875,16268,39,77,0,0.0
image_187.h5,ca0933b1c36bd6ffd62febc6a40fea37fe74ecc20795b241b5d9608b8058b410,79fb7fd370226e6483f1d040d3785d90dfdaf132ae96f9179c877abc95ec4535,8,16384,0.0,0.0,0.0,0.0,0.4996337890625,0.999267578125,16372,4,8,0,0.0
image_188.h5,5f79fa5847d2baefc99a0323cbc10d52e3ab06334ba1f86732c7bd8c6db9c42a,a4697ef15b34b61ddd65f2e9cb7ac93ac1a9e146a50083955128352f61eae963,1107,16384,0.5623707787732598,0.7198941332157036,0.7034482758620689,0.7371273712737128,0.760790990619929,0.96124267578125,14933,344,291,816,0.5623707787732598
image_189.h5,3171dd37f701ab5f743e5becf70675101c14c396753b220173766a3fba1bbb2e,e78741bbe96303bb1e204c985c95b347bb9d20f7f32c139f27caf7fd126cb50b,4974,16384,0.812635801437406,0.8966343937298294,0.8281383069323794,0.9774829111379172,0.8576718323277986,0.93157958984375,10401,1009,112,4862,0.812635801437406
image_190.h5,08c1a86ec99616bd360bf9d12c20411caaa3ebc52b34f721eb0c4f51417ac286,6acd9cfd7c066a92bfb15b7bf25bf250d6436b813b8fc58e0e172b0c7cb0ca9c,469,16384,0.08102345415778252,0.14990138067061143,1.0,0.08102345415778252,0.5273280735856819,0.97369384765625,15915,0,431,38,0.08102345415778252
image_191.h5,f643f0b9c17765bf42394f0e235c96e898d8afea53e2a6f9d572705d5bc5dc71,b18f9b09dca1731c2ea23516f99221420588d33388c2755af361b591bfdaa4ea,0,16384,0.0,0.0,0.0,0.0,0.5,1.0,16384,0,0,0,
image_192.h5,5ea0468c77e7c3e2bb091930c546ba4ad749ce087de1d5640b8e440aa86934d3,6f58e940335ed609aba624c1184ccf0ec5713c7bbe201cf03a9634360948150c,1021,16384,0.653179190751445,0.7902097902097902,0.8063200815494393,0.7747306562193927,0.8131220137685911,0.974365234375,15173,190,230,791,0.653179190751445
image_193.h5,93c978a47be36beb32e705c53a24e7368e3339408cf5c77a12dc6852cdf6e8d1,b18f9b09dca1731c2ea23516f99221420588d33388c2755af361b591bfdaa4ea,0,16384,0.0,0.0,0.0,0.0,0.486541748046875,0.97308349609375,15943,441,0,0,
image_194.h5,a61dfc0bcb38c8058736c0d146d9054288ce4bc53d6e3cb85e3e718cc10449d1,eddc955075366dbc37b809d5299489424019a151b88afdb8b637ddcaf194bc9f,2452,16384,0.803914590747331,0.8913000591832708,0.8632021398547955,0.9212887438825449,0.8824528705949044,0.96636962890625,13574,358,193,2259,0.803914590747331
image_195.h5,39f029dc63534220a8386e7ed2df693cc871a45606f6a8a042e9339892e9ba2c,92d98d05bc2f5f6d2c3901eac532da7fc5e919374c5032d67cfb32ad3a891975,1275,16384,0.30710659898477155,0.46990291262135925,0.6165605095541401,0.3796078431372549,0.6192136768508764,0.933349609375,14808,301,791,484,0.30710659898477155
image_196.h5,506ad9c07c03cd201bc5ed2dbc5a3c6ce3f71c24d10b349b09af5f209f92011b,f09091b5073172f31a4166927321fda5c982b67dfddf25fb61ed1659d1be624d,886,16384,0.7070539419087137,0.828390860476422,0.7275832621690862,0.9616252821670429,0.8421633345907205,0.97845458984375,15179,319,34,852,0.7070539419087137
image_197.h5,171bb6cbd81bb32fe0f0370ca20960b2c6af8b9533a0cfc2aba94b2a33f2e2c2,b18f9b09dca1731c2ea23516f99221420588d33388c2755af361b591bfdaa4ea,0,16384,0.0,0.0,0.0,0.0,0.5,1.0,16384,0,0,0,
image_198.h5,88c962ae63e88f236b7149283432def42aa67e44adb3fb6143c92a71534eebe1,8eef13d48e94900f8009c7e8871b19382af588b243884455d5aca431201aa452,40,16384,0.0,0.0,0.0,0.0,0.498779296875,0.99755859375,16344,0,40,0,0.0
image_199.h5,eab65c974f2b71adb78e42971a2c0e058d2a64cb42945e27fded7ed13a1eab1b,7f531000c5f8d61900e9bfe8c9843b7ac6aeab2f7b785392c35232c69acceb5e,2660,16384,0.5484276729559748,0.7083671811535337,0.5535336436732966,0.9834586466165414,0.6959889672159305,0.8685302734375,11614,2110,44,2616,0.5484276729559748
image_200.h5,985a724f2ea67fd63366b461878e0dd74c9210d605fe72e4a48d7805ac7e677e,b18f9b09dca1731c2ea23516f99221420588d33388c2755af361b591bfdaa4ea,0,16384,0.0,0.0,0.0,0.0,0.5,1.0,16384,0,0,0,
image_201.h5,9ebc56cd16e1ef68dac0d46821d2ff581fb46a5dd838826d09a820409bf8fc2d,d3fa7ac17984b4cdb34ab9af7fdd1b4722ec6c32761b9301ed7dd3f81d1ba03f,37,16384,0.0,0.0,0.0,0.0,0.498870849609375,0.99774169921875,16347,0,37,0,0.0
image_202.h5,ee41ed2875bae8b7c5d73b67171c73e36fd0f5f1e5949c917bd49e7d72374e9d,6500ded30236bf82fc67cc1ca8089c747b280d0e62a1fa6e8759764a88a6e9a3,0,16384,0.0,0.0,0.0,0.0,0.5,1.0,16384,0,0,0,
image_203.h5,76d1a48439e3115388a9b4bbb45b18f30afebe7e8d5e3ead9312d91fb77d9997,41c8d5926362db51653325f9a70163806adf834e805f831c3e802385fb7a9210,1432,16384,0.6981246218995766,0.8222301389383684,0.8392727272727273,0.8058659217877095,0.8326801704376412,0.96954345703125,14731,221,278,1154,0.6981246218995766
image_204.h5,d23e524ab56ea66b80cae08f561945239a986a8df44fe43b28350d53cd41cd49,6500ded30236bf82fc67cc1ca8089c747b280d0e62a1fa6e8759764a88a6e9a3,0,16384,0.0,0.0,0.0,0.0,0.5,1.0,16384,0,0,0,
image_205.h5,94e855e185a6231f07cc886de8daf4e5d1932a829166749b9baecfab648adaef,8ce259db9d511e4f762302057efe9c2a120ba5f9c0ab61565deaafce7bcf094a,367,16384,0.5706806282722513,0.7266666666666667,0.6135084427767354,0.8910081743869209,0.7776801036360322,0.9849853515625,15811,206,40,327,0.5706806282722513
image_206.h5,1dcddeee4275eceecb2408574535e087eb2a2ccfd5bf33518c02e09a8bf577ca,b18f9b09dca1731c2ea23516f99221420588d33388c2755af361b591bfdaa4ea,0,16384,0.0,0.0,0.0,0.0,0.5,1.0,16384,0,0,0,
image_207.h5,e95ede2d88b336eee81415c12d4710d55ace16bd71a5ab30c2d6a696165fd60f,b18f9b09dca1731c2ea23516f99221420588d33388c2755af361b591bfdaa4ea,0,16384,0.0,0.0,0.0,0.0,0.497100830078125,0.99420166015625,16289,95,0,0,
image_208.h5,088790dd44f4c842baf583b3eb7cfb84ad57440470b5e6e24c20243153b191bf,b18f9b09dca1731c2ea23516f99221420588d33388c2755af361b591bfdaa4ea,0,16384,0.0,0.0,0.0,0.0,0.5,1.0,16384,0,0,0,
image_209.h5,77d4fdc59c1f6e6a63cf2aa857c9febabbbc67a1779353952aa419234c783acc,31c8cb54ed49bb70d19f96149121dd9f9082bf995c38e08710339b20d760a133,270,16384,0.226775956284153,0.36971046770601335,0.46368715083798884,0.3074074074074074,0.6047075290898711,0.98272705078125,16018,96,187,83,0.226775956284153
image_210.h5,76584de1b66b4f358975da0cb68564efd615ef71a1db64a6a0f5c652e3e668f4,bcdcded305019228ab204a90344f382b408bbb71d2458801221bc1e033f10733,61,16384,0.5409836065573771,0.7021276595744681,1.0,0.5409836065573771,0.7696355865335354,0.998291015625,16323,0,28,33,0.5409836065573771
image_211.h5,9159da57edaf17d06d7f1112b56a0ca65ce34c5a8ba178ab1e4f05b337a2ae6a,dc154ac57efeae0f6b85576d0f5c60b78acd5575ce99a888397f196f9aef7f59,103,16384,0.1388888888888889,0.24390243902439024,0.75,0.14563106796116504,0.5666037089077592,0.99432373046875,16276,5,88,15,0.1388888888888889
image_212.h5,af937176ea47ad62c8d7d46995c6ead92c94ccba62a6743a78f7f560b3028416,b18f9b09dca1731c2ea23516f99221420588d33388c2755af361b591bfdaa4ea,0,16384,0.0,0.0,0.0,0.0,0.5,1.0,16384,0,0,0,
image_213.h5,a3c538586d9414ecfbc2223f3c1c8ee4fd20faafcdbb70c2fa6e75202653522e,5f201b581b89493af864d8a93e2bbad95e8877f27a9718d95ad01b7795d8f436,37,16384,0.0,0.0,0.0,0.0,0.4866943359375,0.973388671875,15948,399,37,0,0.0
image_214.h5,e62a626cbd7025cab044fc06474510a95a70161ec43f32d6a13fba788b1b1a62,b18f9b09dca1731c2ea23516f99221420588d33388c2755af361b591bfdaa4ea,0,16384,0.0,0.0,0.0,0.0,0.49468994140625,0.9893798828125,16210,174,0,0,
image_215.h5,a26a1173fd3a4a1468e6dc347d2c0ff15b4c3d2bdb4e8f524980eab4656687ad,b18f9b09dca1731c2ea23516f99221420588d33388c2755af361b591bfdaa4ea,0,16384,0.0,0.0,0.0,0.0,0.5,1.0,16384,0,0,0,
image_216.h5,e700f646503489c41e3e337e8928fef2a3cdc27ae622ec562ef88a7a09f37cfd,b18f9b09dca1731c2ea23516f99221420588d33388c2755af361b591bfdaa4ea,0,16384,0.0,0.0,0.0,0.0,0.4981689453125,0.996337890625,16324,60,0,0,
image_217.h5,94d1944a636518469efbbaf31f0526b90eec131219acb3b00d852ba99323df1c,6500ded30236bf82fc67cc1ca8089c747b280d0e62a1fa6e8759764a88a6e9a3,0,16384,0.0,0.0,0.0,0.0,0.5,1.0,16384,0,0,0,
image_218.h5,fd82dc01809b70575282f3d296a4026f3408f718d8b13d59ff471ae5f3d69119,b494440709ce57a73d811bcb9d952aad29d1040b96a0feee1a0300b7e663d36d,594,16384,0.17322354376334248,0.2952950350922797,0.1746080541039041,0.9562289562289562,0.5009074218563804,0.83453369140625,13105,2685,26,568,0.17322354376334248
image_219.h5,201251cf5538111e91331f734e54cf8ac28ad71495ff8bbeb243e1ae231c5434,c5e383da5a287fbaa72e3915f7dea478010d2a7411eb4ed458c8935cebee334c,13,16384,0.5,0.6666666666666666,0.5,1.0,0.7496029564473765,0.99920654296875,16358,13,0,13,0.5
image_220.h5,7ff0b5cb1d65631688ae09128bd6fb164464fb72b4c5731c340d974e807cdf79,4ebc2437d2d6b4b549d04bc6798e7277bf9554a58f4ede36b0f7a5513f2046e6,28,16384,0.0,0.0,0.0,0.0,0.4991455078125,0.998291015625,16356,0,28,0,0.0
image_221.h5,c81fed8ef9ac90601465b4b0f5c6fb5ae631ae573d0b8197cf3d613f9c5f4a7c,65c545b16301ddbd5b62da50b7e22e5ac6ecbc2e9baa14dafe148bf50a679c2a,349,16384,0.4698996655518395,0.6393629124004551,0.530188679245283,0.8051575931232091,0.7251069463572399,0.98065185546875,15786,249,68,281,0.4698996655518395
image_222.h5,5dd7c723bb586c8c2aea5738e5e1459efcd734beb564929187408947b8a96595,88d16a8119b894de9d35b84441ba3cac4df42436a2508ebc160cb2804076139a,58,16384,0.0,0.0,0.0,0.0,0.49822998046875,0.9964599609375,16326,0,58,0,0.0
image_223.h5,836353cf13ef254ad2b7a0025013ed70fc514c496aba1489b642649dacb49179,e14df48df39b958178b254de3c336a55850d0504d582f289685505f73ccd8229,250,16384,0.3582089552238806,0.5274725274725275,0.43410852713178294,0.672,0.6698235205325126,0.98162841796875,15915,219,82,168,0.3582089552238806
image_224.h5,5dfdba68fa12d4b127e7a09fc1bb8d7653f5fa8366dd375e2e7392b01ef90aa6,b18f9b09dca1731c2ea23516f99221420588d33388c2755af361b591bfdaa4ea,0,16384,0.0,0.0,0.0,0.0,0.499969482421875,0.99993896484375,16383,1,0,0,
image_225.h5,12ecec645770b524d436b16bd594bba19269160f6222225e1aaceeb2b7a6b915,b18f9b09dca1731c2ea23516f99221420588d33388c2755af361b591bfdaa4ea,0,16384,0.0,0.0,0.0,0.0,0.5,1.0,16384,0,0,0,
image_226.h5,a0285ff5cd9d654bee7811b7d7e87176a702a7dc7e7f4e4f64ebb19f1b1d7484,011d5e4c6ac73250fe84f85308f1611cab8e9e7e1ff55eee685c2e97fc10b069,198,16384,0.07568807339449542,0.14072494669509594,0.12177121771217712,0.16666666666666666,0.5255206314009355,0.97540283203125,15948,238,165,33,0.07568807339449542
image_227.h5,d91720103e571b8c05a659aa60397753157a352d2ed022da45d19d4a0008491e,b18f9b09dca1731c2ea23516f99221420588d33388c2755af361b591bfdaa4ea,0,16384,0.0,0.0,0.0,0.0,0.5,1.0,16384,0,0,0,
image_228.h5,7f847385a0f39b646e0f768aacf5b06b99c8364ceea7e6129ebf2ee23547270e,3d4e833eddb97afb9d41f05336e08c8d3ce85563677626c452750c05e5797041,166,16384,0.0,0.0,0.0,0.0,0.49493408203125,0.9898681640625,16218,0,166,0,0.0
image_229.h5,eaccd26fed99664e7797e2aebf643fe6c9d6dfdf8d2707a01eb399e4f53cfb08,28acf27a585cbc38a950f971e574efb72100574747f02db3ee3b1a12c2e294af,240,16384,0.4791666666666667,0.647887323943662,0.6264591439688716,0.6708333333333333,0.7341897563130535,0.98931884765625,16048,96,79,161,0.4791666666666667
image_230.h5,d0fa5fa0f35b2b78c70be58a99d206e894017af9b22b4eeafa7e4414ef1f3624,6bcc489bb6155aa63516c6ff2e62887f5738f60618112c980b10e49020a3bbb9,395,16384,0.5298196948682385,0.6926563916591115,0.53954802259887,0.9670886075949368,0.7543174214873627,0.97930908203125,15663,326,13,382,0.5298196948682385
image_231.h5,07c5dc324d01611c09d58b4940e8f4ce575abdca9f97c342696a0277d32ac8af,94fedac432762f63e5c9f67eaa676030f889bcdbf9c6946cb4a7629fbe33c936,70,16384,0.23828125,0.38485804416403785,0.24696356275303644,0.8714285714285714,0.6131674583027017,0.98809814453125,16128,186,9,61,0.23828125
image_232.h5,9e6e7c7a59321abbcc57cf5373574e5c002ecbfb611db50b36dfd3f8c57c7f3c,8baddadfa567fe83db18e4c5ab57d841148474214e318041e3f8d5269c147b0a,59,16384,0.46153846153846156,0.631578947368421,0.8333333333333334,0.5084745762711864,0.7296991561697443,0.99786376953125,16319,6,29,30,0.46153846153846156
image_233.h5,dbc474b74db140ca4cec4c0361ff617d6befb70630c535641eafb0d3d4a32d7c,8113312e243506b37270461a1aeb5bb9d637563537bed4949def31306b922fa8,8,16384,0.0,0.0,0.0,0.0,0.499755859375,0.99951171875,16376,0,8,0,0.0
image_234.h5,d7bae2109379884573aabb1d30a164430e69974fa6c66abe3bc58acadd3e0132,71cda26838dc714885291384b2a263dda41df79ea427535d63a6eea966b79701,74,16384,0.05405405405405406,0.10256410256410256,1.0,0.05405405405405406,0.5248902748902748,0.9957275390625,16310,0,70,4,0.05405405405405406
image_235.h5,8887482f7c9d2ed54ee53b67544f48f4185817ebf9d5eb979a41dc3ef97dcdc7,6e1bc675783ba49acf60012ab9562b3327bf85cd1d2609b00e9cdadaee00789f,215,16384,0.710801393728223,0.8309572301425662,0.7391304347826086,0.9488372093023256,0.8528358019320967,0.99493408203125,16097,72,11,204,0.710801393728223
image_236.h5,ce43013f39f5f8d5ce61a166ed897fff410b541009f0f121f454f9a68fd74374,b18f9b09dca1731c2ea23516f99221420588d33388c2755af361b591bfdaa4ea,0,16384,0.0,0.0,0.0,0.0,0.5,1.0,16384,0,0,0,
image_237.h5,aa850378a614fce716237399a5da73bddb9b7e22a8896f08c88fe69cb0da281f,173418ec7fb72f5cec89d5f0ae2870beed5779a3219004bef9d0e886945f10c9,256,16384,0.5137931034482759,0.6788154897494305,0.8142076502732241,0.58203125,0.7525540817518559,0.99139404296875,16094,34,107,149,0.5137931034482759
image_238.h5,8777d0f6ddd49cea295ed0385d273918db04d0ec5a6ec2f7466452483bb7e85a,b18f9b09dca1731c2ea23516f99221420588d33388c2755af361b591bfdaa4ea,0,16384,0.0,0.0,0.0,0.0,0.5,1.0,16384,0,0,0,
image_239.h5,ad144db8253baa3f5693836c429818a573ac1ab94de10448afc3ef5822826c09,cc11163ff0ee9cd84f441939703284b25ba4db1c9aceddc595b0d62d244943cd,139,16384,0.0,0.0,0.0,0.0,0.4957275390625,0.991455078125,16244,1,139,0,0.0
image_240.h5,3cfb8e2af66465f73e4c2017b106f441bcbf27daea6a56c4d6fdd740c83699a3,a8f47b7651c38d4699723b86caed641294aaf8a57c6cb49fe91d6261bb40dcb2,285,16384,0.5595567867036011,0.7175843694493783,0.7266187050359713,0.7087719298245614,0.7748655272042292,0.99029541015625,16023,76,83,202,0.5595567867036011
image_241.h5,2cad39ada4e53c3e3c27faf6942e1989161290f246499e410c5b946421dffde1,c0214323052efad3752bd6c2ea8da3c67502fbf6ec308a776e65d684520dfdc4,443,16384,0.6828478964401294,0.8115384615384615,0.7068676716917923,0.9525959367945824,0.8352843667139878,0.988037109375,15766,175,21,422,0.6828478964401294
image_242.h5,57214a0a764a9894826ac8a67f84085789a37170fb419e45620018517b91777b,4bf704b4abd41d4e51eca6a675a2c60ec109675ffe13d1420c4138ba377d38e6,0,16384,0.0,0.0,0.0,0.0,0.5,1.0,16384,0,0,0,
image_243.h5,03e2bc05975093cbff4cc9ab751e3c015f82174d7d62213e8fec065e6e7b291f,6500ded30236bf82fc67cc1ca8089c747b280d0e62a1fa6e8759764a88a6e9a3,0,16384,0.0,0.0,0.0,0.0,0.5,1.0,16384,0,0,0,
image_244.h5,5d0e3638debed448e8ce168776705731f2368e010b9c9ea91fe1585f58ba957f,278bffcc55a817f153c07773fc0cf0a587026559f28379a9d8ea94571f73abee,69,16384,0.37681159420289856,0.5473684210526316,1.0,0.37681159420289856,0.6870914554948959,0.99737548828125,16315,0,43,26,0.37681159420289856
image_245.h5,02ab79e1140adabbd1083d7024f072975f85669d6c532a43f866b95ba6888500,ab2fef83d2c4bb7de0d127f66b43792ce77b7c9135ed06c057dcff78d6243750,138,16384,0.02112676056338028,0.041379310344827586,0.42857142857142855,0.021739130434782608,0.5063206600570397,0.99151611328125,16242,4,135,3,0.02112676056338028
image_246.h5,b3b484d69126308932b48646f3257329eec787bd4e59fd6d0949d8de01a0794b,896637d1538c9adc5b3185da3f543f7a1e47c868480fb36606c825e74bdc8752,8,16384,0.0,0.0,0.0,0.0,0.499755859375,0.99951171875,16376,0,8,0,0.0
image_247.h5,d68916562a1482e2cc7b73ce9ab2cace533886a763d6d4ef278d524b67b3ae6a,614b036fd481242a6dc5e6c30f9a60970f1c5f8684268bf7025b4cd1f2263e5a,281,16384,0.5203252032520326,0.6844919786096256,0.6857142857142857,0.6832740213523132,0.7546969395706803,0.98919677734375,16015,88,89,192,0.5203252032520326
image_248.h5,794bf58920c60dc196b1a9f9f93ba8da0bac6fff9bba0cc7385f02d1df038502,cdb2649a038256f4b71d05b5f95dc43f2974caae0967dfd8366d47bea87b0448,88,16384,0.011363636363636364,0.02247191011235955,1.0,0.011363636363636364,0.5030266268249238,0.99468994140625,16296,0,87,1,0.011363636363636364
image_249.h5,0e4071e76bf41f24fb9798db9c98c9cb1d5dcfefc996222da912d6112ebcd04f,b18f9b09dca1731c2ea23516f99221420588d33388c2755af361b591bfdaa4ea,0,16384,0.0,0.0,0.0,0.0,0.5,1.0,16384,0,0,0,
image_250.h5,5ad5a979058eb6c8434944a61784c0fabc618539f566acbe7d15c8dd64ccbbb1,4bf704b4abd41d4e51eca6a675a2c60ec109675ffe13d1420c4138ba377d38e6,0,16384,0.0,0.0,0.0,0.0,0.49560546875,0.9912109375,16240,144,0,0,
image_251.h5,8d41705265044f48791a51e2b7f1b84a063274feec99c2e9134000415a14a0eb,67f12b4584a201b9cf39a0147fdcf8b8ddf9dcb03e4d352bf7607285bfbf46fe,44,16384,0.2786885245901639,0.4358974358974359,0.5,0.38636363636363635,0.6380000941518669,0.997314453125,16323,17,27,17,0.2786885245901639
image_252.h5,5a93491f29382434844676edcb1854c2bf952ce9dde0f8ace72c261d26c8ae6e,6500ded30236bf82fc67cc1ca8089c747b280d0e62a1fa6e8759764a88a6e9a3,0,16384,0.0,0.0,0.0,0.0,0.5,1.0,16384,0,0,0,
image_253.h5,44eb719d149b88c45538aba6f766f0a8fec52c7cab168ed4918250fe980f4e86,6500ded30236bf82fc67cc1ca8089c747b280d0e62a1fa6e8759764a88a6e9a3,0,16384,0.0,0.0,0.0,0.0,0.5,1.0,16384,0,0,0,
image_254.h5,1db076c31b63175a5d8fc51fb4ffef1d9fc4f463d4dd4491d3031ebefda75ec6,3e4f59f917038cbae3ec7f55053c9ea5d2abb3da11504c413aa098c529ec4823,156,16384,0.0,0.0,0.0,0.0,0.4952392578125,0.990478515625,16228,0,156,0,0.0
image_255.h5,5aa439ad5680f284e617282d127dad3e7e4ee5cdd2e398147eb1627cb20d67af,aed1aa2cf7d17e183206e214f203e889d0404a27804c08b42a4ee87bfef1af0c,89,16384,0.0,0.0,0.0,0.0,0.497283935546875,0.99456787109375,16295,0,89,0,0.0
image_256.h5,6267fa941b70987a79f4b78f99ba060ce45cb9c92f42900dabba06c35b25eb20,b18f9b09dca1731c2ea23516f99221420588d33388c2755af361b591bfdaa4ea,0,16384,0.0,0.0,0.0,0.0,0.5,1.0,16384,0,0,0,
image_257.h5,022382145ee2aba0e76ba3b27f29c098f49852c9b9a1ba374c0473229f80c8ba,971f7faa008d2549f61ee704816d0bf6c700bc9e47b0de017a9c7736304ecc02,160,16384,0.4405940594059406,0.6116838487972509,0.6793893129770993,0.55625,0.7168297084387788,0.99310302734375,16182,42,71,89,0.4405940594059406
image_258.h5,15805f30c3d212375b892ca7cbf79e09d898b07b9e6a125ce16e1be00deed021,b18f9b09dca1731c2ea23516f99221420588d33388c2755af361b591bfdaa4ea,0,16384,0.0,0.0,0.0,0.0,0.5,1.0,16384,0,0,0,
image_259.h5,7199a705a68f61f17478994cc54c7e6e111181a286e6115168f11a0a9e5c80f6,b18f9b09dca1731c2ea23516f99221420588d33388c2755af361b591bfdaa4ea,0,16384,0.0,0.0,0.0,0.0,0.499755859375,0.99951171875,16376,8,0,0,
image_260.h5,8cb5463e5f3c19e3295bf435eb14cc47aa2c720b82d6bdd7325b251fc8d25f8a,b18f9b09dca1731c2ea23516f99221420588d33388c2755af361b591bfdaa4ea,0,16384,0.0,0.0,0.0,0.0,0.5,1.0,16384,0,0,0,
image_261.h5,6385abcf9aa0633a4762f3c979dbc5c0820d044c59803daaef844904851e7bf6,ecc88050a3d90f539e35bd483aa43513ca5af71c0da200fd0139342c1f35a0ae,63,16384,0.17307692307692307,0.29508196721311475,0.225,0.42857142857142855,0.5825951956584102,0.99212646484375,16228,93,36,27,0.17307692307692307
image_262.h5,ebf91008b517ae5bcd9430d04d4061a86419206aeec43fe51f4e273c6c6e92a3,7819175a1753ab87cd2d59bef065d79e2c15ab608fbc33fcebeb1b85cdf466d3,123,16384,0.0,0.0,0.0,0.0,0.496246337890625,0.99249267578125,16261,0,123,0,0.0
image_263.h5,9721ae3c9b1ba1975fd5fbbf900f798d26ec7a51723554fc4cb78a57426b8f2a,681fb392282a7253e18bc7bd307d18792afdd142e7a760be268f83c50a5c7e07,13,16384,0.0,0.0,0.0,0.0,0.49932861328125,0.9986572265625,16362,9,13,0,0.0
image_264.h5,108fa89bbdd655bd0be46a356194cb0ce0e4226e8242b68144b6beb5f04d8829,13982b045ac34d10a3100c7779c099a9a261cf78797b8579f823342a98507bd7,450,16384,0.515625,0.6804123711340206,0.5883306320907618,0.8066666666666666,0.7471702179951314,0.97918701171875,15680,254,87,363,0.515625
image_265.h5,1494bd3a978e52c654b73d6fdc527fb38dd7aa696959a72295288b58cef4da00,b18f9b09dca1731c2ea23516f99221420588d33388c2755af361b591bfdaa4ea,0,16384,0.0,0.0,0.0,0.0,0.5,1.0,16384,0,0,0,
image_266.h5,bfc9c2bd07da0dde8209e8c61c643574fe8c20524cb611e92b008a0b928985af,b18f9b09dca1731c2ea23516f99221420588d33388c2755af361b591bfdaa4ea,0,16384,0.0,0.0,0.0,0.0,0.5,1.0,16384,0,0,0,
image_267.h5,a851d7c756359f331d7c2625a1d420873b41f071a0f630f1c186cde3dae21192,fad491ab437365809106f4da9e0e8a23f60ea47e47b36c26c414604afc218f37,516,16384,0.6531531531531531,0.7901907356948229,0.7435897435897436,0.8430232558139535,0.8193347432327933,0.98590087890625,15718,150,81,435,0.6531531531531531
image_268.h5,b4080d11a14291738cef54f35706ef86acc32c43c99eaa959dbeff02289929ff,a4b0889fef0aae738378651a0cf6b426eebf6dc0e4531b508c6f9a924cb83c2d,454,16384,0.4730639730639731,0.6422857142857142,0.667458432304038,0.6189427312775331,0.7268133005728485,0.98089599609375,15790,140,173,281,0.4730639730639731
image_269.h5,9f49feac3af39e107ec592d0f27baf587e29f60b89992e81a640ea02f2ef673a,78ce6dce0fa062b8b5dbd3b27eec1be27d3dcdc7784a2a75fce1b1ad64a64420,1315,16384,0.6462003019627579,0.7850810149801284,0.656441717791411,0.976425855513308,0.7998220052860148,0.95709228515625,14397,672,31,1284,0.6462003019627579
image_270.h5,a4b2fbc2a2ae1a2630356cd6cc6421df54df07b4d3c764b0608f91a5af19a86b,85c26a11b46bbe0c0b21758db3921c5b44b6429626539e2fb2c76d92cace9ba2,61,16384,0.0,0.0,0.0,0.0,0.498138427734375,0.99627685546875,16323,0,61,0,0.0
image_271.h5,0e5b0f0182ab36de7796630d44407bdf45d98eb25446169dd01aebf65250c1e3,fdb9c3c25667917299571828225ed6b1f54916bf57af465430539212dd588b00,586,16384,0.6146095717884131,0.7613104524180967,0.7011494252873564,0.8327645051194539,0.7976797229852987,0.9813232421875,15590,208,98,488,0.6146095717884131
image_272.h5,99655a36e09336883037109f0bcb5e0296fe9af36a995519ec3fbc00760a8e7b,931120737fc5b221aac5c67736b7370dba8f8f109f0b631caad76a570876b064,519,16384,0.5923295454545454,0.743978590544157,0.6926910299003323,0.8034682080924855,0.7871774864493244,0.98248291015625,15680,185,102,417,0.5923295454545454
image_273.h5,ad16bf9e1cf0aaa01b9878e936eda0fa1a805b3f5bf687f1ee84710db4dd40de,b18f9b09dca1731c2ea23516f99221420588d33388c2755af361b591bfdaa4ea,0,16384,0.0,0.0,0.0,0.0,0.5,1.0,16384,0,0,0,
image_274.h5,c6f935b1d6ee0cccfc4c0848b32a778560adac3e288e96f4c5dacfa2bc6a24ce,be903383da41868a8418099c5606d94be9191d7768d05088f9598b93d9612266,55,16384,0.16363636363636364,0.28125,1.0,0.16363636363636364,0.58041360166551,0.9971923828125,16329,0,46,9,0.16363636363636364
image_275.h5,4cb746dabae8be10eca72549e036589de2c4011d2991612586d0fe280ff82eac,cbde06318a09071480a2e155a6180f8dae2ddfb424f1f0084aef224d84c0b812,95,16384,0.0,0.0,0.0,0.0,0.497100830078125,0.99420166015625,16289,0,95,0,0.0
image_276.h5,7ee89b464a3766be92912cfc387bad2cb86b74d010cd69af7913a2c2ae44cf33,188a185a7b53819c037cae631773132d59e4303406d8deae19f7db6a82d93513,43,16384,0.0,0.0,0.0,0.0,0.498687744140625,0.99737548828125,16341,0,43,0,0.0
image_277.h5,5c0b38651b8956c77f5133a371323cc86ff26dfc1d192eaacae81fc97e4785dd,a3ec7e43a70a2b8d495cf535831428a0d70b4c67806bdab07b12ad4bde25783d,86,16384,0.1889763779527559,0.31788079470198677,0.2222222222222222,0.5581395348837209,0.5881830959303447,0.9874267578125,16130,168,38,48,0.1889763779527559
image_278.h5,380906ed94c4af0cb8c373d3d4d9d1605fb061c850e6488f86e7b34d13713187,33cb7f4473da06fbc18c4ee2267c1c97ca1b10e34213114f75a4599fdd25173f,81,16384,0.5154639175257731,0.6802721088435374,0.7575757575757576,0.6172839506172839,0.7562932419758166,0.99713134765625,16287,16,31,50,0.5154639175257731
image_279.h5,ee313e75e952a904745e0ee20352a1d7737d78fdf2022c45464c42029933586f,0df2ec9f50c1a91f4b4bb7209da4ba1fbb7ea1057c7bcd0f816b369f9b7766e9,4,16384,0.0,0.0,0.0,0.0,0.4998779296875,0.999755859375,16380,0,4,0,0.0
image_280.h5,dac80841191e448c150e0ce9f8250b2b2fa6f1d5ff747995203178e608dc68be,ffbd6c29eabde8c1e3b1a5a4a3b2702ec0a5e4bb19bd2bf5efebff538d1c02e8,17,16384,0.0,0.0,0.0,0.0,0.499481201171875,0.99896240234375,16367,0,17,0,0.0
image_281.h5,7d7dc16dfd8302d04d20a2ff5444cd8bf61358efe85e9cd06a148c9f26501f9b,3972440960bdeb59f490dbb83fef5772d220553f52a737cc8e19786392e1dab6,52,16384,0.0,0.0,0.0,0.0,0.4984130859375,0.996826171875,16332,0,52,0,0.0
image_282.h5,4d6e762890c1912d2d849075ff9bb4111180689bdfc7398170363042e6c7dde6,b18f9b09dca1731c2ea23516f99221420588d33388c2755af361b591bfdaa4ea,0,16384,0.0,0.0,0.0,0.0,0.5,1.0,16384,0,0,0,
image_283.h5,0f699f53fb9ab86231a4fed2fa757ebcf3c55497d50c322ff62d15648cf0befb,6e0fb75881a645498a4f9924da9529766457cfa61284c35ddcd534daf4a2d292,252,16384,0.6135770234986945,0.7605177993527508,0.6420765027322405,0.9325396825396826,0.8022061846702712,0.990966796875,16001,131,17,235,0.6135770234986945
image_284.h5,0f6ee5827b9050a5d8f5a6acca03386369fa146416ba2b8cf3705bbe99a60c8a,b18f9b09dca1731c2ea23516f99221420588d33388c2755af361b591bfdaa4ea,0,16384,0.0,0.0,0.0,0.0,0.5,1.0,16384,0,0,0,
image_285.h5,ed2fd7d6c6c76a8dde764056cf8d036a103bcf81996a0b058020a18fb82f977b,b18f9b09dca1731c2ea23516f99221420588d33388c2755af361b591bfdaa4ea,0,16384,0.0,0.0,0.0,0.0,0.499481201171875,0.99896240234375,16367,17,0,0,
image_286.h5,0cf3e9eff7627e929fdce790dbd1445b3012dd914a3ce9efadaae0c197eb1562,b18f9b09dca1731c2ea23516f99221420588d33388c2755af361b591bfdaa4ea,0,16384,0.0,0.0,0.0,0.0,0.5,1.0,16384,0,0,0,
image_287.h5,2c6a1e541b08df14ee914c8c1d51b6b6e06755d431b48d172582b7e83b58ba54,8f22c5e60c4dad811c5af20035b5acbd0e1700131f7ef3aaea87701c95b745a8,902,16384,0.6432203389830509,0.7828777720474471,0.7319189971070396,0.8414634146341463,0.8081381694915255,0.97430419921875,15204,278,143,759,0.6432203389830509
image_288.h5,63ecaa9ef555bb6f2cf449b7b86f5d6e96d0ae2b46332f1df6f4502afff17286,b18f9b09dca1731c2ea23516f99221420588d33388c2755af361b591bfdaa4ea,0,16384,0.0,0.0,0.0,0.0,0.5,1.0,16384,0,0,0,
image_289.h5,6058498c521333c90a08a8354a8f96dc72925e31552ab036b10c6e78461a57b7,b18f9b09dca1731c2ea23516f99221420588d33388c2755af361b591bfdaa4ea,0,16384,0.0,0.0,0.0,0.0,0.5,1.0,16384,0,0,0,
image_290.h5,ddb406a40a821332c61f1b2d4788f0bef177e038fff37f3dcfe1ed8df114b64d,79803963964e94a29dd7c0f9b41d8bb2efd81333ef5ff23f1dd484ff0bb29512,198,16384,0.2146118721461187,0.3533834586466165,0.6911764705882353,0.23737373737373738,0.6020418116928182,0.989501953125,16165,21,151,47,0.2146118721461187
image_291.h5,1b17db5ce2f2a0c4212418aacf5c2da0f708656064c4599b828f8f7f84f330f5,65487cce0406b654c1f0788b238fad513aa3f0b74bf50cdb16a56b8e1e990489,158,16384,0.4841628959276018,0.6524390243902439,0.6294117647058823,0.6772151898734177,0.7385795741541308,0.9930419921875,16163,63,51,107,0.4841628959276018
image_292.h5,6ecb21daaf2b24538a3a93d59dbc92d8f69979f1ac1ec3db173c880f1dbeac9b,b18f9b09dca1731c2ea23516f99221420588d33388c2755af361b591bfdaa4ea,0,16384,0.0,0.0,0.0,0.0,0.5,1.0,16384,0,0,0,
image_293.h5,c0a86671ac6ce591cae009cec30dd4971489f218c62882edefeac09f8ea6edec,b18f9b09dca1731c2ea23516f99221420588d33388c2755af361b591bfdaa4ea,0,16384,0.0,0.0,0.0,0.0,0.5,1.0,16384,0,0,0,
image_294.h5,16360c94cf5557fd8bc9277a0962f5f0714d2036af646d1cbd96b476cb46f1a4,d66bfedb4b10c37791210f3fbbd6b15cd0aac82f6c854437e5a36d1f54bd6a9f,299,16384,0.09627329192546584,0.17563739376770537,0.5740740740740741,0.10367892976588629,0.5392391959535603,0.98223876953125,16062,23,268,31,0.09627329192546584
image_295.h5,517b732990060f824a4650db4f8f0ab5d54f94ce1a225b966c1c29ede694ed4d,fb625a4191865c2d933e414b63987752b0e1a0ce07c77c41aa680685ff7f9e5f,23,16384,0.0,0.0,0.0,0.0,0.499298095703125,0.99859619140625,16361,0,23,0,0.0
image_296.h5,a59c36d07825b7e1b747e179e35248689c7943572fd4404c0f3363dabdd9739f,57a129a523f631e8769f8830309e64b71feeebeddf8b5e4c3427567f7eeab909,22,16384,0.0,0.0,0.0,0.0,0.49932861328125,0.9986572265625,16362,0,22,0,0.0
image_297.h5,9f71e1e417b290029d5144b3d1c52b7121eb6f6401a30c1b1918ea13c4462f24,a8e05fcb8ecda40733c905bd7a114bea2e6a5b61c39fccbb7279075edd64d1ef,27,16384,0.0,0.0,0.0,0.0,0.497314453125,0.99462890625,16296,61,27,0,0.0
image_298.h5,566dd2d5cf8580b42e7ce323e1370f1f23f96513045152654271bc982c3dbcc7,2ea48055d3c7f64502dd10c6b9ccade33b411920a3e4f0545df599606f87ffaf,71,16384,0.0,0.0,0.0,0.0,0.497833251953125,0.99566650390625,16313,0,71,0,0.0
image_299.h5,ccc0dc221615db7f3e5393caaf18fb2b526d9ddbbbdd1ea23e1e6502215a3406,b18f9b09dca1731c2ea23516f99221420588d33388c2755af361b591bfdaa4ea,0,16384,0.0,0.0,0.0,0.0,0.5,1.0,16384,0,0,0,
image_300.h5,d3b36c0ddf26a14b04595e0936cbc31cd7fc2688f636f6dda769cbb34131d901,0d60f75bdd8c652b37e721ebbc7b3906a9a857e257afbb787556988ca1127866,43,16384,0.0,0.0,0.0,0.0,0.48919677734375,0.9783935546875,16030,311,43,0,0.0
image_301.h5,8ffa502a599101eb8698e40a9fb3e7640c41b608ae8c919b0434f72692c0d09e,09344807fa97c986b0aa2bda7715e92d1b1e973c125d2c2fbf2aa39d4cab0647,487,16384,0.5284450063211125,0.6914805624483044,0.5789473684210527,0.8583162217659137,0.7525414308819642,0.97723388671875,15593,304,69,418,0.5284450063211125
image_302.h5,fd16200c57a5aee08a577913025e2eceb37da2026c4be43a6494a92f6963c9b2,b18f9b09dca1731c2ea23516f99221420588d33388c2755af361b591bfdaa4ea,0,16384,0.0,0.0,0.0,0.0,0.5,1.0,16384,0,0,0,
image_303.h5,d1fb34c2f2791812c058dd12a8fd5d89c77de27221d7dc3d1ea12c19abb5a760,1553d852adc392318a5cab5d5575a42a84190b6f3a33ef4c2efb1536ac555b54,81,16384,0.024691358024691357,0.04819277108433735,1.0,0.024691358024691357,0.5099344960066077,0.99517822265625,16303,0,79,2,0.024691358024691357
image_304.h5,3da8e4fb37ea461a0c4bbeda71f77144456beb0681d0eda0f33409bae750cfb5,ec65a1311d60c1bbfa2e45761e3a10593c1787ba1df6dee0421fe5904682b9eb,221,16384,0.5975103734439834,0.7480519480519481,0.8780487804878049,0.6515837104072398,0.7957687335200212,0.99407958984375,16143,20,77,144,0.5975103734439834
image_305.h5,8e6258d723b8a3af36040465db967baef457d36b2e1df4d1ba91c3165ee64117,6500ded30236bf82fc67cc1ca8089c747b280d0e62a1fa6e8759764a88a6e9a3,0,16384,0.0,0.0,0.0,0.0,0.49981689453125,0.9996337890625,16378,6,0,0,
image_306.h5,2d844120630110c255d3dec5a6916f4d5f44893b461e6aab3b74315b6bbe5e2c,915982619ab955a58125aaf7db4bc69f19eb41627571c22168538930e4a49c4f,430,16384,0.5054151624548736,0.6714628297362111,0.5115712545676004,0.9767441860465116,0.7398348676218242,0.97491455078125,15553,401,10,420,0.5054151624548736
image_307.h5,ed2bfec5265dd2ad4a3a0f4c5b13cffc7231537f3d1c43c13795e78498a4e673,43331b8664f8fb72d0e1872652a6ad737792c948cb0210502308f0076b095b46,561,16384,0.5818713450292398,0.7356746765249538,0.763915547024952,0.7094474153297683,0.7819903453533538,0.9825439453125,15700,123,163,398,0.5818713450292398
image_308.h5,3288596933961ced3dce01ef9a16066d318ba40107c4436b1c9e97c8e4e38509,b18f9b09dca1731c2ea23516f99221420588d33388c2755af361b591bfdaa4ea,0,16384,0.0,0.0,0.0,0.0,0.499053955078125,0.99810791015625,16353,31,0,0,
image_309.h5,98556c5cc64d28c95139bc7d1e8b9565c4a3154a28034c8aab2a5fcf15101fa2,b18f9b09dca1731c2ea23516f99221420588d33388c2755af361b591bfdaa4ea,0,16384,0.0,0.0,0.0,0.0,0.5,1.0,16384,0,0,0,
image_310.h5,8574cb07374e85755b85afe46fcc4655332299b77fd0d02e32e80c8a048191c1,b18f9b09dca1731c2ea23516f99221420588d33388c2755af361b591bfdaa4ea,0,16384,0.0,0.0,0.0,0.0,0.5,1.0,16384,0,0,0,
image_311.h5,643474b15422b7db675368f820979dc788849c35ff0cc4493fb4db90c6f2a153,3c4639a92fab62e84790dab6d961034ef2a9fba7742770c969c1122001d33a2c,723,16384,0.5798394290811775,0.7340485601355167,0.6202290076335878,0.8990318118948825,0.7749521284213565,0.97125244140625,15263,398,73,650,0.5798394290811775
image_312.h5,986c2fc73ac54cf5a5648bc5c39ff1145c6351e002acd9ec05bc90d3daaf3c6b,d111016b27ad1c2d79598a001a19f04ebfd3e7e6c5a9584cf838530dae6a7e75,42,16384,0.0,0.0,0.0,0.0,0.497711181640625,0.99542236328125,16309,33,42,0,0.0
image_313.h5,5301b7537792a060be63f79452b3ad3b367f43eeb671ee33f1d54bdbe336b4f0,e77c6de108f32bdbe1a1ea622a1cef9b3bd17c0ecfa237e3fd2391d17c8d4785,1659,16384,0.6713375796178344,0.8033536585365854,0.69433465085639,0.9529837251356239,0.8095254404878336,0.9527587890625,14029,696,78,1581,0.6713375796178344
image_314.h5,7c3761c43c4b28548848364a8658dfa88619dd75db211c2798daf2789d0759ea,185bb710be2b6d066d098a7786c9354a2e1000e03c2592989226d821cd20ed67,90,16384,0.41904761904761906,0.5906040268456376,0.7457627118644068,0.4888888888888889,0.70765722445649,0.99627685546875,16279,15,46,44,0.41904761904761906
image_315.h5,deacc18c701508bf40141fd8d1da0c765d726d6e4b1412c8562ec85f4c83fb06,32804b9b1caa753fa7cea5fcf6cf82f8c952bf5a4313ae000a09b703c76d0fe9,944,16384,0.5394190871369294,0.7008086253369272,0.9629629629629629,0.5508474576271186,0.7557155950056811,0.972900390625,15420,20,424,520,0.5394190871369294
image_316.h5,930ca183a6cfeb5844897e91d0835fcf1839e5daff3d63ab8000902353e0be87,012db3396ce8cb837a02348b4155c1d10ae2212455ec9daff056adeda157948a,615,16384,0.774145616641902,0.8726968174204355,0.8998272884283247,0.8471544715447155,0.8822817851853524,0.99072265625,15711,58,94,521,0.774145616641902
image_317.h5,e47ca1ac53e0395e9eecf50c6d528f41fd5f5afe65961616bece787055e1fac0,b18f9b09dca1731c2ea23516f99221420588d33388c2755af361b591bfdaa4ea,0,16384,0.0,0.0,0.0,0.0,0.5,1.0,16384,0,0,0,
image_318.h5,b08c18b3ce59f0b66c1e149c07269c06078e2fdb873ed2d273df05f3d2761341,ba953f844c4aa13435073ff2de2c7a068722ff3127b0b553ceb8a96fc2a324f4,31,16384,0.03869047619047619,0.07449856733524356,0.038980509745127435,0.8387096774193549,0.4995995479130642,0.9605712890625,15712,641,5,26,0.03869047619047619
image_319.h5,be84986733ab9ddff3db1c4720a20ddfb10013d069ffb628d0ba81836609ae5b,3433bb511a86f4d8b8a37cb7ee42536daf0b491bd6d026870eb91e59a361dd70,179,16384,0.03260869565217391,0.06315789473684211,0.5454545454545454,0.0335195530726257,0.5108702288860454,0.9891357421875,16200,5,173,6,0.03260869565217391
image_320.h5,cba4c8b4b69617b2f366ea365f4be737b4f2040a3ccbe509d1ca42a0a69cf1b7,697955a69f54cfa858f4c6a7a0eea1cf6b5f2b4c3d7aea6bae82ba30a20ed8fb,195,16384,0.2,0.3333333333333333,1.0,0.2,0.5952278984398899,0.990478515625,16189,0,156,39,0.2
image_321.h5,c4c061f926c8bbe49c248c711078b96a3df28bb92331290736dd427d2a5db298,e3861830f220795edcb1722db37ee12e8d7f8c8caee2fcc0c28f267fb7d546f1,1,16384,0.0,0.0,0.0,0.0,0.499237060546875,0.99847412109375,16359,24,1,0,0.0
image_322.h5,a8ca142e08f9a3a211e56593a6962471b5fc16298e7304399a3cb7b11679c7b6,b18f9b09dca1731c2ea23516f99221420588d33388c2755af361b591bfdaa4ea,0,16384,0.0,0.0,0.0,0.0,0.5,1.0,16384,0,0,0,
image_323.h5,7ba531f5aa9ba9a711e9168bbcf7c3654de9307e43cc3f66c026a81032a91a80,a1b23f3d6922c6d43efe74a468173043f679695450ad355568f5ed0469bfd9a0,331,16384,0.5441595441595442,0.7047970479704797,0.9052132701421801,0.5770392749244713,0.7671393657313499,0.990234375,16033,20,140,191,0.5441595441595442
image_324.h5,3c820e6d1624741dabb486996df5529e178b1c12601c1d83f2cd4cac4dbda338,fc6288904bcab710ccf91315133aa67e8d5c1a230cd363146bd121f52dcd919c,476,16384,0.3211009174311927,0.4861111111111111,0.5412371134020618,0.4411764705882353,0.646824726058245,0.972900390625,15730,178,266,210,0.3211009174311927
image_325.h5,12743b30bcbcf6940ffbeea1531654241354677cd87e7454a940354f5e974b38,f9f071ab714fe73c0f47ef2de915447fc408e1bf6879edfed11a18224ce7140d,85,16384,0.09550561797752809,0.17435897435897435,0.102,0.6,0.5329667929476203,0.97052001953125,15850,449,34,51,0.09550561797752809
image_326.h5,f5ff222c73333d72793d23d5c1920797f08fc2036f2feb1067ca34a8582c9e1f,b18f9b09dca1731c2ea23516f99221420588d33388c2755af361b591bfdaa4ea,0,16384,0.0,0.0,0.0,0.0,0.499664306640625,0.99932861328125,16373,11,0,0,
image_327.h5,1d28c42e3cd0881fe882e4b1ea43c69c01fec104b73d9d437be64502031bf4b4,04e3b4f8f0d94da2822fa22ae5977366655d3a5defd01aaa2c4dfa04b7878663,17,16384,0.0,0.0,0.0,0.0,0.499481201171875,0.99896240234375,16367,0,17,0,0.0
image_328.h5,7a460aa060ad6617f74036ba9f275d542f977d34f3771f4234658620737237fd,a4128de1e1d41cd1e3b8ac3eabfc97afa90c5652717fbe7802bccc0cdd17fd2b,94,16384,0.0,0.0,0.0,0.0,0.49713134765625,0.9942626953125,16290,0,94,0,0.0
image_329.h5,6df1fce274ae4dba92c896ea8f64ca0b97a3b55066dab11e3c64be1617c1d4ea,b18f9b09dca1731c2ea23516f99221420588d33388c2755af361b591bfdaa4ea,0,16384,0.0,0.0,0.0,0.0,0.5,1.0,16384,0,0,0,
image_330.h5,94348e2dc5d862521b68b63a9a22588fe3362cf14eae06b0afc4b3f83cbee6d6,4bf704b4abd41d4e51eca6a675a2c60ec109675ffe13d1420c4138ba377d38e6,0,16384,0.0,0.0,0.0,0.0,0.5,1.0,16384,0,0,0,
image_331.h5,85a198e5114b4ffc95a717538622b17497b35f21b0f8a93e918040adc4d6ebf1,b18f9b09dca1731c2ea23516f99221420588d33388c2755af361b591bfdaa4ea,0,16384,0.0,0.0,0.0,0.0,0.5,1.0,16384,0,0,0,
image_332.h5,a0c38c9ddeef10f74d405d95e3d22298558ec6bd52a14142b2439b14d2081f8c,f080e9c6fd53ce076966ace5c717fb63b0c5d198539786a8b6e4e02a67aafb17,11538,16384,0.5050167224080268,0.6711111111111111,0.9795409181636726,0.5104004160166407,0.4775202716375532,0.647705078125,4723,123,5649,5889,0.5050167224080268
image_333.h5,9d9e032b5ad86e19b35a569676dc24f50d66a33b9e5d342078b5c71f9edf34a6,cd39247a21223dab3112f7113dbf0606f8f29c3648304dd8513e1588e751488d,177,16384,0.7677725118483413,0.868632707774799,0.826530612244898,0.9152542372881356,0.8823759612625999,0.99700927734375,16173,34,15,162,0.7677725118483413
image_334.h5,917ae4d8efe6186672bf33639edb16a3543d41bed55a234d715f66a1639c7af8,dfec0490bfd98c7612a88308ed8d7b9601ef650199cdebd9582409a38c16c7cc,364,16384,0.5360655737704918,0.6979722518676628,0.5706806282722513,0.8983516483516484,0.7592204309034312,0.98272705078125,15774,246,37,327,0.5360655737704918
image_335.h5,b2bab6983fbfc906c5741025268fe888e0cefdc2274254467aa2201005b1f14b,c2c02144d706c8554a9c88e24d94f79c6fede34ea420cc2b38f4fc2ae7ccea04,119,16384,0.0,0.0,0.0,0.0,0.496368408203125,0.99273681640625,16265,0,119,0,0.0
image_336.h5,eece662d64054fa21bb685d030ff3bc0b25ad808a7c1ae9166dfbf818cbf81bf,948c3e580720b82ad1e94e7a8bc000c90ef51080e9afc2865c70859cfc3d9c33,3219,16384,0.6261987349520506,0.770138017565872,0.6459692696274468,0.9534016775396086,0.7443047749112488,0.88818359375,11483,1682,150,3069,0.6261987349520506
image_337.h5,9c9aba022ce89e89d316311e709da94a40e13c716b60815abf145c45b54874ab,b18f9b09dca1731c2ea23516f99221420588d33388c2755af361b591bfdaa4ea,0,16384,0.0,0.0,0.0,0.0,0.5,1.0,16384,0,0,0,
image_338.h5,685fcbcb9ff66b2fb529dcdb044975748b56f9a5ab85ae005ba012ec86a9b522,b18f9b09dca1731c2ea23516f99221420588d33388c2755af361b591bfdaa4ea,0,16384,0.0,0.0,0.0,0.0,0.5,1.0,16384,0,0,0,
image_339.h5,3c3fa784c8952f88168f1848fab96e3de986a0664ee2dd602f898216ac5116e7,4bf704b4abd41d4e51eca6a675a2c60ec109675ffe13d1420c4138ba377d38e6,0,16384,0.0,0.0,0.0,0.0,0.5,1.0,16384,0,0,0,
image_340.h5,847b7697495943037092803646d05401c7ec2bb01222ba3856874dc01c20ce58,65b2e1058d84e1c9eb2eff4d0ee2ca72e899e55fcf5199253a3fc0f7f1bda319,20,16384,0.0,0.0,0.0,0.0,0.4993896484375,0.998779296875,16364,0,20,0,0.0
image_341.h5,5b9ff335170890da4a3593d568316a735461ef2b10ce32969b9b63d30c230027,1f617ad32c3276783b93a98a017154297329f24429a1c28e75b2ddf03985ce71,210,16384,0.0,0.0,0.0,0.0,0.49359130859375,0.9871826171875,16174,0,210,0,0.0
image_342.h5,d245dfb8f204b12cb344ae0ff3684fb5243c72bbfb142c48cbbe46aec22beae6,0ac54de1812501a506e2b61a00e327226f60df57667bf2ca2351041521ffdd57,460,16384,0.6900584795321637,0.8166089965397924,0.8697788697788698,0.7695652173913043,0.8400697887367619,0.99029541015625,15871,53,106,354,0.6900584795321637
image_343.h5,bee72a539b29be558956747f82ba994b933fc7fd3f7a94b747bda93ed977492a,b18f9b09dca1731c2ea23516f99221420588d33388c2755af361b591bfdaa4ea,0,16384,0.0,0.0,0.0,0.0,0.5,1.0,16384,0,0,0,
image_344.h5,f2f31fb1868eeb3f38df06c2f28874da9e7c3327cfabbac4cd557c08f840a9fb,5e6564bece38ab30138c40a8f9ba3a1e32658502ad3ad5a7f9385dd3ae720633,285,16384,0.6261980830670927,0.7701375245579568,0.875,0.6877192982456141,0.8094852535424418,0.99285888671875,16071,28,89,196,0.6261980830670927
image_345.h5,a3aa28d1a7199c3b785f1b4355834ffae058335eb382510d2aad5904f43c4752,bc16b9ed16074daa51073033ade7dfc486827d428b6fca6e84868301927fc83b,43,16384,0.0,0.0,0.0,0.0,0.498687744140625,0.99737548828125,16341,0,43,0,0.0
image_346.h5,438513355788224978d6a0ab9487f019a4b7d172a4cd4116dcfcfeae7c2fa0a6,6500ded30236bf82fc67cc1ca8089c747b280d0e62a1fa6e8759764a88a6e9a3,0,16384,0.0,0.0,0.0,0.0,0.49993896484375,0.9998779296875,16382,2,0,0,
image_347.h5,c28adc350abfdb6aa75587c34aa6e954edb0895b46a484cf57ec4394da5a525c,d62d3918b3c9c2288fd14f5a5697ea1d1236dbec2198b2427c18b4fdb398a85e,91,16384,0.0,0.0,0.0,0.0,0.497222900390625,0.99444580078125,16293,0,91,0,0.0
image_348.h5,c16e53c62e6f6813979c648b70ddaf4631ee67c37f1933fba6dd392d05612d60,6500ded30236bf82fc67cc1ca8089c747b280d0e62a1fa6e8759764a88a6e9a3,0,16384,0.0,0.0,0.0,0.0,0.5,1.0,16384,0,0,0,
image_349.h5,3f5391c553da137f122b4538d72548e7320c02d8e1eb0eee97550ac173e395a8,efa70fac88c9df494bc9ede4ef97a88f8f42ee647497f35cd3eac8aff3ab46a4,189,16384,0.7233009708737864,0.8394366197183099,0.8975903614457831,0.7883597883597884,0.8598950188523536,0.99652099609375,16178,17,40,149,0.7233009708737864
image_350.h5,83f1902286a0252f90f97042a1b5192c91ce5ffee1e6fcb9dc42edd854825940,b18f9b09dca1731c2ea23516f99221420588d33388c2755af361b591bfdaa4ea,0,16384,0.0,0.0,0.0,0.0,0.5,1.0,16384,0,0,0,
image_351.h5,b0172ead1236dfea07bf5fe68a5c7eff69b88a785b2c0930b7499bf679286ddb,6dfcd23e6d55d6f8d5dbe16a166a897c16fceda8af3d4d8335265269a56a7625,54,16384,0.0,0.0,0.0,0.0,0.49835205078125,0.9967041015625,16330,0,54,0,0.0
image_352.h5,ab0adea47efe0e58d02cb1e293dc503a618221c6130f672948975f68e1fc8e4c,face3922862668ee8b96ddba9609f49135092acb55ad607a30bf352d7ede93b7,242,16384,0.0,0.0,0.0,0.0,0.49261474609375,0.9852294921875,16142,0,242,0,0.0
image_353.h5,ce4355fa7a6eb646cdf78b4b37f96faad91644423aff85d418c1511d785bdf86,d8205dec389e13022cb270f09270ecbd4eb00a1fc1af3a47befd8e03bb9c1efc,68,16384,0.19117647058823528,0.32098765432098764,1.0,0.19117647058823528,0.5939084356484027,0.99664306640625,16316,0,55,13,0.19117647058823528
image_354.h5,40c3f2770b41ea9c6c6ffe9999b053e3afff9adb601ea6251551fe533a41e07c,b18f9b09dca1731c2ea23516f99221420588d33388c2755af361b591bfdaa4ea,0,16384,0.0,0.0,0.0,0.0,0.5,1.0,16384,0,0,0,
image_355.h5,75e1f1a838d6fc7e80e745e461852ecfdfd04603b6503e20f82a225b69741d67,b18f9b09dca1731c2ea23516f99221420588d33388c2755af361b591bfdaa4ea,0,16384,0.0,0.0,0.0,0.0,0.5,1.0,16384,0,0,0,
image_356.h5,6f63f86555b063f287049d7ca54fbb1a79f0dd4dbf126c5888551c7f07aa8050,b18f9b09dca1731c2ea23516f99221420588d33388c2755af361b591bfdaa4ea,0,16384,0.0,0.0,0.0,0.0,0.49932861328125,0.9986572265625,16362,22,0,0,
image_357.h5,80a0d65c4d0f85b0695faead5fff96b24124130c7d3630e02388453305d1b894,a6e91048bdb32ec74e66c925968c1ac8921e76ffacc8515c9ff753fda890e961,18,16384,0.0,0.0,0.0,0.0,0.49945068359375,0.9989013671875,16366,0,18,0,0.0
image_358.h5,35cca0e2d2c9b29bff92aead788c7a360d28f1d33877a4dfcd996bbd91094911,c8bf0da9ff0267df786a744388288fe4efc43d6a6ca1fd6f1083dab44818e79a,83,16384,0.0,0.0,0.0,0.0,0.497467041015625,0.99493408203125,16301,0,83,0,0.0
image_359.h5,7b32309d35eb2c33ce2d54e743c1d9bb0b9e111b73128ab6bd19b9d81406f6bc,5f9dcfb849884beb68bf6214b9f7142c45e39f2a2e8c4598177c54d9b5166296,139,16384,0.46153846153846156,0.631578947368421,0.7222222222222222,0.5611510791366906,0.7279788468614667,0.99444580078125,16215,30,61,78,0.46153846153846156
image_360.h5,17fa18b3f45da4e5bb2bfaa27ac15eb9e5982be0b5a5c5d39c11a0922e6229a2,e89496b4b66baa31e15d8133c2a3ce52de809f535ce48c81b9985873078f2615,106,16384,0.44339622641509435,0.6143790849673203,1.0,0.44339622641509435,0.7198923961236272,0.99639892578125,16278,0,59,47,0.44339622641509435
image_361.h5,71d040e403da7d09a4ee79467778aa9c0259d49e7fc42497ca4a50640705736d,b18f9b09dca1731c2ea23516f99221420588d33388c2755af361b591bfdaa4ea,0,16384,0.0,0.0,0.0,0.0,0.5,1.0,16384,0,0,0,
image_362.h5,1e872333ad59573acdddcf1e54b4f91450d6cafc5197bf9b48ace02a98eb83a8,93dd2e313abe775e3e7b7bee3d2bf947507d6d6040609fe76ff8bc7f3d1b429c,4506,16384,0.6391223155929038,0.7798348048988892,0.6814335490293678,0.9114513981358189,0.7251162608346534,0.85845947265625,9958,1920,399,4107,0.6391223155929038
image_363.h5,e64f9ea3eff6c7df787156a5da787d33fb258de43332e50fee7cd4bbd67f759b,dfd08c293bc105e42093dfebdc903fa6d75ccc48e720fa7686b2d1f01135f83c,70,16384,0.16842105263157894,0.2882882882882883,0.3902439024390244,0.22857142857142856,0.5817972809589957,0.99517822265625,16289,25,54,16,0.16842105263157894
image_364.h5,5609a19420f89ee8f824b0cef5f76d9d757ac252f75f3c0d86beaf75320d247b,ab58fa2958d141ba9c9d756a44830403a224f4ce179504412e87ceb55f86c14f,772,16384,0.2381209503239741,0.38464893153074575,0.28994082840236685,0.5712435233160622,0.5748090795651735,0.91387939453125,14532,1080,331,441,0.2381209503239741
image_365.h5,a7764772422fa30694ae838cc843853007cfbe128770ad5df0b29b30f633a557,0cacfd099222d52184e7d5c733c80ef883c10678481bf5c1030a9382e906d690,247,16384,0.4003623188405797,0.5717981888745148,0.42015209125475284,0.8947368421052632,0.6899417236719758,0.97979736328125,15832,305,26,221,0.4003623188405797
image_366.h5,89b673187040133e37a08aee63ec18f0aba4ba6d67007ff3a6dc907e85865a99,d6397d4350c4ccf8eb0331af037c12d8b33ee92576bbe97b50c1205561d60755,303,16384,0.5364705882352941,0.6983154670750383,0.6514285714285715,0.7524752475247525,0.7621384879775134,0.98797607421875,15959,122,75,228,0.5364705882352941
image_367.h5,41bab6a274d4e61c705eb51daf1287d9df64ea860b11a10dbf180aff708ae89d,52575ecb8fde8ad269df1c7151ff675c7ccd6a8a70d1acf8d03eda8da2510aeb,245,16384,0.22924901185770752,0.3729903536977492,0.8787878787878788,0.23673469387755103,0.6086524368366082,0.98809814453125,16131,8,187,58,0.22924901185770752
image_368.h5,9108884d6f045c546b514366b4a18a2ced59372ae94897e58c13c25d0c06c174,b18f9b09dca1731c2ea23516f99221420588d33388c2755af361b591bfdaa4ea,0,16384,0.0,0.0,0.0,0.0,0.5,1.0,16384,0,0,0,
image_369.h5,c34af7e2d70ef36330d491da6c24387efa732e01c226f9efab5beea9138a71d9,b18f9b09dca1731c2ea23516f99221420588d33388c2755af361b591bfdaa4ea,0,16384,0.0,0.0,0.0,0.0,0.5,1.0,16384,0,0,0,
image_370.h5,96096a45e9cb3a33cf4238f6bb48c930563d2f1eba1e8e3117544b1dc192ce57,b18f9b09dca1731c2ea23516f99221420588d33388c2755af361b591bfdaa4ea,0,16384,0.0,0.0,0.0,0.0,0.5,1.0,16384,0,0,0,
image_371.h5,ba4fffabd0e7bade3ce2858665c52f399fba555bf331185a947a03dce49156b6,b18f9b09dca1731c2ea23516f99221420588d33388c2755af361b591bfdaa4ea,0,16384,0.0,0.0,0.0,0.0,0.5,1.0,16384,0,0,0,
image_372.h5,ae776dce2cf79c3002462e9e2242d3de7a23e1d943d2b2353e88328e325aa730,ee55daed5ece288f13f2ec6bf7bcce2115b75ed92e77ef845503ff0cb9da12fd,19,16384,0.0,0.0,0.0,0.0,0.4990234375,0.998046875,16352,13,19,0,0.0
image_373.h5,262e9beb038cae119842f3c7414426cba2b0bedcf98d97a72b83ce4e6e9cc015,41884c0203c0a9d133dd3377381c43d16e5bcad863d0a584c1087fccf34aa168,179,16384,0.12290502793296089,0.21890547263681592,1.0,0.12290502793296089,0.556654811974059,0.99041748046875,16205,0,157,22,0.12290502793296089
image_374.h5,c1d0896386a2e94a35ef832d511dc6acefec019a5d605f0463ebc7e7dc4d007f,b18f9b09dca1731c2ea23516f99221420588d33388c2755af361b591bfdaa4ea,0,16384,0.0,0.0,0.0,0.0,0.5,1.0,16384,0,0,0,
image_375.h5,36f457e7e2d029928d221fbd3d2da6a37ebac3a7ee1e527a76a70b954817825e,b18f9b09dca1731c2ea23516f99221420588d33388c2755af361b591bfdaa4ea,0,16384,0.0,0.0,0.0,0.0,0.499725341796875,0.99945068359375,16375,9,0,0,
image_376.h5,f05232af83a51ce2121bb642e7ff2ea4694e188db4b54cb9b63cf47c236caae5,1e58b5a0c27823336b60bc1d65d3d9e653f04b3385b125827816fc64d85b7318,164,16384,0.7,0.8235294117647058,0.952,0.725609756097561,0.8484322164156164,0.99688720703125,16214,6,45,119,0.7
image_377.h5,906229e7523239177861cc809a721358989c9802a4893f849fb4b3a413b21555,b18f9b09dca1731c2ea23516f99221420588d33388c2755af361b591bfdaa4ea,0,16384,0.0,0.0,0.0,0.0,0.5,1.0,16384,0,0,0,
image_378.h5,da0d651fbe6f5b16fb6765d0f51924cce161d68455d8d20b2e745be2c28fabcd,6500ded30236bf82fc67cc1ca8089c747b280d0e62a1fa6e8759764a88a6e9a3,0,16384,0.0,0.0,0.0,0.0,0.5,1.0,16384,0,0,0,
image_379.h5,5755a78179de2871b68f77e816d346384774228c21850385952f639adba1873c,d10b6ec97396700e475304c4efb292e3bcd66da82dc547d2b33d1092358ab170,640,16384,0.6657824933687002,0.7993630573248408,0.814935064935065,0.784375,0.8249577370508028,0.984619140625,15630,114,138,502,0.6657824933687002
image_380.h5,6923bb9833c66636f25a282f4ea9a7679e2754904c2cffcc314616c6652f0b88,c65f0da623f1d721c13f4f63c44df717125a2e8d53107474925e3030b745e643,20,16384,0.18518518518518517,0.3125,0.4166666666666667,0.25,0.5919210009203293,0.9986572265625,16357,7,15,5,0.18518518518518517
image_381.h5,63a206bc7365a8b72c2174db4b431ba42d97768527ebb8d81882e05ce41e530f,475ad268da1cc9ba3b47a2818dda4ca898a25e036b4b8049c6021780ed18c550,203,16384,0.5033557046979866,0.6696428571428571,0.6122448979591837,0.7389162561576355,0.7471195179890081,0.990966796875,16086,95,53,150,0.5033557046979866
image_382.h5,cb0c0a7ca2b59279704e08a675c048871c868f71d30ef65abe9df5aa549ba7ff,7564bd28dce877f8a93455668a3ca55eef09c1acd2119ab6d6145bfb2fd87b7a,147,16384,0.5822784810126582,0.736,0.8932038834951457,0.6258503401360545,0.7891137065019098,0.9959716796875,16226,11,55,92,0.5822784810126582
image_383.h5,75bfa1465233a24cd93a0a208baba6b645cbc765334fb6e623f2fc4e75dce0e0,6500ded30236bf82fc67cc1ca8089c747b280d0e62a1fa6e8759764a88a6e9a3,0,16384,0.0,0.0,0.0,0.0,0.5,1.0,16384,0,0,0,
image_384.h5,dae7305b834664146ccd276d1a81c50eb2eaaf77173bb4f74f4c690839401efb,3126bc60ee0e2418b58d37ed2632978b77ff350ce079bf606749f58baecdaef9,97,16384,0.42105263157894735,0.5925925925925926,0.5378151260504201,0.6597938144329897,0.7078302373581011,0.99462890625,16232,55,33,64,0.42105263157894735
image_385.h5,95648dadb8b8c58e0990058108f5f111cf6e9ddaff9f76524bc17e04b1a47826,6500ded30236bf82fc67cc1ca8089c747b280d0e62a1fa6e8759764a88a6e9a3,0,16384,0.0,0.0,0.0,0.0,0.5,1.0,16384,0,0,0,
image_386.h5,a49bce85b62f77767be725b7d7191c50a7744c6a4226dcf178c14abe82df5baa,b18f9b09dca1731c2ea23516f99221420588d33388c2755af361b591bfdaa4ea,0,16384,0.0,0.0,0.0,0.0,0.499786376953125,0.99957275390625,16377,7,0,0,
image_387.h5,ee86e3e31bd98536599d56bcce1206b1a62c35a53eadff5b3500c7e755952665,3b020944d20a921f2fc0c359c074030ff4923b99e4e64ce32eeb8477fbf313c7,95,16384,0.17894736842105263,0.30357142857142855,1.0,0.17894736842105263,0.5870908406839179,0.9952392578125,16289,0,78,17,0.17894736842105263
image_388.h5,6cacb560d882a25c8b59ea42cd233cda71e09e68af3f537b739c024b82b8d319,b18f9b09dca1731c2ea23516f99221420588d33388c2755af361b591bfdaa4ea,0,16384,0.0,0.0,0.0,0.0,0.5,1.0,16384,0,0,0,
image_389.h5,6311221f2e7f8344670ca0206f13e7ad3e14e350d07e7a067348d71580757ff0,b18f9b09dca1731c2ea23516f99221420588d33388c2755af361b591bfdaa4ea,0,16384,0.0,0.0,0.0,0.0,0.5,1.0,16384,0,0,0,
image_390.h5,7b244511a311a36d7cc32ddad57b982957a690ea420a78d6d070157550b78896,b18f9b09dca1731c2ea23516f99221420588d33388c2755af361b591bfdaa4ea,0,16384,0.0,0.0,0.0,0.0,0.5,1.0,16384,0,0,0,
image_391.h5,e32e172923f9e739fb64fc5bc02a752e43152a4d29939fe05504ed8b67684230,6500ded30236bf82fc67cc1ca8089c747b280d0e62a1fa6e8759764a88a6e9a3,0,16384,0.0,0.0,0.0,0.0,0.5,1.0,16384,0,0,0,
image_392.h5,c35efebf7a96f4fd049d6f6c416b91627fe82e929562540dfad7c6f0d3ebd24a,3254e0dd1dbe4a016d2edf2bdaf622ed7d46c60d61c7b226026e504f4cc8fb95,375,16384,0.5733558178752108,0.7288317256162915,0.6093189964157706,0.9066666666666666,0.7787933414980641,0.98455810546875,15791,218,35,340,0.5733558178752108
image_393.h5,4f6ec7389f40e957c428ce3aa90278708eaf23af6f73e2792444c2da8f742fbd,e91ed9c1cdbfbc663d65fb334a5e09bc969870644c1540345cd7e0685ba934ae,18,16384,0.0,0.0,0.0,0.0,0.49945068359375,0.9989013671875,16366,0,18,0,0.0
image_394.h5,3334d855979fbaa50a51162ed8022ae88e46bb24b9c8ea1e08554ece6162ac22,94744fec31988011a011075da2ff927305fb294ade680ff0a0f769aace38fdd2,34,16384,0.0,0.0,0.0,0.0,0.49896240234375,0.9979248046875,16350,0,34,0,0.0
image_395.h5,8ade3bdfbe1d07627ea8fdc122f8573e930b1a7f22ee0b7acf81dcb1e07ed53d,a53c87cf59f381e26bada079894a27fa800b698dd6fb7ce16197d212ae5f8635,1118,16384,0.029516994633273702,0.05734144222415291,1.0,0.029516994633273702,0.4815800984419503,0.93377685546875,15266,0,1085,33,0.029516994633273702
image_396.h5,e1182cc8403d979b1494dccd9848da9dae7be9272fb5ea379a9f518b723f107a,e0d04286f0500f56d44d12f836758015f618d7a5d0fb501c2141c19a881dbeb8,859,16384,0.5152091254752852,0.6800501882057717,0.7374149659863946,0.6309662398137369,0.7415081102695199,0.9688720703125,15332,193,317,542,0.5152091254752852
image_397.h5,3a4ecdfcf17010bfda2241e93edd8232bac62acf56ccbc643febf847d17e3581,b18f9b09dca1731c2ea23516f99221420588d33388c2755af361b591bfdaa4ea,0,16384,0.0,0.0,0.0,0.0,0.5,1.0,16384,0,0,0,
image_398.h5,9aac6f1f433b465bdd03df96692ce1ec2d5f446b3a65aa9cf800e761374968a9,27088838cf08ca36bca04678cff25163d869ba7216955ffc3cad46e349acf982,687,16384,0.8746397694524496,0.9331283627978478,0.988599348534202,0.883551673944687,0.9345627065554699,0.99468994140625,15690,7,80,607,0.8746397694524496
image_399.h5,de162547491f5335e4d8367cf2cf973316dda81c30626486464c914dfea3f7fc,ea03c3ba2c058a5a6b4068595f9d42f209b966077159fbc539e09f534d5094ff,436,16384,0.32685714285714285,0.4926787252368648,0.39448275862068966,0.6559633027522935,0.6451343733915482,0.96405029296875,15509,439,150,286,0.32685714285714285
image_400.h5,4047403d03ae6fb80dd7c2416c98370d1d5fc4cf0d47f9baee27c4a7b25b60d0,40fcb2ebcc6a7bb4fac74a493706857b515e90e92dcb082aa8fd9f3086d4a6ab,195,16384,0.30303030303030304,0.46511627906976744,0.5369127516778524,0.41025641025641024,0.6458723644690278,0.98876953125,16120,69,115,80,0.30303030303030304
image_401.h5,08f3a39796d0933c91a602e0f2033ed14eb6279d5c41d962d276b9193c775346,de85bf7a74ecc0d33ae5c558cf2da211de3a037776266f0c747f93f4eb829bbe,23,16384,0.0,0.0,0.0,0.0,0.499298095703125,0.99859619140625,16361,0,23,0,0.0
image_402.h5,e2f80a3f7244409fa280f530a49d61e95a38e2ec8e012ee06f405791d0ebfdf1,a2050b598ae59dfdb51fd48883ac30821d47e61a46ba65b249dfcf98680d7977,223,16384,0.597864768683274,0.7483296213808464,0.7433628318584071,0.7533632286995515,0.7954481712187953,0.99310302734375,16103,58,55,168,0.597864768683274
image_403.h5,cc025dc0126526d7b4f44b55cf0bcf70c0be10716f86bf5f759bbcf5ea81c9b2,d93ae328b646958db5dcac6694ecfc12bf6f08ad3adc2331b25890783e747c91,76,16384,0.328,0.4939759036144578,0.45555555555555555,0.5394736842105263,0.6614300923942973,0.994873046875,16259,49,35,41,0.328
image_404.h5,02a783015ab652b08d6e73efd53a433f44c8283a9c541a4fff5c9e96f94d8b74,975004f9742b4c8161cee59df13ed4dcf06481bacb2a24fe0161d56837d51d37,42,16384,0.14788732394366197,0.25766871165644173,0.14788732394366197,1.0,0.5665394274840082,0.9852294921875,16100,242,0,42,0.14788732394366197
image_405.h5,3fc3b4227aae1f1d771f2bd0a33d60b9717c2e0552b1589b79e47e88bd24f7de,fb01b621d3d34e68b1c18dbe1380650a40e7fd6732f76d239b11210421bf0475,35,16384,0.0,0.0,0.0,0.0,0.498931884765625,0.99786376953125,16349,0,35,0,0.0
image_406.h5,207163f01227e3d86fb9a03182cf474898bc175247572edda8dac087552fa71a,b18f9b09dca1731c2ea23516f99221420588d33388c2755af361b591bfdaa4ea,0,16384,0.0,0.0,0.0,0.0,0.5,1.0,16384,0,0,0,
image_407.h5,3d958c363a82fb9c60b2d39605d8ad5f28806efbc7eab2dd68dca22121b5c9d8,b18f9b09dca1731c2ea23516f99221420588d33388c2755af361b591bfdaa4ea,0,16384,0.0,0.0,0.0,0.0,0.5,1.0,16384,0,0,0,
image_408.h5,7b47574711c1c3c73a4ca848ce640660d24b58c3d912ee7b68b7647770e2873f,de2d1302591e3dc87caef0072991390137d740537d451de0613006ba397863b1,358,16384,0.3663157894736842,0.5362095531587057,0.5979381443298969,0.4860335195530726,0.6738735023864412,0.98162841796875,15909,117,184,174,0.3663157894736842
image_409.h5,b7a9127948672d37ecf06aedc952f8cae36f3bf5886f7e9b626fd6d166df2f8e,8d432e4a2e608dc679e37a25b1db35a77177a64ff611010621a5db5ade1c6985,35,16384,0.0,0.0,0.0,0.0,0.498931884765625,0.99786376953125,16349,0,35,0,0.0
image_410.h5,34ac649c9c522beb7eaf2e69f3a6fd2601583b600682d8e1eb8661c62d1e3ec1,2eca8ea2666b7ca7f9cd4bc0c1db96cb0f48c46f0261aaaa81af40d1ec087414,428,16384,0.4496951219512195,0.6203995793901157,0.5640535372848948,0.6892523364485982,0.7136287158018886,0.97796630859375,15728,228,133,295,0.4496951219512195
image_411.h5,206d5b6d5beeaaae2c1494155cec479c3f0fb210f2104ae666f8756f52a42f83,f2910681e988c7196cdafe41ea73a39987d507f2e6771772368802a887911d99,604,16384,0.6997319034852547,0.8233438485804416,0.786144578313253,0.8642384105960265,0.8428050514778436,0.986328125,15638,142,82,522,0.6997319034852547
image_412.h5,59bd42f2cc3920be209c74df7a4aa416ebd51face358fd4b2907745e8ece16f3,a66922ba935eca5b57563890cfd7daf67f530a8e44d38ac0f2af23dec3fb18e9,400,16384,0.5908141962421712,0.7427821522309711,0.7817679558011049,0.7075,0.7893205196476989,0.988037109375,15905,79,117,283,0.5908141962421712
image_413.h5,ac0c2535edb66aa4a864b8f192384b833188ee7bfb408cc2f69f89ec48c6f39a,979f13ab9bdf505c8404e3dc6e277fd22d06879e5048385abc010b90a755f8e5,13,16384,0.0,0.0,0.0,0.0,0.4964599609375,0.992919921875,16268,103,13,0,0.0
image_414.h5,369634015fbbc19bad892e095347a777e43fb2d5f028c34c12cea67bf2e80f47,8edb2a5ba3d427c5007e02779c0292deada595b9e5812e2ce94725e25ec53ce5,185,16384,0.4230769230769231,0.5945945945945946,0.7927927927927928,0.4756756756756757,0.7078565764132775,0.99267578125,16176,23,97,88,0.4230769230769231
image_415.h5,62ee0546cf6d5ade456c60a094b109b2d49380482edb71b250b9a71182b5ad6b,b18f9b09dca1731c2ea23516f99221420588d33388c2755af361b591bfdaa4ea,0,16384,0.0,0.0,0.0,0.0,0.5,1.0,16384,0,0,0,
image_416.h5,487743e0bb5e2b2469d934f879ee76e153eb5461d0bef5b4d488867dad100af0,a6eaf32c6943538f5f0c9f00f8f53173f573ff710bca3c049a75d55324c00626,336,16384,0.17763157894736842,0.3016759776536313,0.17880794701986755,0.9642857142857143,0.5421159140066855,0.908447265625,14560,1488,12,324,0.17763157894736842
image_417.h5,b60073bbafe2c2e0f13f555b9ae8c13df0bbfdbc6608393aa40c1ab479fe6759,52945724bcf14bade82f8faf3ef7b78d9a1828a555e65c624ca8aa1d124a215e,26,16384,0.0,0.0,0.0,0.0,0.49920654296875,0.9984130859375,16358,0,26,0,0.0
image_418.h5,127810d43407433cfc5539bf9448c912bb6107194e4cc3f5fa4a1fd0b823e429,6500ded30236bf82fc67cc1ca8089c747b280d0e62a1fa6e8759764a88a6e9a3,0,16384,0.0,0.0,0.0,0.0,0.5,1.0,16384,0,0,0,
image_419.h5,188103eaa8b3d46a30903c58dd60bdd913f61ec6b914b73c99caf572efa96cd1,6500ded30236bf82fc67cc1ca8089c747b280d0e62a1fa6e8759764a88a6e9a3,0,16384,0.0,0.0,0.0,0.0,0.498504638671875,0.99700927734375,16335,49,0,0,
image_420.h5,262626f828c3ab639f35e983d1a88911718916e4d560f92f72b54d5b42cef9f1,a7935eb200c7bcb7fd4b0f60d7dfc21db041a629ebd904739bfaaee034e0809c,225,16384,0.5771604938271605,0.7318982387475538,0.6538461538461539,0.8311111111111111,0.7843510686706958,0.99163818359375,16060,99,38,187,0.5771604938271605
image_421.h5,b88d8ff0ac751a4238063fced721b72a690d777f189556ca756b3c6d81624749,b18f9b09dca1731c2ea23516f99221420588d33388c2755af361b591bfdaa4ea,0,16384,0.0,0.0,0.0,0.0,0.5,1.0,16384,0,0,0,
image_422.h5,3e1e9ad4c18e6decfa620dd180091364ce7116e04091693579f3f3c3da81d475,afe7225798a14361ac4045419f6be9b0fa63e658474eac859d618aba0e3da36f,23,16384,0.12244897959183673,0.21818181818181817,0.1875,0.2608695652173913,0.5599117531980432,0.99737548828125,16335,26,17,6,0.12244897959183673
image_423.h5,752d5c36bced68d5f648bdf808a8c040fb43a591d9b6fb2a8305963aaba1790e,b18f9b09dca1731c2ea23516f99221420588d33388c2755af361b591bfdaa4ea,0,16384,0.0,0.0,0.0,0.0,0.499755859375,0.99951171875,16376,8,0,0,
image_424.h5,b9646d0214904f28439524f05616b42a4739e952eea1e713f4ebebb5946c6b4b,3f31d260b8936a67bc879037b94f2a7299fd85fd07683061147bb1e693d459d3,337,16384,0.5025906735751295,0.6689655172413793,0.5459662288930581,0.8635014836795252,0.7423473469783309,0.982421875,15805,242,46,291,0.5025906735751295
image_425.h5,48c053241ff0a8c8478b7ff9aa27d6b92f313078b87fdaa4cc4762d54c9acf77,b18f9b09dca1731c2ea23516f99221420588d33388c2755af361b591bfdaa4ea,0,16384,0.0,0.0,0.0,0.0,0.5,1.0,16384,0,0,0,
image_426.h5,0d3655c4fd76b07a352ddb40a068326081b318662043e1e0391e8371eb86cb05,1232f287fc318b6cb721af417f8b17d9cef6f2e33c728dbaa9cbc36f7d83286f,217,16384,0.5264705882352941,0.6897880539499036,0.5927152317880795,0.8248847926267281,0.7582676915258544,0.99017333984375,16044,123,38,179,0.5264705882352941
image_427.h5,ba04c3ea861e08348339bb98e7da87f95aa712b45ce72082b6501efe3ffea2e7,a9d2a43b9ce28e7e73da1c3c7beff4e34a4fdd5e8796e3b706960102a3c98f05,68,16384,0.0,0.0,0.0,0.0,0.49700927734375,0.9940185546875,16286,30,68,0,0.0
image_428.h5,d8dec6abc2fa8c916393a8f90dfef6a1d15a45e3b4be54ebda08c9e6ee87d9ef,4bf704b4abd41d4e51eca6a675a2c60ec109675ffe13d1420c4138ba377d38e6,0,16384,0.0,0.0,0.0,0.0,0.5,1.0,16384,0,0,0,
image_429.h5,e4197f0bdd812acc048cdaca01d9ad1ea02b57c5ee294ccf77f1759cb8c1639f,b445e6851db9f4aae0ff6f64388d90b3a187ca6fc06a80dfb90188bd18824e6d,360,16384,0.4896373056994819,0.6573913043478261,0.8790697674418605,0.525,0.7387365287373606,0.98797607421875,15998,26,171,189,0.4896373056994819
image_430.h5,7da0818b87bf82601e96cb51274f7c219f2be3072a2d94719ca336d1c4465a68,b18f9b09dca1731c2ea23516f99221420588d33388c2755af361b591bfdaa4ea,0,16384,0.0,0.0,0.0,0.0,0.5,1.0,16384,0,0,0,
image_431.h5,fc0de4fe62c8aa036886c22724de9535aeec93429d0f45fca7cc0748dea10270,4d32bcde3559d3d12cb35d4494bc86e92aad10c4716c78df11a4f65b69929bf2,62,16384,0.0,0.0,0.0,0.0,0.49810791015625,0.9962158203125,16322,0,62,0,0.0
image_432.h5,f6d698ee3a82877c7af0cc11f1fc92b7217fda24f93c78569b31dc4735a13250,f1eb880e701e2d39747598418b96d45bcd2001b49159bd43a4189b828d0d8f51,1254,16384,0.8986141502552881,0.9466000768344218,0.9132690882134915,0.9824561403508771,0.944720221906947,0.99151611328125,15013,117,22,1232,0.8986141502552881
image_433.h5,d0c1949926d9be3574a551ed372119154877cf0110a5f08da3bdefafac73366b,930f4545f4ce3d1ab14033d27803a96863b55cc9e3115a1a17fbf1ab79bfafaf,82,16384,0.0,0.0,0.0,0.0,0.49749755859375,0.9949951171875,16302,0,82,0,0.0
image_434.h5,684859b406f147e9f8fde0e35f7c1d2bccd4006f26d626c5c599d6553fd9c2b9,0d80a7ece8d49e9e66db65b80e808537b963b97e4ef6798d9606845499e33012,24,16384,0.11538461538461539,0.20689655172413793,0.6,0.125,0.5569902748493799,0.99859619140625,16358,2,21,3,0.11538461538461539
image_435.h5,9d99f390f7cf4fc80153cb68a359681e5c2cd51b400a806c3ae96fec7a2cec8b,37d94ba653369486e44253fca67184372bd2b753834ff2270e60c7ed01b86400,818,16384,0.604117181314331,0.7532082922013821,0.6316225165562914,0.9327628361858191,0.786054493608321,0.969482421875,15121,445,55,763,0.604117181314331
image_436.h5,ad665f07f631da32961c3eec5b93f9fa977b8b180f0dd3e9361904eadbf8fc79,b18f9b09dca1731c2ea23516f99221420588d33388c2755af361b591bfdaa4ea,0,16384,0.0,0.0,0.0,0.0,0.5,1.0,16384,0,0,0,
image_437.h5,cf4bad4b145673cb42c3c5e464089a59e90bb810c754083a649909cafc47eedf,b18f9b09dca1731c2ea23516f99221420588d33388c2755af361b591bfdaa4ea,0,16384,0.0,0.0,0.0,0.0,0.5,1.0,16384,0,0,0,
image_438.h5,cc02c8aa98bfabb5cead0d66f8a02c77e899fab50f3855cd37bd8ea041bbc18d,b18f9b09dca1731c2ea23516f99221420588d33388c2755af361b591bfdaa4ea,0,16384,0.0,0.0,0.0,0.0,0.5,1.0,16384,0,0,0,
image_439.h5,61beb442d04215b02fd87effb5d17a4e2be2c6796b830565785620c484ad9760,be1832a8d460b59957fa40b0e5dcf37befb4a5f8bee3569ef5e4319a0dde92cc,326,16384,0.39156626506024095,0.5627705627705628,0.43478260869565216,0.7975460122699386,0.6832552238226037,0.975341796875,15720,338,66,260,0.39156626506024095
image_440.h5,2593d6ca2306683756123f41ce216e8d45191e315a4da7ed1763d2b1f2735f2b,6563c280f855166cb8541e6efaf80b4ff8d5de92eee8841f96ca93702b3b4e21,352,16384,0.45734597156398105,0.6276422764227643,0.7338403041825095,0.5482954545454546,0.721601155752962,0.98602294921875,15962,70,159,193,0.45734597156398105
image_441.h5,4440aae0544083b2b72ddfceacfba5e9dbeac4a15ae5c7d518794fff63534e95,0c85a53202f04534e386f0d09b929dba8699df58c45b7d3afd5a5715a374962f,44,16384,0.0,0.0,0.0,0.0,0.4986572265625,0.997314453125,16340,0,44,0,0.0
image_442.h5,b85dc960cad0afd0cf7b49a96acaa172256aded1b6606aeb8513a01a5b04119f,b18f9b09dca1731c2ea23516f99221420588d33388c2755af361b591bfdaa4ea,0,16384,0.0,0.0,0.0,0.0,0.5,1.0,16384,0,0,0,
image_443.h5,693932150dc2afed6828551e896d0730192a4c1991ad1e28dbfc73a4f889f405,b18f9b09dca1731c2ea23516f99221420588d33388c2755af361b591bfdaa4ea,0,16384,0.0,0.0,0.0,0.0,0.5,1.0,16384,0,0,0,
image_444.h5,84f7f3630ef604105cd389078a25c653dc0d0c3078896621a2e1b87f1ffd433a,6500ded30236bf82fc67cc1ca8089c747b280d0e62a1fa6e8759764a88a6e9a3,0,16384,0.0,0.0,0.0,0.0,0.499603271484375,0.99920654296875,16371,13,0,0,
image_445.h5,499478df08a09128b866a879ee45f6d170d2984fa2c9a91a732e87aa69f768ac,b18f9b09dca1731c2ea23516f99221420588d33388c2755af361b591bfdaa4ea,0,16384,0.0,0.0,0.0,0.0,0.4967041015625,0.993408203125,16276,108,0,0,
image_446.h5,650798bf0d86d9b160a300f58b239570491bf4434779be0f757f96d8ef38d105,b18f9b09dca1731c2ea23516f99221420588d33388c2755af361b591bfdaa4ea,0,16384,0.0,0.0,0.0,0.0,0.5,1.0,16384,0,0,0,
image_447.h5,e5ea4b01b24b6fbafaf165595a8e9fa0f40af60bdf25dff0eb75a8a2e3abff4b,ea305eb10a219c259cb556de8a1e067109afc1d6d50d7ce31d63269102ccaf2f,96,16384,0.05825242718446602,0.11009174311926606,0.46153846153846156,0.0625,0.5261649240574913,0.99407958984375,16281,7,90,6,0.05825242718446602
image_448.h5,322f05b355926835e8d965c96772061582a7c4d549eefcd57d869ce204992d8d,b18f9b09dca1731c2ea23516f99221420588d33388c2755af361b591bfdaa4ea,0,16384,0.0,0.0,0.0,0.0,0.5,1.0,16384,0,0,0,
image_449.h5,2318af9b1c8e12d72a4492fac8838596835dfebca62cc7d818699534210d6a35,3d6d8afd0761c435b6b7d26d90d012f501c288e1d486dc51e359d4a5674a238e,82,16384,0.16296296296296298,0.2802547770700637,0.29333333333333333,0.2682926829268293,0.5780283583913948,0.99310302734375,16249,53,60,22,0.16296296296296298
image_450.h5,6ca908d4b9a55cc6ba7e3feb171c264955e9a3c83e7c87d6be88d52fbd25c1fa,c30dda1d957c282245b0ce5bb9bdf168b95d1dce3b4ccf0843f0adde35d47f92,263,16384,0.42492917847025496,0.5964214711729622,0.625,0.5703422053231939,0.706212279268391,0.98760986328125,16031,90,113,150,0.42492917847025496
image_451.h5,32a760236aee7c7cc2d631aa6330131263839cdb09d936f886a9e6cd7bebd401,6500ded30236bf82fc67cc1ca8089c747b280d0e62a1fa6e8759764a88a6e9a3,0,16384,0.0,0.0,0.0,0.0,0.5,1.0,16384,0,0,0,
image_452.h5,8ff2ce23dabf0cefdc27f0f6b39fe9f7c9c2253f05abc1420c8157fd1aa1d33d,b18f9b09dca1731c2ea23516f99221420588d33388c2755af361b591bfdaa4ea,0,16384,0.0,0.0,0.0,0.0,0.5,1.0,16384,0,0,0,
image_453.h5,356a155556198bd679fa97cf75205f031755983491d14fce8f0d373fb4169b84,71c20470f7c0c13ff313d5223c782d72b1c7f2d8c84e7f3bbda73aa43c1589bf,756,16384,0.5598130841121496,0.7177950868783702,0.656078860898138,0.7923280423280423,0.7649873149417257,0.97125244140625,15314,314,157,599,0.5598130841121496
image_454.h5,3a65a4c3f4e4e357d8047bcd50a8192587c1ef5b9d26b1f6d0d79e19cd2274bf,e2f1f64eafcf88e83515bc3ab60a074d2cf8c5e3a3bc04e6f6701d4254e77662,356,16384,0.5290322580645161,0.6919831223628692,0.5540540540540541,0.9213483146067416,0.755422955140878,0.982177734375,15764,264,28,328,0.5290322580645161
image_455.h5,aaf3f5267630bbfb09b60113fd6c5285b37f9d411541c626f5071156de56ff38,dbdb699a63016f7dbc9a30b5b036da539d6f8ea5643d302e13df370a4cf8840f,33,16384,0.0,0.0,0.0,0.0,0.497802734375,0.99560546875,16312,39,33,0,0.0
image_456.h5,7ba159faa2b73457a7889baf1967ed02eb9e1e9111ebb50ed31c5e492eb7fb87,4bf704b4abd41d4e51eca6a675a2c60ec109675ffe13d1420c4138ba377d38e6,0,16384,0.0,0.0,0.0,0.0,0.5,1.0,16384,0,0,0,
image_457.h5,a419617178c09bd465d5fbbc8693f0d46c0ac12f52e990d7bb006bb91f2182a6,8126aa98832645660f638cc6e6cc0dc592fa04610aa7d007b68fb35c330f3d2d,46,16384,0.13043478260869565,0.23076923076923078,1.0,0.13043478260869565,0.563996240980743,0.99755859375,16338,0,40,6,0.13043478260869565
image_458.h5,cb7e9e6842c10703cf01e4711161cabdc02f045fea33db81a365d61b20b8dd2d,d3b692cab43cdcc452d9750e57d8436bb279098a961e480178151e14760eb462,11,16384,0.0,0.0,0.0,0.0,0.496551513671875,0.99310302734375,16271,102,11,0,0.0
image_459.h5,af523011205ae0a79df1f09ec709290bba562075e373064f5b9cf12e9dd789b1,4bf704b4abd41d4e51eca6a675a2c60ec109675ffe13d1420c4138ba377d38e6,0,16384,0.0,0.0,0.0,0.0,0.5,1.0,16384,0,0,0,
image_460.h5,003302dac48ac7bda0c85cf08f8b2ab5f3df922ea7ddb8b8c3304c51f42fd3ef,5d3781d699b13623b88c36debfc532bc4605abb1337aec50f2c0e9f2d4cc9e88,11,16384,0.0,0.0,0.0,0.0,0.499664306640625,0.99932861328125,16373,0,11,0,0.0
image_461.h5,58052357b8c0a096539f9a5cee0e484e35e3d3b98fe8cb818a65055a33d06fce,b18f9b09dca1731c2ea23516f99221420588d33388c2755af361b591bfdaa4ea,0,16384,0.0,0.0,0.0,0.0,0.5,1.0,16384,0,0,0,
image_462.h5,4a6127adf29e978fc9f264a13e048372e2b46869bbeead0d4523005f55262afc,adf45e268b6714f031dda3b528a96a295adb1d192f89fa29a056c827e30b3619,1096,16384,0.6229965156794425,0.7677114641477029,0.7250608272506083,0.8156934306569343,0.7940353785627683,0.96697998046875,14949,339,202,894,0.6229965156794425
image_463.h5,b1b96e06b571d73c001dc277e7f7fcad7e611607920133ce05930b508a0cb685,b18f9b09dca1731c2ea23516f99221420588d33388c2755af361b591bfdaa4ea,0,16384,0.0,0.0,0.0,0.0,0.49951171875,0.9990234375,16368,16,0,0,
image_464.h5,551aa65d78c1f9ac8f71cc67a14c5bff4abf510f78858b63aa4574e7bb7b67f1,6500ded30236bf82fc67cc1ca8089c747b280d0e62a1fa6e8759764a88a6e9a3,0,16384,0.0,0.0,0.0,0.0,0.5,1.0,16384,0,0,0,
image_465.h5,069796bbc98a62e56bbbc179c02b820fc42cc3a4e93822d46efde2736b690d34,b18f9b09dca1731c2ea23516f99221420588d33388c2755af361b591bfdaa4ea,0,16384,0.0,0.0,0.0,0.0,0.5,1.0,16384,0,0,0,
image_466.h5,3b6141e0d9fb6d96df367629fe8866adffd79b2c9ce459557586f43461ae7884,b18f9b09dca1731c2ea23516f99221420588d33388c2755af361b591bfdaa4ea,0,16384,0.0,0.0,0.0,0.0,0.487060546875,0.97412109375,15960,424,0,0,
image_467.h5,f250117f57e84ec3ebf25f9845166857ac6a92820b55b52d15f6776719e7f19a,b18f9b09dca1731c2ea23516f99221420588d33388c2755af361b591bfdaa4ea,0,16384,0.0,0.0,0.0,0.0,0.5,1.0,16384,0,0,0,
image_468.h5,7442d75427d89c0ad835cdb8714e244aaee666b538a28107212c00fcda2b2b6e,8bc20da32d2b5c8dc90a30538cd9dc112eac4cef719f5de55a1f42bd9cee57d2,333,16384,0.774818401937046,0.8731241473396999,0.8,0.960960960960961,0.884514529653782,0.99432373046875,15971,80,13,320,0.774818401937046
image_469.h5,a0611778b128188be3754ae42b30240a86873413318711b98bbdc6b4d38ebb45,d9c776442f3c153a21e1b31e89a9bdb0d5f157ce4a95b1c09887037906e55463,145,16384,0.38073394495412843,0.5514950166112956,0.532051282051282,0.5724137931034483,0.6862261222224786,0.99176025390625,16166,73,62,83,0.38073394495412843
image_470.h5,ffca11855b7fcbe0f6cd872f4865f389994baf18403663fb9afdaba7583a7fca,d7a61601e22045125ebf98499f8152476eba13cd272eb72455a50b03b9f60d8f,42,16384,0.14285714285714285,0.25,1.0,0.14285714285714285,0.5703295361373271,0.997802734375,16342,0,36,6,0.14285714285714285
image_471.h5,052b394d5b3c12503d08aba97210422ce5a9daa932a5138f3ba6b748133200de,b024587826811c110406cf6dce11ac273b9e66da55795ca9cbd16bf2e3afa4c3,1168,16384,0.43201069995541685,0.6033623910336239,0.4740704500978474,0.8296232876712328,0.6746819636656747,0.9222412109375,14141,1075,199,969,0.43201069995541685
image_472.h5,b2b6de6559ed07d80cde168bf1695e030ce76031f29164abf45c92960dae42dc,4bf704b4abd41d4e51eca6a675a2c60ec109675ffe13d1420c4138ba377d38e6,0,16384,0.0,0.0,0.0,0.0,0.5,1.0,16384,0,0,0,
image_473.h5,eb78f06b32d06b6d1b5515c2b0a64fadda6c485a9643484589f9fb4980758b68,b18f9b09dca1731c2ea23516f99221420588d33388c2755af361b591bfdaa4ea,0,16384,0.0,0.0,0.0,0.0,0.5,1.0,16384,0,0,0,
image_474.h5,66db732b43b1285c6ac3716125f675a0f93220e66719fe1b543be9d5a3e557e9,809f8205e7dc43dd8df0f415eb1f2aef1f1d10cbb130f1120278dd06acbdf6f2,145,16384,0.2953929539295393,0.4560669456066946,0.32732732732732733,0.7517241379310344,0.639708765751252,0.984130859375,16015,224,36,109,0.2953929539295393
image_475.h5,fbdb5d775eedffad944f9550aa4e5c6f272caf343c340c0e9a2d71b9dd3e6cc0,1df92966853b6f458cfb8391b5f6232214e72b6f1a219cfdec51f4458793797b,33,16384,0.0,0.0,0.0,0.0,0.498992919921875,0.99798583984375,16351,0,33,0,0.0
image_476.h5,a184a5c62e36f21e6f1d377638346c5b428119f523fef23bf52d1e8b01689dbe,fb90e5cf87a9b9a6a59fbfb7843391849a0a9dfa0210870ac4d8ecaabeb0bdc3,42,16384,0.2222222222222222,0.36363636363636365,0.3157894736842105,0.42857142857142855,0.6091863891265088,0.99615478515625,16303,39,24,18,0.2222222222222222
image_477.h5,9a1d0b868dd8a2a24544046361ce2dad5dc2e50baeb492e3214f670ab6fa73ff,196ac5a76617a8667accf00bf3fc6f86bc4516ce014963f3f8bd9c2cb1625281,927,16384,0.6930846930846931,0.8187241854061497,0.7124600638977636,0.9622437971952535,0.8337938311795787,0.97589111328125,15097,360,35,892,0.6930846930846931
image_478.h5,bb35f4dfefc5c61d8dbcc762af605f0e91a5142e0c9df08faea2369f07c062d2,ac6440ad303bcf0ed5a9a8f8a3492d983d7a59a93d98a96cb7721fe4ddc44f82,231,16384,0.21518987341772153,0.3541666666666667,0.8947368421052632,0.22077922077922077,0.6019009429538862,0.9886474609375,16147,6,180,51,0.21518987341772153
image_479.h5,e3d2f0eefcdd27c5feeb35f6cbac1a952fd272cb0de426cea72c087bd335dfa0,b18f9b09dca1731c2ea23516f99221420588d33388c2755af361b591bfdaa4ea,0,16384,0.0,0.0,0.0,0.0,0.5,1.0,16384,0,0,0,
image_480.h5,65e064b447cc298d3bc67462f14f4869e071b2223f262e984f2b27b35abb496a,b18f9b09dca1731c2ea23516f99221420588d33388c2755af361b591bfdaa4ea,0,16384,0.0,0.0,0.0,0.0,0.5,1.0,16384,0,0,0,
image_481.h5,06c1e3626791f9063d59aa9dbb637d4ae8078d0b2c1ffb5936d6e1159b586d17,b18f9b09dca1731c2ea23516f99221420588d33388c2755af361b591bfdaa4ea,0,16384,0.0,0.0,0.0,0.0,0.499755859375,0.99951171875,16376,8,0,0,
image_482.h5,d2ef6d7ac404531fc652e2c6f905820c3011e890752101eb01224b93c6b070b1,b18f9b09dca1731c2ea23516f99221420588d33388c2755af361b591bfdaa4ea,0,16384,0.0,0.0,0.0,0.0,0.49896240234375,0.9979248046875,16350,34,0,0,
image_483.h5,abb843c3710fa84a40faede304b6a6f99fb0305d679f23e60b9f18c632076bc5,d1fac801bce40e0ecf62f29e266831185ca48406db5d69738bee61ad0c7f5779,99,16384,0.15151515151515152,0.2631578947368421,1.0,0.15151515151515152,0.5731917501115376,0.994873046875,16285,0,84,15,0.15151515151515152
image_484.h5,80412437adb74790ebcb9a1ac6cc8ca7b48f115509dba8148ea1f6d10a235b6a,b18f9b09dca1731c2ea23516f99221420588d33388c2755af361b591bfdaa4ea,0,16384,0.0,0.0,0.0,0.0,0.5,1.0,16384,0,0,0,
image_485.h5,74fd40e543f89d80ca29c13111a04bccc9d72d3e4eb45f9a3075f9ad9c927d5b,b18f9b09dca1731c2ea23516f99221420588d33388c2755af361b591bfdaa4ea,0,16384,0.0,0.0,0.0,0.0,0.499847412109375,0.99969482421875,16379,5,0,0,
image_486.h5,c7430ce6853030a558873f1fbaecac502fa7120daf330905b470c8f938b1e0f0,b18f9b09dca1731c2ea23516f99221420588d33388c2755af361b591bfdaa4ea,0,16384,0.0,0.0,0.0,0.0,0.5,1.0,16384,0,0,0,
image_487.h5,63594390b6edc5fe01e8abf92e7fd2643b20760c2eb6c4b65ed22f8622372cbc,b18f9b09dca1731c2ea23516f99221420588d33388c2755af361b591bfdaa4ea,0,16384,0.0,0.0,0.0,0.0,0.490753173828125,0.98150634765625,16081,303,0,0,
image_488.h5,c137a9fcad62457d6b931893d0283af88c7f5f66dc9b50acd11e3d322db3a06f,5c778a3dc99dede09b71422b4fe9905294ca2e10abf7a993bac12655f1180b01,56,16384,0.0,0.0,0.0,0.0,0.498291015625,0.99658203125,16328,0,56,0,0.0
image_489.h5,480a57109e03fab69b2b57991054c574c16db931ee925e380ce517a1ebe9ac4a,5c273b6ca5a0f8231342f62036cbd881906ee467582d93fce49c59c8e2e8c6ec,39,16384,0.0,0.0,0.0,0.0,0.498809814453125,0.99761962890625,16345,0,39,0,0.0
image_490.h5,3e9944e899cdaf180cdffdfe0163365c9f28313292728f6bf1208a4061c7f25f,b18f9b09dca1731c2ea23516f99221420588d33388c2755af361b591bfdaa4ea,0,16384,0.0,0.0,0.0,0.0,0.5,1.0,16384,0,0,0,
image_491.h5,c324960806b6165894b0603a3e1159485877a581d6eeeec725ed5faaab261d9c,e4636dea9c1c9d78dbc0644a4c3dddb974b215dd475680b61f4667619c591c11,6206,16384,0.7254762749970418,0.8408997394047456,0.7319723018147087,0.9879149210441508,0.7496005192404501,0.8583984375,7933,2245,75,6131,0.7254762749970418
image_492.h5,ba16734d01d155e83d989d5202b13443a3bba1779a5d8fe0f21bb0caa54219a8,b316cecc781ff1c6b65f769faf586255594668f4d65affa89eaa35be2637f5a8,101,16384,0.3689839572192513,0.5390625,0.44516129032258067,0.6831683168316832,0.6808756745949153,0.9927978515625,16197,86,32,69,0.3689839572192513
image_493.h5,ab373f46dfcb21c408f262f6a8c7d67a0657e7a1a7e2ca019a9f29c5901135c3,b18f9b09dca1731c2ea23516f99221420588d33388c2755af361b591bfdaa4ea,0,16384,0.0,0.0,0.0,0.0,0.5,1.0,16384,0,0,0,
image_494.h5,e1de7fe63245cc59281f360a5121bfb2b8ee29dd03f73dffd7a37baddde1e50f,c29e2967c581044cca767db3eb2e6f1d1aec2be9bdc74f6ab8515e2bbfe3dba8,245,16384,0.5973684210526315,0.7479406919275123,0.6270718232044199,0.926530612244898,0.793949420651958,0.99066162109375,16004,135,18,227,0.5973684210526315
image_495.h5,72efc3a2fb548baec902334cede29e11e9b76b168e381748f6c14efbe679ba22,4bf704b4abd41d4e51eca6a675a2c60ec109675ffe13d1420c4138ba377d38e6,0,16384,0.0,0.0,0.0,0.0,0.5,1.0,16384,0,0,0,
image_496.h5,e9ada76e39f07253b367957b98afb8f365ede0cd5ceb13d1fa7e1ea63cbdbe9c,27072c7d05e57e44fce9aeb20c05aee9fb20f331d2c44ff5b6a0b0f4058f5500,151,16384,0.4574468085106383,0.6277372262773723,0.6991869918699187,0.5695364238410596,0.7255941859463242,0.9937744140625,16196,37,65,86,0.4574468085106383
image_497.h5,86dcab9bbe0922ae5af1d4cab3edbb4c28ab9d81ebe70d9f960f2111d916a372,c43ae031bee4220a3da8dd06ee54b083adb8d3f893e5dad4d9f2d53e3f4a740c,1155,16384,0.6981505944517834,0.822248152469856,0.7464689265536724,0.9151515151515152,0.8341669655236669,0.97210693359375,14870,359,98,1057,0.6981505944517834
image_498.h5,1da64e516975f4cef699597adb36c5d604b05da52543ab1263c34483191c0a93,b18f9b09dca1731c2ea23516f99221420588d33388c2755af361b591bfdaa4ea,0,16384,0.0,0.0,0.0,0.0,0.5,1.0,16384,0,0,0,
image_499.h5,fd6c1c6bf5b24d12f30cb198adbd61886e0322cf4e9e3ae616fa0c68bfdf815b,4bf704b4abd41d4e51eca6a675a2c60ec109675ffe13d1420c4138ba377d38e6,0,16384,0.0,0.0,0.0,0.0,0.5,1.0,16384,0,0,0,
image_500.h5,185daf38be01ddb4d23e8ee95339bddedf6fbce1b6b4bdf6a651e060cc2acb9e,28586b2872f3c3055101ebdcdd06182f933681a67072dfd3e20b7e335d25c8f4,84,16384,0.3893805309734513,0.5605095541401274,0.6027397260273972,0.5238095238095238,0.6925788823777905,0.99578857421875,16271,29,40,44,0.3893805309734513
image_501.h5,0058e98752ac2e1e99742341ee6ddedcb41191efa8527ef426893e21d52dc206,f4b9be8adea4a64e0c27cf071f0870fb0361999a1457bfefe4b197523250a499,643,16384,0.5814376706096451,0.7353279631760644,0.5835616438356165,0.9937791601866252,0.7761110233010118,0.971923828125,15285,456,4,639,0.5814376706096451
image_502.h5,c5a4775349e4f23e837914e1377ec51eb0b825f2a258b8f1c263facbbea5cf23,b18f9b09dca1731c2ea23516f99221420588d33388c2755af361b591bfdaa4ea,0,16384,0.0,0.0,0.0,0.0,0.5,1.0,16384,0,0,0,
image_503.h5,9e7ddcc6094d595f3b1e00a1c45b4f7d14c8e7b6f30cce105c5d8adb5e2f8d53,0eff788808e48d0e10f2cd7ca396fe2fe93d556d7fbeee383a4f0519ded9bf1b,912,16384,0.14427480916030536,0.25216811207471646,0.3219761499148211,0.20723684210526316,0.5375279572198564,0.93157958984375,15074,398,723,189,0.14427480916030536
image_504.h5,f8615a8e19e3982f48e873f01bfc081cabad8ecc8a4e08fbf27dde8770fdd80a,2205c8f355c5632f5f3dc4126593cef81011ca8fc634d78f897a63b5b3707867,493,16384,0.0,0.0,0.0,0.0,0.484954833984375,0.96990966796875,15891,0,493,0,0.0
image_505.h5,e7db189be0cd1edbf1114d84b85b1ed750dcda86e6972472afa1fb3c74b33751,c38bebca8dcf3d0bb12b0f0d8c8a470619858a132fbf1791ebd242b8e3acfefa,2496,16384,0.486340900346287,0.6544136681335749,0.9246525237746891,0.5064102564102564,0.6990236247763181,0.91851806640625,13785,103,1232,1264,0.486340900346287
image_506.h5,2630eee5e2e88d5436be08fc7eefd098402186c25951638975511c41a360b063,241c21383140cbc7e160635ed936e46509945ef881224285936e9d9377f2efda,96,16384,0.7207207207207207,0.837696335078534,0.8421052631578947,0.8333333333333334,0.8594096734123722,0.99810791015625,16273,15,16,80,0.7207207207207207
image_507.h5,af8fe98003626981e98d03d722d72b28a0ba2a6b9a907dee610262ed99086760,3b921a548c6f664979a1cd4ae92e0a5a4d86a5e4e659f9c54f7553a6e75e7087,80,16384,0.5136986301369864,0.6787330316742082,0.5319148936170213,0.9375,0.7546726028237203,0.99566650390625,16238,66,5,75,0.5136986301369864
image_508.h5,7c8a5e5913f9c02e6b720c2d7b6c06c408377652203243005ac12483ae67db01,12983c6f2cf17d669ef41c88ddd438d1c267d2630105ddbafd2b1f3b1453f1ea,54,16384,0.0,0.0,0.0,0.0,0.49835205078125,0.9967041015625,16330,0,54,0,0.0
image_509.h5,f22ba72ca0ae8826d1e03a065b1e3f9b697f1e4e73cf892ac54d55b59de49da2,b18f9b09dca1731c2ea23516f99221420588d33388c2755af361b591bfdaa4ea,0,16384,0.0,0.0,0.0,0.0,0.5,1.0,16384,0,0,0,
image_510.h5,6a611d41252c07442346c6848acfc755e6095387d2e6369dfa00e55c6a482b9d,ee0c272975fe849b8d732298a0ebc212407b2df97908abdd342c1a4b5ee1cd37,362,16384,0.0,0.0,0.0,0.0,0.48895263671875,0.9779052734375,16022,0,362,0,0.0
image_511.h5,7d6a8496de3c7bb48d28fbdf333eda73c40dc28609f040d8df8a523b910e3eed,df025d99508accd0c696fbb4f318f5153aece1e84595cbb181237363c06bb6af,17,16384,0.0,0.0,0.0,0.0,0.499481201171875,0.99896240234375,16367,0,17,0,0.0
image_512.h5,f3d6d81f92a420f71f9132e0238083d3c9e135a7125daf9292cae9606774ba0f,b18f9b09dca1731c2ea23516f99221420588d33388c2755af361b591bfdaa4ea,0,16384,0.0,0.0,0.0,0.0,0.5,1.0,16384,0,0,0,
image_513.h5,4189353eba22b8d318f6290927ff4815892ec9a5243468ea422937ecae610036,b18f9b09dca1731c2ea23516f99221420588d33388c2755af361b591bfdaa4ea,0,16384,0.0,0.0,0.0,0.0,0.5,1.0,16384,0,0,0,
image_514.h5,91baebf5cdff7baa60d5876d124b1ff1f714699f4633752efbb402a433f40a92,39e8e9b910210016eabce55f0cbdd185d313899a264514c986d9e3e9c90776fe,18,16384,0.0,0.0,0.0,0.0,0.49945068359375,0.9989013671875,16366,0,18,0,0.0
image_515.h5,90acd702ba61d4d4544366cdf5e68b23a7a630195ce7d76dd69159846cc4a147,b18f9b09dca1731c2ea23516f99221420588d33388c2755af361b591bfdaa4ea,0,16384,0.0,0.0,0.0,0.0,0.49993896484375,0.9998779296875,16382,2,0,0,
image_516.h5,1eb57103f2521198d720bcbe2845dc1fca0835cce91e38d2f05763985d75b5ca,9a4166c917b375f1023db3b99cc6ab869d3bb01e016ab8712707d86e386ae923,330,16384,0.0,0.0,0.0,0.0,0.489227294921875,0.97845458984375,16031,23,330,0,0.0
image_517.h5,a00e8afa5245c70acbec4d88928e7ae0dca1225dc169e0791dce878a34907d68,1ca445dfcc5385ef60675ec39cb31ecd49a8a564b133a16982f5a82a27edd59c,48,16384,0.0,0.0,0.0,0.0,0.49853515625,0.9970703125,16336,0,48,0,0.0
image_518.h5,23c2602a1ec3decc551c1fb86f2a47aac2153ea9b2e6dccfcfe85dc0c8572ebd,ea5b3c124d293295872b577e289e952dbdaf3ee42eaa4af231ddb840219342ac,245,16384,0.6167664670658682,0.762962962962963,0.6983050847457627,0.8408163265306122,0.8044272439174069,0.9921875,16050,89,39,206,0.6167664670658682
image_519.h5,9a956909bc610d843d8b3b48e9ec32bd482574d765269c650f22ec1588b6e0f9,ef9226357abd192ded02be027c600e020d394eea521da1fac62b971e7e738384,128,16384,0.10426008968609865,0.18883248730964466,0.10851808634772463,0.7265625,0.5276073022244255,0.95123291015625,15492,764,35,93,0.10426008968609865
image_520.h5,1e9dcb252923e6143331d90b34d997f5e11e0f3d4fe82c2d44036a8c7f8184e0,2fa52aa61b6d5e059da504e52b845e2076bb58cd7d15bc613261826f86de23f3,138,16384,0.21308724832214765,0.35131396957123096,0.2170940170940171,0.9202898550724637,0.5921190685850143,0.97137451171875,15788,458,11,127,0.21308724832214765
image_521.h5,f200d698826eed16ea26d69bfa0f793871a8152ec40cb17cd90c6ffc57f25cd5,ba4a1235c6979033596ac672b91b7bd59fa661f7cf9a817ab626524db33194fa,462,16384,0.5242070116861436,0.687842278203724,0.6962305986696231,0.6796536796536796,0.7532360509581931,0.98260498046875,15785,137,148,314,0.5242070116861436
image_522.h5,f49a0731adad178999ee323a8c367c23d29a56b7e570442f2efff97316a7b0d2,1d9ed9e1b9c898a025ac4a94fa049b53a45b20317d3ca0f4b87de805ce3f2b30,217,16384,0.3196480938416422,0.48444444444444446,0.4678111587982833,0.5023041474654378,0.6526965507610669,0.98583984375,16043,124,108,109,0.3196480938416422
image_523.h5,96d66e50886fd8166ab8a5f25e5b9eb8bd4b575792b76986ddae06d21e992cf1,3c39bd80b254b098aefe03ba6d2f09c465365d9d9ff1dfcc45c490ebbeafc173,57,16384,0.0,0.0,0.0,0.0,0.498260498046875,0.99652099609375,16327,0,57,0,0.0
image_524.h5,ce72828757a2783e40946f6cd1ddb9cc00c9eaf845a316c7f37f40e99c312d12,b18f9b09dca1731c2ea23516f99221420588d33388c2755af361b591bfdaa4ea,0,16384,0.0,0.0,0.0,0.0,0.5,1.0,16384,0,0,0,
image_525.h5,29a664043ad7eb97d12ce2728ded5d972a443ea5d76b093cf9acee066d0b94fe,b18f9b09dca1731c2ea23516f99221420588d33388c2755af361b591bfdaa4ea,0,16384,0.0,0.0,0.0,0.0,0.5,1.0,16384,0,0,0,
image_526.h5,923fa874303347c2d67d0751294a696e1484cd8ade2ec72af261132c64172d90,2ee4db3800cf436af32fb45abcbc5f166405a2560d1d53d82535eefa69eacbb1,78,16384,0.041666666666666664,0.08,0.18181818181818182,0.05128205128205128,0.5180250305250306,0.994384765625,16288,18,74,4,0.041666666666666664
image_527.h5,1aceb47d3f2ade98d819bb878b1f1b6dd90000d648a77b411395baed360751cf,499b7444f79f49d1e9a1592844a259e48ec0afa37468a7e0becc4098b1fff726,217,16384,0.6321070234113713,0.7745901639344263,0.6974169741697417,0.8709677419354839,0.8126574017952195,0.9932861328125,16085,82,28,189,0.6321070234113713
image_528.h5,9a53f8058e8b765aac9aaf2ebe41bf1b7c206fd15ce6411a4145e2bcee499391,77398abbd495288c2ffc6632a2e84c402aaca64766d9f972da79f2e077bb27fc,663,16384,0.5401785714285714,0.7014492753623188,0.6750348675034867,0.7300150829562594,0.7571333108715184,0.974853515625,15488,233,179,484,0.5401785714285714
image_529.h5,c7940bec87a49364c9593c9427b2df3d7ff0d06faa04296e6d8315f0155fd474,b18f9b09dca1731c2ea23516f99221420588d33388c2755af361b591bfdaa4ea,0,16384,0.0,0.0,0.0,0.0,0.495269775390625,0.99053955078125,16229,155,0,0,
image_530.h5,2405ec76f1c63fc93d3ebea086f279c152d4518eb5460b22fcd103e039f5cd9f,7876a4f8672eecc2c8bed4bfdf0402221c9bf734431ee1b85817b6d37bbe060a,963,16384,0.6998313659359191,0.8234126984126984,0.7882241215574549,0.8618899273104881,0.8384716814249481,0.978271484375,15198,223,133,830,0.6998313659359191
image_531.h5,fa6b809904ee51cd78224ed5d054f4f09446c473ce42ff8ac77192a04c7fe8b0,0b95f62fad8cb9e471180aefef46fe54a023fa70b7f6153d8ef9fa6bcf4fae03,63,16384,0.08097165991902834,0.149812734082397,0.08492569002123142,0.6349206349206349,0.5265969410706253,0.9722900390625,15890,431,23,40,0.08097165991902834
image_532.h5,ab98018f5ded65104d195abb1b1c28b502543bcebea357239f47de72d4c29eb8,f2506efd64e216d86c53624e46aad3905663d38eae638e1da9864109b76779a9,68,16384,0.0,0.0,0.0,0.0,0.4979248046875,0.995849609375,16316,0,68,0,0.0
image_533.h5,e15b9d394fa91e50eac225e9847578403a4f45a804b99d5fa5c65a55bb8b8fef,b18f9b09dca1731c2ea23516f99221420588d33388c2755af361b591bfdaa4ea,0,16384,0.0,0.0,0.0,0.0,0.493743896484375,0.98748779296875,16179,205,0,0,
image_534.h5,ba663c7f0e4ed5a0877951c308646aa152e3a02aecb4ea47d6b531ce5a59211b,b18f9b09dca1731c2ea23516f99221420588d33388c2755af361b591bfdaa4ea,0,16384,0.0,0.0,0.0,0.0,0.498321533203125,0.99664306640625,16329,55,0,0,
image_535.h5,52d5752bbdb43ca697e8d2fc958448821561364a14c4e1f95206425de4b5a259,77d9c00372f2f2fd60631fab9b994210ba42d56628234728fe812899d786b4d7,236,16384,0.5843137254901961,0.7376237623762376,0.8869047619047619,0.6313559322033898,0.788892310851042,0.9935302734375,16129,19,87,149,0.5843137254901961
image_536.h5,fb004b28e384db8de7e4d4050dab6eb78e83263ed6921d57812d4a55cf618c10,9551f0e0333e3361058eb5ae970f6d2cf082630d4ebe4fd52b381755c3ac86cb,484,16384,0.7630597014925373,0.8656084656084656,0.8872017353579176,0.8450413223140496,0.8775548898698993,0.99224853515625,15848,52,75,409,0.7630597014925373
image_537.h5,1a19485fe44932933b396bac31316e0ce918a0d97bdfcb699565543220eddff7,2aa356c32cd30f6db46a4186da0c4c3035884a2493a4b6754416f6908c3ada59,550,16384,0.6397058823529411,0.7802690582959642,0.7699115044247787,0.7909090909090909,0.8121722088421549,0.98504638671875,15704,130,115,435,0.6397058823529411
image_538.h5,873320f2a3cc02504c6ddc8313bbcd8b48173509cea09e53cea35866a1ca252d,e8f61dfe49360858fb20ad5faf8ce0f831ff79426c8f452969f4708bd9cd7b0f,32,16384,0.0,0.0,0.0,0.0,0.4990234375,0.998046875,16352,0,32,0,0.0
image_539.h5,854c91c579e68216de8be3b33c69cf9e7696d14fb8909bb693e85aea7cb9cc69,6500ded30236bf82fc67cc1ca8089c747b280d0e62a1fa6e8759764a88a6e9a3,0,16384,0.0,0.0,0.0,0.0,0.498443603515625,0.99688720703125,16333,51,0,0,
image_540.h5,a855963358ebb38992717782cff7b88e30f2c9e17fd7e526e16d056d5b0e6b1f,4bf704b4abd41d4e51eca6a675a2c60ec109675ffe13d1420c4138ba377d38e6,0,16384,0.0,0.0,0.0,0.0,0.499847412109375,0.99969482421875,16379,5,0,0,
image_541.h5,8dac635d8c9ba8d24f4537c0c94b6cdcf734c481658dc35d2fc8f23e0ffb9ea8,b18f9b09dca1731c2ea23516f99221420588d33388c2755af361b591bfdaa4ea,0,16384,0.0,0.0,0.0,0.0,0.5,1.0,16384,0,0,0,
image_542.h5,961707240d025fd1baf3b527433ebdfb3d1ac172476913289ee636208b1a1bd6,34100b395b2c38fc223e28d697df376f4df587a5a56036854117a48be673c538,218,16384,0.6258278145695364,0.769857433808554,0.6923076923076923,0.8669724770642202,0.8094251761949256,0.99310302734375,16082,84,29,189,0.6258278145695364
image_543.h5,9200ef797ce95d45796c55dd7ab8af857f7a3c58a40cf6307cba08c0ffa0a190,99aafe4efe6c87f76cfe09af234467c0a7ec23b16e84eb9ccc0ab8ae2ca206e9,220,16384,0.08636363636363636,0.1589958158995816,1.0,0.08636363636363636,0.5370406632780602,0.98773193359375,16164,0,201,19,0.08636363636363636
image_544.h5,97e036ea3d1fc496ab86aabb055a4953a4d8c3c8207468333f1d3ab89c575877,b18f9b09dca1731c2ea23516f99221420588d33388c2755af361b591bfdaa4ea,0,16384,0.0,0.0,0.0,0.0,0.499237060546875,0.99847412109375,16359,25,0,0,
image_545.h5,b86c30a4cfdd8b19ccd1a891236c0feec56b2b98fc7527fea58c530fb6104d77,45dcbb8d1ad0a57ab673d4977dd26e307c76e7d3cbe6667d8fdd0429e2ec6c82,704,16384,0.5188067444876784,0.6831767719897524,0.8565310492505354,0.5681818181818182,0.7477980168884839,0.97735595703125,15613,67,304,400,0.5188067444876784
image_546.h5,3dc6d66dacded0a3573c3b3866b994a8e5a6da0961988e31338376a1556d039e,90ee15d1bfbe68c05d52455f58b296b00cb1eeaef505743369931606225f90e2,52,16384,0.0,0.0,0.0,0.0,0.4984130859375,0.996826171875,16332,0,52,0,0.0
image_547.h5,d7535eb331a9cb0068823dec6838278ffc4140439133758ab4a35f1ee4cb2218,86f47a54688674cfa7b31e6363416362a0e1909ddfd5719e4b21f1c12aa91ca7,273,16384,0.7151898734177216,0.8339483394833949,0.8401486988847584,0.8278388278388278,0.8548099385655262,0.9945068359375,16068,43,47,226,0.7151898734177216
image_548.h5,af572397f09a846001b3b76f0e58ffd52b7a4f5a58e9df21c36171fd43a887de,0e5b411084938f8c1c2bf99e4e72046aad8ca5b494cd0816ba5c03b30fc0366f,71,16384,0.0,0.0,0.0,0.0,0.495941162109375,0.99188232421875,16251,62,71,0,0.0
image_549.h5,f78e61d66425a161bcdc1a611d0e8b01fb20d54a42e099fdc45eedb5a347e229,b18f9b09dca1731c2ea23516f99221420588d33388c2755af361b591bfdaa4ea,0,16384,0.0,0.0,0.0,0.0,0.49755859375,0.9951171875,16304,80,0,0,
image_550.h5,01f6c58f2d91cee0b8e7187d77d419ba517b9ff1e5d58e443e80d9d45bc330ea,b18f9b09dca1731c2ea23516f99221420588d33388c2755af361b591bfdaa4ea,0,16384,0.0,0.0,0.0,0.0,0.5,1.0,16384,0,0,0,
image_551.h5,487f94f6055c574a4bd3a28650a61dd87b6798e1b123f293111ee64353282b3d,1d23925bf0ef0951e0c7cd1326bb36a1a2fa1958972ef3d44341ded765db268e,1099,16384,0.2413793103448276,0.3888888888888889,0.9888475836431226,0.24203821656050956,0.5947559164951586,0.948974609375,15282,3,833,266,0.2413793103448276
image_552.h5,fc143c2dcacf18758da92207e935c1670ecd8d5302b28e0e25e6b98dd38d5ed7,b18f9b09dca1731c2ea23516f99221420588d33388c2755af361b591bfdaa4ea,0,16384,0.0,0.0,0.0,0.0,0.5,1.0,16384,0,0,0,
image_553.h5,383134789db3059f057b9ecac4394ad7b91b570120a676e962f39019d7872537,b18f9b09dca1731c2ea23516f99221420588d33388c2755af361b591bfdaa4ea,0,16384,0.0,0.0,0.0,0.0,0.5,1.0,16384,0,0,0,
image_554.h5,06ddd8d0cec732c55b0b277ba80a0bd731c572df6f1a4974786424e781ea0b5e,9e44c6497a7a1aeb6a94198e4b3ad1767cf520d9c93292ddf6d576cf87b8db38,158,16384,0.38961038961038963,0.5607476635514018,0.4444444444444444,0.759493670886076,0.6890255587992922,0.988525390625,16076,150,38,120,0.38961038961038963
image_555.h5,28a904c5c5cd5402c7076f0944984da33b496e09d6a36a961835da97050c2d82,09341f63acac28605783c492af717471efc75b38f4f46170ec71cf2513c228c7,42,16384,0.0,0.0,0.0,0.0,0.49871826171875,0.9974365234375,16342,0,42,0,0.0
image_556.h5,3a935518e35387c221b4793b0687741b7243b249ffa1aa5165c3d12d990cc2a1,64040d92e4bd112b9aac74aff15b18a87062403e8a379e69caf848da87ec334a,748,16384,0.600263852242744,0.7502061005770816,0.978494623655914,0.6082887700534759,0.790620971259171,0.98150634765625,15626,10,293,455,0.600263852242744
image_557.h5,c91af9a698c5491250efe6bbb202508f7bcdb3418da6a085c9f2911820903bda,b18f9b09dca1731c2ea23516f99221420588d33388c2755af361b591bfdaa4ea,0,16384,0.0,0.0,0.0,0.0,0.5,1.0,16384,0,0,0,
image_558.h5,f94fb96b342ea950af382e24fdd206da599c7facacbc9f807b44c57e6cdb3479,b18f9b09dca1731c2ea23516f99221420588d33388c2755af361b591bfdaa4ea,0,16384,0.0,0.0,0.0,0.0,0.5,1.0,16384,0,0,0,
image_559.h5,90364f711c70d181ef31ae4cf0be9467d06e0039dfc4776390f67b9231286fdf,4d25c8a9889bf200a7808bcb3a6a2d182ed06067181b1cec0d1df6a9b7f8170b,154,16384,0.0,0.0,0.0,0.0,0.49530029296875,0.9906005859375,16230,0,154,0,0.0
image_560.h5,9ae644015d04a3016f58570f976ed854dede7c5b1e3a74693b8e27a6e0ee099c,b18f9b09dca1731c2ea23516f99221420588d33388c2755af361b591bfdaa4ea,0,16384,0.0,0.0,0.0,0.0,0.5,1.0,16384,0,0,0,
image_561.h5,6de5149c90d3ae0b0a1eea28ac031366bd5475025530a851d6652844a7cfaa92,0cd437a96dee8995a2094bf087b349bb6941c0025851d51867de2391d1c3ba09,26,16384,0.0,0.0,0.0,0.0,0.49560546875,0.9912109375,16240,118,26,0,0.0
image_562.h5,db11c96d2473f73315ab4e0158606212b47c752d6c46d905c2e3bf6367106369,84ffb941cb257aa0979908cafc5f801f4691a5b48a29c3c9d85f615f1147fbd1,487,16384,0.4809725158562368,0.6495360456816559,0.49781181619256015,0.9342915811088296,0.7250741165507564,0.97003173828125,15438,459,32,455,0.4809725158562368
image_563.h5,9adae4a940aa4af74e89f3c911a845d29be0cf41849ddf5e22143cfcb4e0953b,b18f9b09dca1731c2ea23516f99221420588d33388c2755af361b591bfdaa4ea,0,16384,0.0,0.0,0.0,0.0,0.5,1.0,16384,0,0,0,
image_564.h5,6200a0138798cd5ab370ebd098a35218099b0ed3a28bd3783424d3bada4ae567,9beb5a6930d7e4fa961d285354d6f24d7e3982a530583264822c8d4a3eac0326,442,16384,0.5941278065630398,0.7453954496208017,0.7151767151767152,0.7782805429864253,0.7897384668725423,0.98565673828125,15805,137,98,344,0.5941278065630398
image_565.h5,54846e0ff95060996c411209e4406fbfcc51b38f619e8f24735ccaea56f061a7,6b7bd8efed56ee3bf37f6dfce4e95f6d4078b552c367d2a4f51d0e47cdfb665d,703,16384,0.2735177865612648,0.42954686530105524,0.381057268722467,0.492176386913229,0.6081081887040019,0.94390869140625,15119,562,357,346,0.2735177865612648
image_566.h5,74f5026e541ddf59190e6817aa9e2721a822771616a0d6a51f73025e8a936647,6bfe7faa31574fefff4aa068b9b13e0acbd7ec42651e5f9d77d4feca48a15489,192,16384,0.20754716981132076,0.34375,0.6875,0.22916666666666666,0.5986328260317314,0.98974609375,16172,20,148,44,0.20754716981132076
image_567.h5,7f8f9d24d25d26f7e46d9cc65c0c03add3a31d69f006074f1c82aee0a0cb73ed,b18f9b09dca1731c2ea23516f99221420588d33388c2755af361b591bfdaa4ea,0,16384,0.0,0.0,0.0,0.0,0.5,1.0,16384,0,0,0,
image_568.h5,5f273f5d87f5a6648512cd79164ae94cd4d686a047921079d2627f38a90dc3a2,d8f4c3a86bcc2a386fb1cee375688a705fdbf8cde13fc5a0693e4bc0a16f3293,108,16384,0.6864406779661016,0.8140703517587939,0.8901098901098901,0.75,0.8420855785095183,0.99774169921875,16266,10,27,81,0.6864406779661016
image_569.h5,32ad492d9d97e97c90cd7ef70b1586e9dd1febad0ec224a45730ca9ec93085f4,b18f9b09dca1731c2ea23516f99221420588d33388c2755af361b591bfdaa4ea,0,16384,0.0,0.0,0.0,0.0,0.499542236328125,0.99908447265625,16369,15,0,0,
image_570.h5,ad8ede03233467fb8a49edca137e21f34780387c0aa66b65578f8f37fd1e4bf8,341b9d412c9395cd80e5cdad4ef13a048b9151273c5da5c84503449cc89fb396,85,16384,0.0,0.0,0.0,0.0,0.497406005859375,0.99481201171875,16299,0,85,0,0.0
image_571.h5,384fa9d651fdf01ac4cf3b6bee71f2ab2fb3b4caeb0b6feb7ab4d706a816d798,f248763786ea3225a6f52e199a09fceb18e3cca859c22c5db853953a2b4d4fbd,22,16384,0.03987730061349693,0.07669616519174041,0.04100946372239748,0.5909090909090909,0.5103790632320432,0.98089599609375,16058,304,9,13,0.03987730061349693
image_572.h5,ae11aece2f384cfca9007ea6f4cb0b1979a4ed748512f60f51478830ecc84f35,dff190735738bfce2e34141ff9a42eac0db684da37c8e725f4b60fbed1869bd8,170,16384,0.0,0.0,0.0,0.0,0.49481201171875,0.9896240234375,16214,0,170,0,0.0
image_573.h5,7cf37ce4e5cf4e54cfc3461d0c18755af22da867a755e9fa3c62869679483789,8edd005fa5d4758b58a43ade31e85a061046411ab30693bb6c80c9bd209d3cbd,634,16384,0.7476510067114094,0.8556067588325653,0.8338323353293413,0.8785488958990536,0.8678862855633246,0.988525390625,15639,111,77,557,0.7476510067114094
image_574.h5,e9aa21c884dc75db26c705ecf8c8c8170477c1238041be996753262b53ea8622,b18f9b09dca1731c2ea23516f99221420588d33388c2755af361b591bfdaa4ea,0,16384,0.0,0.0,0.0,0.0,0.5,1.0,16384,0,0,0,
image_575.h5,946856df873a4e93a1bc8aa3747fb3ff90793d435f72e458c816ebc614a8562d,1b24cacb742ff3e8833ffd22cc1e190f04fc09a701606688b46297403129202c,74,16384,0.18604651162790697,0.3137254901960784,0.3037974683544304,0.32432432432432434,0.5898142093591858,0.99359130859375,16255,55,50,24,0.18604651162790697
image_576.h5,ff47422313ba886ec798aa2560a4456c1eed6508790d50412d9b259bac7d6afa,8a4bbd92c388db9415d9c242fef7342504ce9ddabf0acd3581734c9f5306320d,161,16384,0.17791411042944785,0.3020833333333333,0.9354838709677419,0.18012422360248448,0.5848604486723822,0.9918212890625,16221,2,132,29,0.17791411042944785
image_577.h5,347b238e77786282d3c22cea9653175b20d53765be3c16de7c5540d8fd20d1b5,b2d1bb7c60e4ddb9afa8a6c9880be7ae6c97bcac3effa9d3f2ee4e63380a4ed2,60,16384,0.4,0.5714285714285714,0.6666666666666666,0.5,0.6986241898006604,0.99725341796875,16309,15,30,30,0.4
image_578.h5,6818465e7106f1821a82521e640599bc6d83a02f69e321f1f4a89c6ebd42c8f8,78b39d22c3a5c5c5b085f9af69ae1b24ddbb0074cd2b66ecc3c5cbff0fec1243,274,16384,0.4103852596314908,0.5819477434679335,0.43133802816901406,0.8941605839416058,0.6942873692667647,0.978515625,15787,323,29,245,0.4103852596314908
image_579.h5,b2b98b67a3b0a219a88add304c1d893a09bff6c3193300faf7a8f8a3c32eabae,4bf704b4abd41d4e51eca6a675a2c60ec109675ffe13d1420c4138ba377d38e6,0,16384,0.0,0.0,0.0,0.0,0.5,1.0,16384,0,0,0,
image_580.h5,3b3f5a4e6676a920b7df5560af98489d06ed601a07373cce0013339dd6cf1d1a,0b366c0924f954fbfa4197de32656acd88aab4febf7f467366457b6e91c94e14,222,16384,0.319672131147541,0.484472049689441,0.4482758620689655,0.527027027027027,0.6521825338838461,0.98480224609375,16018,144,105,117,0.319672131147541
image_581.h5,026e2a24708eab2477af2a40ebe3d402d1f3dbc50a4b56af78036998713bcf7b,b18f9b09dca1731c2ea23516f99221420588d33388c2755af361b591bfdaa4ea,0,16384,0.0,0.0,0.0,0.0,0.5,1.0,16384,0,0,0,
image_582.h5,800037e842056cdd78497f1ac9dd118a31f1f7d86c1760016b671e3ff8748452,7ea51ce741e1e88c355645dfc150b569aa92d6f75fd35de7f14b83d334aeb1b7,4,16384,0.0,0.0,0.0,0.0,0.4998779296875,0.999755859375,16380,0,4,0,0.0
image_583.h5,97a2a5ea3726bb6d7f95241467c7e1a01a58e723e530bde9efe0d27bca4a1aaf,b18f9b09dca1731c2ea23516f99221420588d33388c2755af361b591bfdaa4ea,0,16384,0.0,0.0,0.0,0.0,0.5,1.0,16384,0,0,0,
image_584.h5,e4810e3994d5319f5a61635f377ac0fec1b738af420d3f3efe86c7df1a62bf5f,4aff0c240383152dcaf592fe70f5ec4f0c533d0277dcf3a6c54ba300c7016462,514,16384,0.4542190305206463,0.6246913580246913,0.8547297297297297,0.49221789883268485,0.7176866648480734,0.9814453125,15827,43,261,253,0.4542190305206463
image_585.h5,0732f839ffbfc55d245b7313f6c1408717155fa1995e0953d55c8f62ebb53df9,b18f9b09dca1731c2ea23516f99221420588d33388c2755af361b591bfdaa4ea,0,16384,0.0,0.0,0.0,0.0,0.5,1.0,16384,0,0,0,
image_586.h5,95b1db579847ec16f5d545e3111a89c900a472c757a1132ecb1ee318d7b815dc,8e115dcd8afe01c7b309f3bf89d976c71e5b88c5701d7edac738d20f89f3e5a4,1032,16384,0.5916733386709367,0.7434607645875252,0.7730125523012552,0.7160852713178295,0.7795375322309621,0.9688720703125,15135,217,293,739,0.5916733386709367
image_587.h5,ebd91df2135ebf442f7c3fb2fb1935c90a195c8042ef96fbea7ff8c358172f20,b18f9b09dca1731c2ea23516f99221420588d33388c2755af361b591bfdaa4ea,0,16384,0.0,0.0,0.0,0.0,0.499725341796875,0.99945068359375,16375,9,0,0,
image_588.h5,28e2e439fdafc80bf8f8ef90fdda1f06707686abb05077781e8c2243ec8427d1,ecbf1fef5f8178ff3fc89f5225cf4c9a736199664db87777fd57b1c4f4c8307d,1100,16384,0.42312526183493926,0.5946423314689432,0.43970396168915976,0.9181818181818182,0.6667792303710927,0.91595458984375,13997,1287,90,1010,0.42312526183493926
image_589.h5,acdcb43dc6adefd50a356bf5ccbe651a7d61d46ce8b190ee11eb6fe6ed1aeb5d,b18f9b09dca1731c2ea23516f99221420588d33388c2755af361b591bfdaa4ea,0,16384,0.0,0.0,0.0,0.0,0.494964599609375,0.98992919921875,16219,165,0,0,
image_590.h5,40356c96af1901a2fbc13c4a8aaae5b69fbd1b3973ba3c8ccf551390b80380c6,4bf704b4abd41d4e51eca6a675a2c60ec109675ffe13d1420c4138ba377d38e6,0,16384,0.0,0.0,0.0,0.0,0.5,1.0,16384,0,0,0,
image_591.h5,9dc14df7992269b64c4ac5a95e55298fcec69fd3e586baff213a2be1d7fea6e5,a3e1b1b73779d23a6164eb91996b8b381488d5410e9737179c1e6e6d7d4ad82f,45,16384,0.04081632653061224,0.0784313725490196,0.3333333333333333,0.044444444444444446,0.5189736619834113,0.99713134765625,16335,4,43,2,0.04081632653061224
image_592.h5,08708c1503070e8b5e5279ffa9fee4f2f824130f49da8de51862eb53e797a254,9816e7a55821db90dce4a0b01bcffa17471c6c5cafc517d4e66147dc21654be4,332,16384,0.5850622406639004,0.7382198952879581,0.6527777777777778,0.8493975903614458,0.7863207116870614,0.98779296875,15902,150,50,282,0.5850622406639004
image_593.h5,4dfd41775b26159b4a7efb7d93f15bfe633ed40fd4231a86e72f5c2e8a826abe,2ac6bc6558705a08b399c25a8bd469cff3937127e4bc482c2b9e82e7600fab22,23,16384,0.0,0.0,0.0,0.0,0.499298095703125,0.99859619140625,16361,0,23,0,0.0
image_594.h5,ea51d09e7f637ba4d60ecdeaffba7ad16cef240fd5e8f565f2590821665469b9,8628bc72158f6216d63766e38bf1033e56fd2a8ec3e49b863ae4c2df087608a2,410,16384,0.3181818181818182,0.4827586206896552,0.3421588594704684,0.8195121951219512,0.636658207196592,0.9560546875,15328,646,74,336,0.3181818181818182
image_595.h5,cd0356ef9ed48591caf83244d959885320c3f4e03f4e797aed5d7a1504a8adc8,b18f9b09dca1731c2ea23516f99221420588d33388c2755af361b591bfdaa4ea,0,16384,0.0,0.0,0.0,0.0,0.5,1.0,16384,0,0,0,
image_596.h5,62fdcf5ba922061261f0a140ae4540c62c721efe60a9272eca9f46dfe59e8434,441a4397370d7e25db8a8a7743412a7dce914964f3f14e15290297789778e1f3,331,16384,0.431266846361186,0.6026365348399246,0.8,0.48338368580060426,0.7091307111490348,0.98712158203125,16013,40,171,160,0.431266846361186
image_597.h5,e2e25de6c4cf976e5f3d48c28a45675f108f02546fc265d2b20247d0f8d53446,162ecb6d1e459468eb86f1269021813a9d7a78fae1bb8b05d7d93c0efd2c18ad,139,16384,0.02877697841726619,0.055944055944055944,1.0,0.02877697841726619,0.510267610087754,0.99176025390625,16245,0,135,4,0.02877697841726619
image_598.h5,333ec27276bff3f80c4807d900700816347b528a6058a207456a0d3fb24fce15,a5e5349164036bf2acc8c75c68b2e2f7547b7095e12ba7d495631ca83117a6aa,1110,16384,0.336464560204953,0.5035143769968051,0.865934065934066,0.35495495495495494,0.6439358448304315,0.95257568359375,15213,61,716,394,0.336464560204953
image_599.h5,66ba5555cb75c191b5a648a16599d7682c2a09d7787145b665c0f95769b9cffd,687f54378fbd7feec8c2b7fbc3f077024cb4d615305db87dc1486664f0cedb3a,190,16384,0.2026578073089701,0.3370165745856354,0.20424107142857142,0.9631578947368421,0.579108053089705,0.9560546875,15481,713,7,183,0.2026578073089701
image_600.h5,743d09460bfd0af7f92caad15590d792060a9fa0106c278efe31b10167c3a93d,f5c065858f9050898f4cc2600527dae82020a73e5638f1bec6192248965a0f13,622,16384,0.7570789865871833,0.8617472434266328,0.9120287253141831,0.8167202572347267,0.8734059583981519,0.99005126953125,15713,49,114,508,0.7570789865871833
image_601.h5,05520d988056b8f3905d8778e6576cb826d4837cffb27e60a244bdb6c75a1254,e48ee65f9a99fd3bb9aa699a442bf96ca86c902d8edb385ed61683b9f05b25ad,91,16384,0.5071428571428571,0.6729857819905213,0.5916666666666667,0.7802197802197802,0.7514565508665306,0.99578857421875,16244,49,20,71,0.5071428571428571
image_602.h5,56190b4529f7af119e518619ed3c0bea9cf57b6c3eedef10ec649605e333452b,b9c94cd9aa726679787fe8b257ea31b46f2c6799645b9a7c97b5d24f7bb5bb3b,23,16384,0.0,0.0,0.0,0.0,0.499298095703125,0.99859619140625,16361,0,23,0,0.0
image_603.h5,5afb641f4c0e34aef4f50b52a5a1a6d63c8911875e9fb5564245b021acfae8d3,38bd1f7e533f86b28b3272b3d56c207038e681da8b637a0b243cfb89883b4f67,2806,16384,0.730399752091726,0.8441977077363897,0.8484521238300936,0.8399857448325018,0.8341882555995808,0.9468994140625,13157,421,449,2357,0.730399752091726
image_604.h5,ece921d4caec42f34a9e718f7cc3c2c913929dcc3ba2d5a30fba910e16c14958,6ac518297e468204a932da6c6890b1f0ed22b2d26fceb1d93ae3ddfdaed0d53c,494,16384,0.6926070038910506,0.8183908045977012,0.9468085106382979,0.7206477732793523,0.8413746274758472,0.9903564453125,15870,20,138,356,0.6926070038910506
image_605.h5,ee81925f98da01970acd8051504d86233b4968dff1a531c68efee3e1cf0d3e8b,e4fc1dc9b7361c3f3d0de9cff7412b424a6490fe878448b1c586db37288dae55,2444,16384,0.7563967753242201,0.861305128716823,0.8406700428515778,0.8829787234042553,0.8537712823619554,0.95758056640625,13531,409,286,2158,0.7563967753242201
image_606.h5,d90e9dfd6a9e92da2501d526b644f1ddd35b160e832d8ff37b833feddf74bdc4,b18f9b09dca1731c2ea23516f99221420588d33388c2755af361b591bfdaa4ea,0,16384,0.0,0.0,0.0,0.0,0.468994140625,0.93798828125,15368,1016,0,0,
image_607.h5,abf7f566d220e655bb2af8bfb6535e66aeabd5d8f34770243e344fe52702a3ca,d450eeaf759bb3e9df515061b7897f9b41294b12e799bd8da695094b751bb560,21,16384,0.0,0.0,0.0,0.0,0.495849609375,0.99169921875,16248,115,21,0,0.0
image_608.h5,8705584772b64e294c03610720530e11b6009f66641a4196ceca461d4b962a7d,4a34e0a5fed1f548578ef50365e348a8cf7337775c064dd79613196331fc41d9,197,16384,0.24456521739130435,0.3930131004366812,0.3448275862068966,0.45685279187817257,0.6137518611812297,0.9830322265625,16016,171,107,90,0.24456521739130435
image_609.h5,60a11b1d22c1e8af2723f180096cfe92b0909c3da425ec8a00bc390f7a70b4e9,846ada326889a68f94e62b10a70de698b81aba8fb5124262fa6773004a461c08,336,16384,0.3290094339622642,0.4951197870452529,0.3527180783817952,0.8303571428571429,0.6468393956523522,0.96527099609375,15536,512,57,279,0.3290094339622642
image_610.h5,362f11e43f6f54f105ce0d9e8aec0f3015f0556e94fc78ae1fdaf67086a6a74f,b18f9b09dca1731c2ea23516f99221420588d33388c2755af361b591bfdaa4ea,0,16384,0.0,0.0,0.0,0.0,0.499664306640625,0.99932861328125,16373,11,0,0,
image_611.h5,cc6d64346754fa8f594e2596807b8c0148fd3501248cc583369b37a0cd1ef467,b4b503bc98bfd73e9b65b48bcbba3479727fd7528e476af9e5948b92d0e44d0d,138,16384,0.0,0.0,0.0,0.0,0.49578857421875,0.9915771484375,16246,0,138,0,0.0
image_612.h5,94cc3151455ef1e3a92dfce17892d7942f274feea8286beb67bce8efa6f551e8,b18f9b09dca1731c2ea23516f99221420588d33388c2755af361b591bfdaa4ea,0,16384,0.0,0.0,0.0,0.0,0.5,1.0,16384,0,0,0,
image_613.h5,426e661ef8bc117ae6cf04838a244734963c322c4bc9ca57f4837093728dba3a,181d7e2ca75c35bc986798c79fe3e4992f01e72898a73624d429acd79b1b8a84,1332,16384,0.6119402985074627,0.7592592592592593,0.6177024482109228,0.984984984984985,0.7783692999968311,0.94921875,14240,812,20,1312,0.6119402985074627
image_614.h5,3cd1146e46a2f70008b53ae0a491adc89a85a833268bac826ee46076b9183f1d,7ecfb6082d4054b75e3054b63c615416d77a993d6c09b11c7feb7dbc8fef4d5a,1461,16384,0.8570544554455446,0.923025658113962,0.8993506493506493,0.94798083504449,0.9208267143552145,0.98590087890625,14768,155,76,1385,0.8570544554455446
image_615.h5,eceecd32d87179aeb4078be9f3c575fd8d4aa524537fbce2f2a5c1a99fae8ab8,c0d46cc92a117b26dc5a242ce65043cc99fdacc400ba032fb66eb1831367d9e0,753,16384,0.6051873198847262,0.7540394973070018,0.6862745098039216,0.8366533864541833,0.7895493537344159,0.97491455078125,15343,288,123,630,0.6051873198847262
image_616.h5,39572a470f89eda5cbc42d83d8d86336cf5d19e8f055fd835e70751e7df6081b,6500ded30236bf82fc67cc1ca8089c747b280d0e62a1fa6e8759764a88a6e9a3,0,16384,0.0,0.0,0.0,0.0,0.49591064453125,0.9918212890625,16250,134,0,0,
image_617.h5,49882c47ffc99bca728481a4158e3fa5a11ccdaf407b210ed071f4cc1ef80d1a,add26f5b0dfb7641af6f01070dab1041abd7f76416c1aaaff4e4e6f13b6003da,251,16384,0.5623003194888179,0.7198364008179959,0.7394957983193278,0.701195219123506,0.7769238517483577,0.99163818359375,16071,62,75,176,0.5623003194888179
image_618.h5,33957ab45a851183f8ef2505c1535568dfb5a26ed501b7f8e3484a9a26edb503,5da287758aed77b0358cf13b2787ca61eacc5b68147feb732285f70a034e6012,89,16384,0.29411764705882354,0.45454545454545453,0.35947712418300654,0.6179775280898876,0.6430169348650723,0.991943359375,16197,98,34,55,0.29411764705882354
image_619.h5,c8c5125457cdab64e1e721e0ea1a994879f20a51a0925cf31e817820a5404559,291be92073fd705cef0eae2b60a674195d660fe11a94478ec515854e132880d3,2978,16384,0.8023320377568017,0.8903265557609366,0.8224245873648264,0.9704499664204164,0.8747839231321433,0.95654296875,12782,624,88,2890,0.8023320377568017
image_620.h5,5da114c97b1ae629ad6fb00faa93de7a1634f5eedd02746576e50db15ff382d4,54b3c3c9926ec90e32db13f0a11168b1e4495f9bae2e36958bc78410eb02375e,57,16384,0.0,0.0,0.0,0.0,0.498260498046875,0.99652099609375,16327,0,57,0,0.0
image_621.h5,0bb999d1b3cef9319fad5c8eb9793a8919670d92562119d91ca07cd89b149ce0,683b0c7dfffbcc445f948a0e8ce11f4ae400ebff4ce9965db8fd613d9ddad4d4,18,16384,0.0,0.0,0.0,0.0,0.49945068359375,0.9989013671875,16366,0,18,0,0.0
image_622.h5,943c378e4dcf0d3bbce49e9ce50d9f01ce261331e325db88ff4115a2349f5f47,b18f9b09dca1731c2ea23516f99221420588d33388c2755af361b591bfdaa4ea,0,16384,0.0,0.0,0.0,0.0,0.5,1.0,16384,0,0,0,
image_623.h5,cff0eb52c0924143d9e8ed36e6f51a4debef7d26d4a060bcc31281a19bc5097a,b8d513e5d453619fdff48aa1c94d4fff33029b15e788b580610e791e8e4db3f9,369,16384,0.5302752293577981,0.6930455635491607,0.621505376344086,0.7831978319783198,0.7571848343123255,0.984375,15839,176,80,289,0.5302752293577981
image_624.h5,628785e9c014a7a87d1d9a477d167ccc968c23fc247b5004ab99897330b05051,c45546ec2eef3532d5247120ab0940592b5c7613af6fbb06b82d31523c6ec1e4,94,16384,0.0,0.0,0.0,0.0,0.4937744140625,0.987548828125,16180,110,94,0,0.0
image_625.h5,e51543742184be60c7a350e47da14b2f87f2c917d72444757e1d4f732010fc91,b18f9b09dca1731c2ea23516f99221420588d33388c2755af361b591bfdaa4ea,0,16384,0.0,0.0,0.0,0.0,0.5,1.0,16384,0,0,0,
image_626.h5,b3b99b864a5e23920688f80d9e929dc170150b8d30399b1f6b4082ff6b72518a,8240a560acbb8b595091226cfd65fa793e5d43937616bbf6dbdba92d4b081f8d,931,16384,0.6368876080691642,0.778169014084507,0.6592095451155854,0.949516648764769,0.8021857395184531,0.96923828125,14996,457,47,884,0.6368876080691642
image_627.h5,73cf86c22eae0f3351b99079cdb2ede7b53a7657af67398a87c8353c69a19ef1,b18f9b09dca1731c2ea23516f99221420588d33388c2755af361b591bfdaa4ea,0,16384,0.0,0.0,0.0,0.0,0.49932861328125,0.9986572265625,16362,22,0,0,
image_628.h5,535d8f362d60b96f027bdc3945e41aa1e12205d9726319e63846b0ffc8cb56fc,7f4c2682888e1468f920c0b3e5edeca65bcb0ba19554390daa0543de78123594,176,16384,0.3312883435582822,0.4976958525345622,0.4186046511627907,0.6136363636363636,0.6589471946348796,0.9866943359375,16058,150,68,108,0.3312883435582822
image_629.h5,f4297ea9520ff8f469161500c5d407314bb253351ab9fb9d4b4c14974b6fe9c8,c63045c79a2910a7eca73b1fbe2a28ead0960a8170d7a624bef81987667ed378,617,16384,0.6211562115621156,0.7663125948406677,0.7203994293865906,0.8184764991896273,0.8008797620566419,0.981201171875,15571,196,112,505,0.6211562115621156
image_630.h5,53c932cd37080dc94f72edf54099669706e59bf3ae7ed8f18eced44486aea4f7,b18f9b09dca1731c2ea23516f99221420588d33388c2755af361b591bfdaa4ea,0,16384,0.0,0.0,0.0,0.0,0.5,1.0,16384,0,0,0,
image_631.h5,68bd04bc915648bba95aed25bde7fccea3a70e657dae73fdeffaf4ef7eb8b310,50a35738418560a973c60d10fcf59455a280c20eb5c73d36371e7f8bc5566afa,23,16384,0.0,0.0,0.0,0.0,0.499298095703125,0.99859619140625,16361,0,23,0,0.0
image_632.h5,1be3dc5d6e82915cb933df69a8bfe4ef3b6f248c8382d86e63c4b4ad72c16bdc,9452dd6cac56967b0742a34e594a1a3439e5a06d9d7ed7513476ec5c975e01b5,62,16384,0.6081081081081081,0.7563025210084033,0.7894736842105263,0.7258064516129032,0.8031666068418624,0.99822998046875,16310,12,17,45,0.6081081081081081
image_633.h5,1f7d4afd96073f71911e79399bc177d5471dfa9679e3fa2b7c72e5a5f6d1e363,fcc09ed4e3b5727bcdde3b672b5740d65f782065c98777f7fe247a77634c8e5a,73,16384,0.4520547945205479,0.6226415094339622,1.0,0.4520547945205479,0.7248042304814837,0.99755859375,16311,0,40,33,0.4520547945205479
image_634.h5,ae8f576aff8eb4c727ce3275f3ae1b118c96c6f66e29b12a345d039828309e04,b18f9b09dca1731c2ea23516f99221420588d33388c2755af361b591bfdaa4ea,0,16384,0.0,0.0,0.0,0.0,0.5,1.0,16384,0,0,0,
image_635.h5,7ac7e7c67ba52881a9013c0ad2d783772e4a9a710153d12e74861a66b3d689da,b18f9b09dca1731c2ea23516f99221420588d33388c2755af361b591bfdaa4ea,0,16384,0.0,0.0,0.0,0.0,0.5,1.0,16384,0,0,0,
image_636.h5,5ea22a25287473a4a4880a4b14060bd5da80da4ed9b540b9c0ce147d153ed4b6,84779f65f92ff0c5d97e424de26dbf493f4536b667a767a18bcb982afaa0dd65,614,16384,0.8006182380216383,0.8892703862660944,0.9401088929219601,0.8436482084690554,0.8962438221496065,0.99212646484375,15737,33,96,518,0.8006182380216383
image_637.h5,5e041c75f292ac2c371634106f54ffd3ff0b960ba4be3c54f75042e9fbd6607f,0e9bc466684b32b30e4626e01fd03d4edde3507fb7876dc4809b7159e483ede9,115,16384,0.1565217391304348,0.2706766917293233,1.0,0.1565217391304348,0.5752974087317823,0.99407958984375,16269,0,97,18,0.1565217391304348
image_638.h5,91f5d2920d351f55c2fd9ed994fe5d98bc5c139e43fe81f75ffe2f8eb2903a54,6ff6589d68a56bff932da4a90f01b5243fb7b7f9e2ca8575a8c3b91daba0637e,62,16384,0.06451612903225806,0.12121212121212122,1.0,0.06451612903225806,0.5304876127456772,0.9964599609375,16322,0,58,4,0.06451612903225806
image_639.h5,e98f7a0b862ca46f4fa596b9bb9c37d4df60ed8f5f1139fbd5687bc4a950a632,85185da14618a43ddbd8a5e9e05a14d01502966a0c565629bb1fce94a80a2488,1102,16384,0.6963717377466582,0.8210131332082552,0.6999360204734485,0.9927404718693285,0.8325874385266974,0.97088623046875,14813,469,8,1094,0.6963717377466582
image_640.h5,0cdaa771fa2ef1ba7570fbf66931e3e8b411a81f9d5b4105d6178ea850f4cb2d,8fe1dfae9a51e5ba205d3e7e2fe76ef5e20356d71819c3188043faf70b6d2934,68,16384,0.14492753623188406,0.25316455696202533,0.9090909090909091,0.14705882352941177,0.570662131374767,0.99639892578125,16315,1,58,10,0.14492753623188406
image_641.h5,45d2c47e03056e22fd35da65d5771d48a47c9017647407c0acbcbafc5fc389d1,b8c4572c7c514aa923b5f981d2b32e71a1ad34fb71ef2eb849bde0e71169244c,294,16384,0.6306306306306306,0.7734806629834254,0.8433734939759037,0.7142857142857143,0.8115129164034816,0.99249267578125,16051,39,84,210,0.6306306306306306
image_642.h5,119bc42a56277ff4939ef1962bc51df6a7a993a44dbb3216d6d7322fd4fa1195,d9d557f7a6ed3e5b61d149d8b53814db7463650b4198dceccb8bcb815f253731,14475,16384,0.0008290155440414508,0.0016566576931041624,1.0,0.0008290155440414508,0.05871526516268772,0.11724853515625,1909,0,14463,12,0.0008290155440414508
image_643.h5,dbdffe9581293399c2914aa50b94a5e64c36fbbba5f1de7b92ba3e84f92bd81d,6500ded30236bf82fc67cc1ca8089c747b280d0e62a1fa6e8759764a88a6e9a3,0,16384,0.0,0.0,0.0,0.0,0.5,1.0,16384,0,0,0,
image_644.h5,4dfdefde56b3e7c38796352cb71cef2ba28515905d6300b096863f4baa80d540,6500ded30236bf82fc67cc1ca8089c747b280d0e62a1fa6e8759764a88a6e9a3,0,16384,0.0,0.0,0.0,0.0,0.49945068359375,0.9989013671875,16366,18,0,0,
image_645.h5,2c4dceb1fdf974239e9a23c561104308c1c9b760d29317614540a2f0e95122a9,cb20180d0512a2cbbb4d4f1eb1c5e181d35f7167b3bca0963a8aa7afd0bd068a,525,16384,0.4522144522144522,0.622792937399679,0.5381414701803051,0.7390476190476191,0.7114160533140278,0.9713134765625,15526,333,137,388,0.4522144522144522
image_646.h5,f4c79bd46d7938fff0846de75280655b3f859369f7f211087e1732829e55f7ae,b202c16074d3c096f94d30ac8027531b71c0c2d37f730cc6844c6a93ab323a96,1409,16384,0.5511221945137157,0.7106109324758842,0.8192771084337349,0.6273953158268275,0.752335290805245,0.9560546875,14780,195,525,884,0.5511221945137157
image_647.h5,5fa043f6d80df647be0079cbb71dfc67030550b2b4324a28329145bb757c71e3,e31b2edcd66aebf539170c39de4064e54e429b4e948f1ca28827def75264de22,15,16384,0.0,0.0,0.0,0.0,0.499542236328125,0.99908447265625,16369,0,15,0,0.0
image_648.h5,98e1707429fb38c33202525b0aa0ea2288440e04e7156436f5a39778cf510115,b18f9b09dca1731c2ea23516f99221420588d33388c2755af361b591bfdaa4ea,0,16384,0.0,0.0,0.0,0.0,0.5,1.0,16384,0,0,0,
image_649.h5,cafd7fac685d9330e64c29cb7604b7271490e5b385bf7c105c18d2cf50b743b9,c3e8603a879ee1751a68e2b23d54ed28b492001d5fa0f26b9afe07e32ea17436,21,16384,0.0,0.0,0.0,0.0,0.499359130859375,0.99871826171875,16363,0,21,0,0.0
image_650.h5,5a44a1c1455d9d5999fe2ab25af1d25fe3b73706511502640fbfea17002d0a96,b18f9b09dca1731c2ea23516f99221420588d33388c2755af361b591bfdaa4ea,0,16384,0.0,0.0,0.0,0.0,0.4962158203125,0.992431640625,16260,124,0,0,
image_651.h5,efe594b4ec105313bed77106f277219b3119c197d57694d4b7f5a18a248f2c1c,b18f9b09dca1731c2ea23516f99221420588d33388c2755af361b591bfdaa4ea,0,16384,0.0,0.0,0.0,0.0,0.5,1.0,16384,0,0,0,
image_652.h5,6a1c16509fc07c8b0bf4cf3fcc2cdda944cf856a29e40a39b09e5a4839062f14,5e83edd650314cd7a84c5df23d1b90cedb5aac9a65cbc4c9ede820ccbbc6f25e,501,16384,0.6207906295754027,0.7660343270099368,0.6996699669966997,0.846307385229541,0.8022812796999821,0.98419189453125,15701,182,77,424,0.6207906295754027
image_653.h5,6170bee45172d385921f0f2fbfea8639ec0b7ac7b5ab2b7ea9b4b6daba414da1,b18f9b09dca1731c2ea23516f99221420588d33388c2755af361b591bfdaa4ea,0,16384,0.0,0.0,0.0,0.0,0.5,1.0,16384,0,0,0,
image_654.h5,06c8946e3b18a9b8f5742dca90703ec2c332bfad8288b00b569d94ff529caeed,9d4b03879ff953852537ca147f0e4e12b9a43a42ddea3cc54cc51b14bbc6bf01,204,16384,0.4325581395348837,0.6038961038961039,0.8942307692307693,0.45588235294117646,0.712534671019667,0.9925537109375,16169,11,111,93,0.4325581395348837
image_655.h5,527eec7d6abe3514fa91adb73975ca8b976894ad6d68c56b3d7ff930e006f15d,5e2995189fb160699393795a121777d3379feb4bb06ddeb9a8db93f330a78665,160,16384,0.56,0.717948717948718,0.7368421052631579,0.7,0.7772959685349066,0.99462890625,16184,40,48,112,0.56
image_656.h5,ae172983aae84fbc44a3b917fad63d0b8b9c1d71e3f34ac02bfe224cb5650816,ccb0a08fce65739c45f21a3dc400a11da718eee4f3d4a03b9dcfe6e5a4b7dff4,95,16384,0.48031496062992124,0.648936170212766,0.6559139784946236,0.6421052631578947,0.7381357931251058,0.9959716796875,16257,32,34,61,0.48031496062992124
image_657.h5,7398f74089f24a02c89831f65dee3fed13699f8678b425bb418fe62d2953b166,4bf704b4abd41d4e51eca6a675a2c60ec109675ffe13d1420c4138ba377d38e6,0,16384,0.0,0.0,0.0,0.0,0.5,1.0,16384,0,0,0,
image_658.h5,c33844e0e5bfbb85435e06d8b7de3281640f524e74271e5964376513b63b025f,a644d45af0c3b72609e5301159314a64a9b5810a0ea78e98db8d8a3bd138594d,216,16384,0.11058451816745656,0.19914651493598862,0.1109350237717908,0.9722222222222222,0.5030788301236689,0.89691162109375,14485,1683,6,210,0.11058451816745656
image_659.h5,c6d9406f8b8cedb0c987c6eadc764f5623e1528b75306dd118add6120a115b3f,b18f9b09dca1731c2ea23516f99221420588d33388c2755af361b591bfdaa4ea,0,16384,0.0,0.0,0.0,0.0,0.5,1.0,16384,0,0,0,
image_660.h5,94534479b496e3d88774f6b9efc464c7f28a6c8ddd1bb51558f41ec508db05ae,017475be155722989decb31df57addf310c4c8654a1634fa98fc0e1a2750e89f,327,16384,0.405982905982906,0.5775075987841946,0.5740181268882175,0.581039755351682,0.6944080270312207,0.9830322265625,15916,141,137,190,0.405982905982906
image_661.h5,feee907e8f97582839369d34e72a255df56fbbc0a16cd916beec377b171ec040,6500ded30236bf82fc67cc1ca8089c747b280d0e62a1fa6e8759764a88a6e9a3,0,16384,0.0,0.0,0.0,0.0,0.5,1.0,16384,0,0,0,
image_662.h5,4988e512c5a568d0754cc7e9da70f455471e31ff800507d28810b4a80bfda811,25e835454accf4226997409f49608ebde4b1cb88df2ecd8a779fdadc1294f756,200,16384,0.5017301038062284,0.6682027649769585,0.6196581196581197,0.725,0.7464312813507403,0.9912109375,16095,89,55,145,0.5017301038062284
image_663.h5,352e83d8abf636803e2254bf34773025254df90635f3c6321c68c8bc3a75ed5f,ae71ac838316cad91449c7e0e22041f2330e4066eab0643e163458e6ab9fd18e,111,16384,0.18885448916408668,0.3177083333333333,0.22344322344322345,0.5495495495495496,0.5864017590708015,0.9840087890625,16061,212,50,61,0.18885448916408668
image_664.h5,421d449f284284f5d6e0bfc7308c016cfef0c6505d108aacc8df302bc142ab7c,94df6511675ecedbc796c066a3fbfece989736593de5e0dacd7a85c50a93dc53,915,16384,0.5048118985126859,0.6709302325581395,0.7167701863354037,0.6306010928961748,0.734502488764156,0.9654541015625,15241,228,338,577,0.5048118985126859
image_665.h5,15650c4735483e91b11308c33f34fcdfc128573cb2b57d13a3935b0b639ac4a1,e1ea113035b28f7a339b9a08f14df03d9b63fc5ffd1915a56198da3e0bfa133a,176,16384,0.01951219512195122,0.03827751196172249,0.12121212121212122,0.022727272727272728,0.5036205664254445,0.98773193359375,16179,29,172,4,0.01951219512195122
image_666.h5,bc3ec6fd891e9a9ef56ae147f79af6e49b737064d4f71d15dd09064dbc85b0da,61866d311c93125cb328f93c3bd1fc1fae044df569b232e4fcd4db888ea6e59e,710,16384,0.4516574585635359,0.6222645099904852,0.9589442815249267,0.46056338028169014,0.7134665196535683,0.97576904296875,15660,14,383,327,0.4516574585635359
image_667.h5,6300022a66762dbba27cde3644f320866a2e7a41dcbf8e5b16950844586c4586,ffdf84d3fc8f5cf47853182522a49710dbb8db194274a14e8955aff491eeaaa2,56,16384,0.0,0.0,0.0,0.0,0.498291015625,0.99658203125,16328,0,56,0,0.0
image_668.h5,594a3753001865731e1a5450dda0d9242048e993cf2c940fece0bc99e1475686,5b318f3ed6c609685665c51eceec8fc71446d9453f1aff2b598bea3a62de9219,250,16384,0.48184818481848185,0.6503340757238307,0.7336683417085427,0.584,0.7360897532049054,0.99041748046875,16081,53,104,146,0.48184818481848185
image_669.h5,2364914d79bf2d59aec4dbc27bcaa7e760617c407676d09459b184bf7ca07c88,70fb4a260a1922b5080d691a8b3b64c53bfb1448ea0b015eaa2490874d0e04c5,7,16384,0.0,0.0,0.0,0.0,0.499786376953125,0.99957275390625,16377,0,7,0,0.0
image_670.h5,67a9a16629d150f0abc0d4794641d84e0c3f6841625f76cac16cda7685ecf31e,248cac0e5db174c078f3f3f0cc5076d7e3c3c4fb53b5610ca35d28b55f09107a,86,16384,0.4825174825174825,0.6509433962264151,0.5476190476190477,0.8023255813953488,0.7389908895884991,0.9954833984375,16241,57,17,69,0.4825174825174825
image_671.h5,38de2363cb5363682d51c84c1f6f68da85c9fc0e67a05422d3e66201471486ba,6345b78c420cf6d49cc8fdf2ee76d38c35ab339d9a5651e62f0bc45e446e8ff3,40,16384,0.0,0.0,0.0,0.0,0.498779296875,0.99755859375,16344,0,40,0,0.0
image_672.h5,c0520146482a4e362e5435f88f575a08c6a5afbf8ef43708de2d2b41d22613e4,ac65c4755918ea11e13df16f5e0f4b2109e6f1829bfc9b74565d26a5c7d8525a,488,16384,0.5564356435643565,0.7150127226463104,0.9429530201342282,0.5758196721311475,0.771262596047843,0.986328125,15879,17,207,281,0.5564356435643565
image_673.h5,645bf1bbd1e8f33a88f7a903b8b764bf18f2a99d07083876b02a5d9941a5bc52,4945231910f57cd7e0412939a6955e3d9d4248aa595d4bafddcb13c69abcfb77,166,16384,0.408,0.5795454545454546,0.5483870967741935,0.6144578313253012,0.6994551037956025,0.990966796875,16134,84,64,102,0.408
image_674.h5,2662dd77617be3434348a6ae0beb6048b2aaff10548f11e3a41328ebe69d6a8c,c4d6f548f0a43e82b0c35175e855a18fe2b1b2b5bd57d96deb68ccce9a72753e,30,16384,0.21153846153846154,0.3492063492063492,0.22916666666666666,0.7333333333333333,0.6032634246330616,0.9949951171875,16280,74,8,22,0.21153846153846154
image_675.h5,c74699d868d6f900f734aed9219ca8b23a02ac2db6fed9faf21c1ef6ac0f8591,b18f9b09dca1731c2ea23516f99221420588d33388c2755af361b591bfdaa4ea,0,16384,0.0,0.0,0.0,0.0,0.5,1.0,16384,0,0,0,
image_676.h5,e088acbb14b28efd4e65e63c03b39c3d2c7a183ca2923da43feccb971b7b82f1,3bb9b869363a6e665c5d514c23d6bbd33fe50ff56dee5322a71e02cf80d994b0,197,16384,0.4075829383886256,0.5791245791245792,0.86,0.4365482233502538,0.6999566428352504,0.99237060546875,16173,14,111,86,0.4075829383886256
image_677.h5,c3538303416f6fe2e21111550eb53f97d749b17397a351f270943d2e52a8b797,026c671edc8ca7f6d324051fbba92c10ae10924657a0c2ee5947d12ca2019dfe,1063,16384,0.6836569579288025,0.8121095627102355,0.8300589390962672,0.7949200376293509,0.8292472317798978,0.97613525390625,15148,173,218,845,0.6836569579288025
image_678.h5,ad1f5fc34362c284efbf663414b8300b003c5b95ae7d5c831b2cb742cb5a74e8,a6d79658ddc01fadd133653f440cbffdc5adce5d534ac554d8efe61978f42df3,565,16384,0.44498539435248297,0.6159029649595688,0.4972796517954298,0.8088495575221238,0.7045985551532616,0.9652099609375,15357,462,108,457,0.44498539435248297
image_679.h5,651bcc6dd0aca8684a375c393ada8aa65084dfe24d45cce35b78d64b39c2523c,be376e03a062797151c6e646ee68b80c172ff2dff43b404a7d34603458da2e60,45,16384,0.0,0.0,0.0,0.0,0.498626708984375,0.99725341796875,16339,0,45,0,0.0
image_680.h5,06fd6173ef430910db40a4500d2fb761458bb6a3373dac103a9a52385a17a0c2,812bb5efc577a81f5b9dc58a1721ad8d13c622c242823728dfa170fe8337d7af,413,16384,0.4119718309859155,0.5835411471321695,0.6015424164524421,0.5665859564164649,0.695645358217416,0.9796142578125,15816,155,179,234,0.4119718309859155
image_681.h5,b44a2fee581472fe6d3c6632f97016e6f8258a7860e4eb5d38587ab861ee82af,b18f9b09dca1731c2ea23516f99221420588d33388c2755af361b591bfdaa4ea,0,16384,0.0,0.0,0.0,0.0,0.5,1.0,16384,0,0,0,
image_682.h5,66ead4baff8be8318e668c9ae8daba8a8b718505d5f065a824454f51ca9a6f14,b18f9b09dca1731c2ea23516f99221420588d33388c2755af361b591bfdaa4ea,0,16384,0.0,0.0,0.0,0.0,0.499969482421875,0.99993896484375,16383,1,0,0,
image_683.h5,57e696e27d8280fb189c5c1b41d76c0b2f254b068e7efc86bad75bd753baeac9,aec8c00164df8fef67b84b292c09921a05327ae6cc6f5601cefd491c99baba97,80,16384,0.425531914893617,0.5970149253731343,0.7407407407407407,0.5,0.7111139750679539,0.9967041015625,16290,14,40,40,0.425531914893617
image_684.h5,b28b3d0c3ee8480f7bc1a35922d3db504b54324d6f25137ae59327e0173c2d16,b18f9b09dca1731c2ea23516f99221420588d33388c2755af361b591bfdaa4ea,0,16384,0.0,0.0,0.0,0.0,0.5,1.0,16384,0,0,0,
image_685.h5,826cba6de0db20def5469f479a501529b32997e0477f43702391894fc083597c,4bf704b4abd41d4e51eca6a675a2c60ec109675ffe13d1420c4138ba377d38e6,0,16384,0.0,0.0,0.0,0.0,0.5,1.0,16384,0,0,0,
image_686.h5,404d891e13f7ad731bd6278cbfa0a0d8b706b588593fe3321a543e2c7a4e66ad,2a3602dc0025dffbdf4ca510809c3cc7f923d02f644f2a3968c2be0c035bf734,210,16384,0.0,0.0,0.0,0.0,0.49359130859375,0.9871826171875,16174,0,210,0,0.0
image_687.h5,8761528b75825c64861e3f7dd8f44efaf5f48fdc643340cdcdad4f3016fcfe80,13d4d118071331468ecdd368db651876c609d79ab7d5486e872c166a4fea9f0c,79,16384,0.18518518518518517,0.3125,0.8823529411764706,0.189873417721519,0.5905765867278483,0.9959716796875,16303,2,64,15,0.18518518518518517
image_688.h5,9e47152b8f24d247fe026efc47367b5bd1500fb6b6a129347cb1d08dca7f62bf,b18f9b09dca1731c2ea23516f99221420588d33388c2755af361b591bfdaa4ea,0,16384,0.0,0.0,0.0,0.0,0.5,1.0,16384,0,0,0,
image_689.h5,1622b03a984d42cb15070d5a660ea4e8bb347512042b0925e5c5e85892e75df9,aeb61a8229919d30ef081515f7c59f9fe868ed6cf6fd12684704f2ec441f54b4,757,16384,0.7510288065843621,0.8578143360752056,0.7724867724867724,0.964332892998679,0.8677847495295645,0.9852294921875,15412,215,27,730,0.7510288065843621
image_690.h5,9cc66de53a126ccc8334365abf47feea40ce827b10a39c152b99d2f2eb58ecbf,1ff9be553942d151a318334a40f5c9d73e175985c7de93332f1da3e5b7cab8b9,86,16384,0.48333333333333334,0.651685393258427,0.6304347826086957,0.6744186046511628,0.7397678549552861,0.9962158203125,16264,34,28,58,0.48333333333333334
image_691.h5,6fa9426f38dc7c781a055ae411b3172801bb9ce124814a9dde097fdf5c1f38f3,71a3e2d7ec87b931308a4fd11c52504e356ff21b5f2ae997c3b63076adba6eab,17,16384,0.0,0.0,0.0,0.0,0.499481201171875,0.99896240234375,16367,0,17,0,0.0
image_692.h5,528f762f448b48733a32301b103dbbd22ccafbee06d8a4b1182ecf703feb4aaf,1771a3a4474b3531144bcd1fa36f8778e032563cb432b9e6b7db57d6f0c0308f,170,16384,0.59765625,0.7481662591687042,0.6401673640167364,0.9,0.79565518433091,0.99371337890625,16128,86,17,153,0.59765625
image_693.h5,6afeff0a461b0b73342d91bff2fc882168d3a02caf5d039e4ecb111f266054c7,b18f9b09dca1731c2ea23516f99221420588d33388c2755af361b591bfdaa4ea,0,16384,0.0,0.0,0.0,0.0,0.5,1.0,16384,0,0,0,
image_694.h5,7d2c32ec8a673c3303fd8c9c671fe721d661ab8f718462636fe9a26d96e9e8de,98936303c1a0e6e1bc6731a836834e2a326418a4ffde5185020b23f6fc07e033,169,16384,0.45604395604395603,0.6264150943396226,0.8645833333333334,0.4911242603550296,0.7249853545019486,0.99395751953125,16202,13,86,83,0.45604395604395603
image_695.h5,ecd8b042a8ad457cc9c422beeb89b46e7f94543ca563f8a228b2c9a9b300f943,5a544432a5b85e4e004920470401d9a2efa4df7eff882338bd5d229f52e7e24a,392,16384,0.5018315018315018,0.6682926829268293,0.6401869158878505,0.6989795918367347,0.7424737894011637,0.9833984375,15838,154,118,274,0.5018315018315018
image_696.h5,9692c094367e1f3ce35a7c8d6d1feb51010a4b7ea69dd0724a036f303845a8d1,070266643fd420026e47ca48eee989f9cc1bc71f93ee5b87c07726d5d0d508dc,85,16384,0.8636363636363636,0.926829268292683,0.9620253164556962,0.8941176470588236,0.9314502642317212,0.999267578125,16296,3,9,76,0.8636363636363636
image_697.h5,e201a75aa0d87fd6b7bdf352ec21245398d629421c39e9a87deb1afc975d37dc,92269d6960c656592a48dd0a66e1e68ed4e8480c4a3f047da9ebc6b91c1325a0,335,16384,0.0,0.0,0.0,0.0,0.48974609375,0.9794921875,16048,1,335,0,0.0
image_698.h5,73e6e0d31bebadaf91e600fb5e87ae11a215eef36f19ed8a196e9e5400af3f7b,0efc00257734d4bad7325070ee1ef437a2ff866d16cffdd1720d77d733a8fed0,210,16384,0.40947075208913647,0.5810276679841897,0.4966216216216216,0.7,0.6982070764818411,0.987060546875,16025,149,63,147,0.40947075208913647
image_699.h5,9ec650690b062b4bdfa6740a9754bf8c7efec3fbbf68ab56c9cd620c00d32b0e,bc8de75b1e1ee9ad913091695f18b1e4bb449d1a69cbac19dc3a01d448c7882b,719,16384,0.3613550815558344,0.5308755760368664,0.7868852459016393,0.40055632823365783,0.6648661590681757,0.96893310546875,15587,78,431,288,0.3613550815558344
image_700.h5,26c4e1cb41a9439d035cf5b0e358dda70855c0680c0cd8d46042362d2147cc8c,6500ded30236bf82fc67cc1ca8089c747b280d0e62a1fa6e8759764a88a6e9a3,0,16384,0.0,0.0,0.0,0.0,0.5,1.0,16384,0,0,0,
image_701.h5,d802ac44876a95ab070f466fa9c30f9587f5e5812c3e901c5e31974ca0530f65,637bc902ea381d05c885e07b23bfdd15d97001f2f34457ceed703cf94fb43f53,250,16384,0.16226912928759896,0.2792281498297389,0.1949286846275753,0.492,0.5616093201938887,0.96124267578125,15626,508,127,123,0.16226912928759896
image_702.h5,3e647d6114a2513db8c18c43d8f539cd908676f3baa9643e85689433d8e46215,b3ac0fed714a3fdc72468019cb13a66dd9885b7571967a34be305a6c2df64833,61,16384,0.14754098360655737,0.2571428571428571,1.0,0.14754098360655737,0.5721827055437367,0.996826171875,16323,0,52,9,0.14754098360655737
image_703.h5,b4797c20fb2465eab37fa63c7f868eaafe33d5e2d68f9713a7ac94dc69db610e,c740b9429bb47f9e4dc4253224ea8b13181825b48c6f1c30486838f2fcc0eaa4,157,16384,0.6908212560386473,0.8171428571428572,0.7409326424870466,0.910828025477707,0.8434403059948178,0.99609375,16177,50,14,143,0.6908212560386473
image_704.h5,4c316b5fb43c52c010c0fdcc6ae3e8027503ea4d8931caaf510920c62197dbbb,597103f1d5afc1f5bfc45cb66740acbed99faf4c4070699724b2086e0841fa21,65,16384,0.23529411764705882,0.38095238095238093,0.5,0.3076923076923077,0.61566099184724,0.99603271484375,16299,20,45,20,0.23529411764705882
image_705.h5,9a66cf552a084323beef6156075366a26c5ebc88157fb68a1c668fc7449fffd0,061b5cc92b88f2bfeac797a7c2a0b83b49c8cbfd0a72e1629713dfc6988ed42e,105,16384,0.0,0.0,0.0,0.0,0.496795654296875,0.99359130859375,16279,0,105,0,0.0
image_706.h5,d1fad058090bcb2490fba53d7c2c16df2b2ded715ee934f3aac92581daf34004,100540c3223254525eac25a40908befb973a41b86aa187b9f2401f17ef76b019,110,16384,0.3508771929824561,0.5194805194805194,0.9090909090909091,0.36363636363636365,0.6731747687868717,0.9954833984375,16270,4,70,40,0.3508771929824561
image_707.h5,14633a0d50ab92dc9feff6594f7796a072964ec92e901faa244f596bf5377e9f,13838ab56e4b507bb162e74541c48642eb065863f8ceff8b35c8594d8c34ae52,422,16384,0.547244094488189,0.7073791348600509,0.7637362637362637,0.6587677725118484,0.7664818510439206,0.9859619140625,15876,86,144,278,0.547244094488189
image_708.h5,2d008c566ebe0966dbf7efaa9623efd2b1e29c9ba4ac42f1a4019293615376c8,6e61c70d617f806dc30a8673168d359f214d889eae81af7794c03b984690aba9,70,16384,0.0,0.0,0.0,0.0,0.49786376953125,0.9957275390625,16314,0,70,0,0.0
image_709.h5,b78a2a0d537b4c5ff294f2552177e18d1f0ba8511b55a6cc06985c150ebd83ec,6500ded30236bf82fc67cc1ca8089c747b280d0e62a1fa6e8759764a88a6e9a3,0,16384,0.0,0.0,0.0,0.0,0.499481201171875,0.99896240234375,16367,17,0,0,
image_710.h5,fd1e9c6d0dd3a1fc15d2d9a66dfa0b28b77dee45c348ad4992d736d0c39c455f,aad1b7d2f8aff6faef940d98650ef441ad2177877ba7d42c5c0ee569c9d628fb,37,16384,0.0,0.0,0.0,0.0,0.498870849609375,0.99774169921875,16347,0,37,0,0.0
image_711.h5,dc813d2f6b52397503be33a5c0f4da88845f6220ab9eb4c44a4fa2bc001c1941,8b7a765d64c7bda0bea46eb5aac4b31b6eec4550736049785b5c72799d1f05e2,140,16384,0.0,0.0,0.0,0.0,0.4957275390625,0.991455078125,16244,0,140,0,0.0
image_712.h5,73eb883f9fd2c80afc46ca71f03e52ae8b41656699565699a3ff90df5a2a06fc,4bf704b4abd41d4e51eca6a675a2c60ec109675ffe13d1420c4138ba377d38e6,0,16384,0.0,0.0,0.0,0.0,0.49993896484375,0.9998779296875,16382,2,0,0,
image_713.h5,e4d5c00db6d5629b182003412cb98dc48edfbc2d8500d5dd5182546b478cbbf1,8bfa5e3a8da58334f1fa644a0a8c2c32f76702a830d1f6e3068b365df27c8bf0,27,16384,0.25,0.4,0.25,1.0,0.6225239958427584,0.99505615234375,16276,81,0,27,0.25
image_714.h5,8a92402d85f7a1770b0979392c70c0923df76e0ae512a4fe7f46a1cd80704f91,6500ded30236bf82fc67cc1ca8089c747b280d0e62a1fa6e8759764a88a6e9a3,0,16384,0.0,0.0,0.0,0.0,0.5,1.0,16384,0,0,0,
image_715.h5,3db92671a003d876c91baad6ad9180f7b56922a2cea1e7e73a55f7d037494582,a0ecc8d94dc3e7bd2c8986f4652e4d26256f55165af81aad806275e15783201d,1313,16384,0.3222591362126246,0.48743718592964824,0.7163958641063516,0.3693830921553694,0.6290520789560512,0.937744140625,14879,192,828,485,0.3222591362126246
image_716.h5,5be799a6a3bfcb1c3d612b47c37b0ae1725b00fcc015de1268ee0d6d89f130c4,b18f9b09dca1731c2ea23516f99221420588d33388c2755af361b591bfdaa4ea,0,16384,0.0,0.0,0.0,0.0,0.5,1.0,16384,0,0,0,
image_717.h5,51280ca19340e99494322cddf8305fe745588073e4dec74327150999ac7fe27c,b18f9b09dca1731c2ea23516f99221420588d33388c2755af361b591bfdaa4ea,0,16384,0.0,0.0,0.0,0.0,0.5,1.0,16384,0,0,0,
image_718.h5,5b566ebeaa38c5b8922b222d4d78666d3b7f62b7f6c7ef8030daf27ec3fe0d25,3d48f5e5b8759122ddf48fd51147cded5bef742498d4c44e709aae9c7c90a06b,510,16384,0.5645994832041343,0.7217175887696119,0.62339514978602,0.8568627450980392,0.7717334908966054,0.97943115234375,15610,264,73,437,0.5645994832041343
image_719.h5,dcaa6f3dd104a64fcff2d6bd9d5b6a8c52aa768426a77a6f4e8a43a72b42a954,f693db8aedabb673800eb0389c3f150d791c9d18f96803a2464a4a20a2803429,294,16384,0.671875,0.8037383177570093,0.7413793103448276,0.8775510204081632,0.8320307655339203,0.9923095703125,16000,90,36,258,0.671875
image_720.h5,95f7d52b0e54d0b49d4e7f3f19dfe0af2425c9646521e71b4ced3653f3658427,df592922aedc813a2129ebcd94098fbbed7d64682e33fe439c92598a67d4131f,11,16384,0.0,0.0,0.0,0.0,0.49810791015625,0.9962158203125,16322,51,11,0,0.0
image_721.h5,bb890ec5346f45b24cc1e9dc7513630cdbba8ffe252229e69c3f5189a5de2928,57af6d16dcc473e5bbc1d851c914ac0ec72e3acbd7557839879b57d1f3081284,56,16384,0.25,0.4,1.0,0.25,0.6237171655467318,0.9974365234375,16328,0,42,14,0.25
image_722.h5,7836795f4dbb68af1263ef736a773a921d5325566ecc40b26493c17e88cf42d7,380a6b2cbf1857616b55d815505b8df0dcf05b01603c699ac9f2b507116b9bb9,295,16384,0.29152542372881357,0.45144356955380577,1.0,0.29152542372881357,0.6393508821920544,0.98724365234375,16089,0,209,86,0.29152542372881357
image_723.h5,a009022b50d785e4d8c8fe99c8f8c663acfd46acf0eed4dc164338147a905443,bf3a712cca3bd0ff3dcb11d501cf2bbc87600d8b64899d5277f37e88fe9fb9dd,285,16384,0.3006993006993007,0.46236559139784944,0.9885057471264368,0.3017543859649123,0.6442139281751504,0.98779296875,16098,1,199,86,0.3006993006993007
image_724.h5,e0467bbe3eafd4d3d8511ebfbf15541583ec3b337c42113c6474fda7b3c0b99e,b5607478a0534634d4642cc3527a620fd15cb3d561a2f27ae8297e9473eb1fb3,128,16384,0.4136690647482014,0.5852417302798982,0.4339622641509434,0.8984375,0.7018250050522001,0.99005126953125,16106,150,13,115,0.4136690647482014
image_725.h5,df4cc5ed64c06508c45d298db0c4a7dd7c2f55441cd914e89120236e8efa340d,46295e1b44d7e91a355ab19ca6d95049e56b51f4d91a415801887030ebd2d80c,119,16384,0.7579617834394905,0.8623188405797102,0.7579617834394905,1.0,0.8778127392451065,0.9976806640625,16227,38,0,119,0.7579617834394905
image_726.h5,258dcc7a589de11b1a1a8326fd0c367912fcd2731f5862cc92f969c7c012cd3e,b18f9b09dca1731c2ea23516f99221420588d33388c2755af361b591bfdaa4ea,0,16384,0.0,0.0,0.0,0.0,0.4986572265625,0.997314453125,16340,44,0,0,
image_727.h5,7d1630d8c8780429626064bf8f8ea8800123e7094ae9bb783da12e9551ff7e92,d8f2ea80e744e1d0c7bcbb5968a9f88688291474b69ab1eb3acc887e7366a128,414,16384,0.5256166982922201,0.6890547263681592,0.7102564102564103,0.6690821256038647,0.7550477481651701,0.9847412109375,15857,113,137,277,0.5256166982922201
image_728.h5,ff712f96a4b5e1d27b4322a67e8d19f5570a12055966f4f67a3bff2f7048e25b,b18f9b09dca1731c2ea23516f99221420588d33388c2755af361b591bfdaa4ea,0,16384,0.0,0.0,0.0,0.0,0.5,1.0,16384,0,0,0,
image_729.h5,898531f344c4f9d41674a06a676c610ad7641c95c943f23d603a1776aa1aa07c,571acc4e6da68cb4d1fa5b16a3e4c2c10f129ba0951668ebc00816feef2e2a05,178,16384,0.7236842105263158,0.8396946564885496,0.7674418604651163,0.9269662921348315,0.8598999386684234,0.99615478515625,16156,50,13,165,0.7236842105263158
image_730.h5,5d9d74fc6dfe271eb7ca84c8000c4314dd3f2766e980f6ec9dfae78a42951559,b18f9b09dca1731c2ea23516f99221420588d33388c2755af361b591bfdaa4ea,0,16384,0.0,0.0,0.0,0.0,0.5,1.0,16384,0,0,0,
image_731.h5,e78ae9ac991273e6a0e6e8d2b1df06f98d1358e01fdc2350026fd5d8123a17fc,64f068ad22fd372f7f3a5f8d77a466b2e4fb1a3bf7ecc83282353f168d905815,624,16384,0.5745412844036697,0.7297887836853605,0.6688918558077437,0.8028846153846154,0.7755914883895827,0.97735595703125,15512,248,123,501,0.5745412844036697
image_732.h5,b8bc568204f0a10ae68caa8dfbcaa51de88968264ecbfd7fa03ee97270d55b81,c9dabe352fdd2fe8866d398a2bc5cfdf5a76a73b5740e91ddf362292e66323f8,277,16384,0.26986301369863014,0.4250269687162891,0.3030769230769231,0.7111913357400722,0.618467677850736,0.96746826171875,15654,453,80,197,0.26986301369863014
image_733.h5,2521d79bfffe369ea4f5ed67a1f13a4105e454ee505b2f9fd9f90185a76b2ae3,440c1214a7838178bb6df5c7b722d009dd9d74232814181c1dfea0f216123f41,1189,16384,0.49105691056910566,0.658669574700109,0.9364341085271318,0.5079899074852817,0.7256932208105351,0.9617919921875,15154,41,585,604,0.49105691056910566
image_734.h5,b3a8f0b274b55a0ed159178c60ebe4b67304cef3030058950886d6205b04dd41,28e29631a3cc3ea471805a5659f100d034c5e43059eec84b3ed658e66a180e58,294,16384,0.4630021141649049,0.6329479768786127,0.550251256281407,0.7448979591836735,0.7236445770329628,0.9844970703125,15911,179,75,219,0.4630021141649049
image_735.h5,7a32bd118802e17b7026574b479f1a4bed14fbebda788b7da5429369f70fcc56,543910358d7b3fa4e01f794896150cf3ebabff5f94c79c78b80205171562dd48,81,16384,0.04938271604938271,0.09411764705882353,1.0,0.04938271604938271,0.522340930674264,0.99530029296875,16303,0,77,4,0.04938271604938271
image_736.h5,6f9db2e1410c9e8b5f400211110ba1c14fe59e1c15566fd9ee91f55d8464c0b9,b18f9b09dca1731c2ea23516f99221420588d33388c2755af361b591bfdaa4ea,0,16384,0.0,0.0,0.0,0.0,0.5,1.0,16384,0,0,0,
image_737.h5,968deb3f0a2ee3428a1df3ce33c13a16d2be80a494b0bd520df3e1373310ac06,8a1afced56c83432141fd8819b70a932d4753c8d2ec11eda765595b4757d8991,250,16384,0.9026217228464419,0.9488188976377953,0.9341085271317829,0.964,0.9505055588152794,0.9984130859375,16117,17,9,241,0.9026217228464419
image_738.h5,e0d4e1b4717e72ae3981a9c63787d09671e2ec1d614e8eafc4cddab72d703a0f,95052b90843233e353824153e9e84532e35d9a7065ad72b7adb00f7fb99a9157,60,16384,0.11403508771929824,0.2047244094488189,0.12149532710280374,0.65,0.5477486542909736,0.98150634765625,16042,282,21,39,0.11403508771929824
image_739.h5,3b3629bc43e0a109c8bbebab79d3ac918d098b71b385cefec7f7892110c66894,b18f9b09dca1731c2ea23516f99221420588d33388c2755af361b591bfdaa4ea,0,16384,0.0,0.0,0.0,0.0,0.5,1.0,16384,0,0,0,
image_740.h5,e76660e33e49f083c49e4b892c520464fbf7c316ef7fdefb9b0d061228c803ac,ce3cf37265381696373b2e9e2a242f181717e7ac1c653bd4bdf9f551aced3fc9,12,16384,0.0,0.0,0.0,0.0,0.495452880859375,0.99090576171875,16235,137,12,0,0.0
image_741.h5,a475da712ebe09efb3ce798461bd7a9483e9f24661524172759e97e4040b6cdf,b4b6ac19ed01d8d7a9144d1fe4af85ca38b6852fba92ea9e36adfb47399d475e,2318,16384,0.8660143018441852,0.9281968535699879,0.8715909090909091,0.9926660914581535,0.9203677985113846,0.978271484375,13727,339,17,2301,0.8660143018441852
image_742.h5,48bf1b8401005c15517f53d7774f31236385cde5685add027bce19b46c3ff224,96f88709060f3ac18b215d2be9c914c00799709bbe6bb71ec86fb813e2d9cf7a,436,16384,0.4964788732394366,0.6635294117647059,0.6811594202898551,0.6467889908256881,0.7393585522575272,0.9825439453125,15816,132,154,282,0.4964788732394366
image_743.h5,ed2129eee09fb1e73b37ddd40dcd7c8ab5a05a44a29024376bad5a330fa00640,b18f9b09dca1731c2ea23516f99221420588d33388c2755af361b591bfdaa4ea,0,16384,0.0,0.0,0.0,0.0,0.5,1.0,16384,0,0,0,
image_744.h5,ed8625ea75d659c427ec2475715890000dd98b3a556ecf40b6c3b4175d621a53,6500ded30236bf82fc67cc1ca8089c747b280d0e62a1fa6e8759764a88a6e9a3,0,16384,0.0,0.0,0.0,0.0,0.5,1.0,16384,0,0,0,
image_745.h5,3da5283dc26493febaeaad2acb1a732903272d5eb12ae21cbd0d67790d526f93,6c6af382640c207079f459ac7568a878db2fa6308c4ed27da0a0c9f96c20a7c8,949,16384,0.5672990063233966,0.7239193083573487,0.7989821882951654,0.6617492096944152,0.7684489446443081,0.97076416015625,15277,158,321,628,0.5672990063233966
image_746.h5,717356662512d15d866500dba695391ea95ddce94cbe7484e0e50704e77a301c,b18f9b09dca1731c2ea23516f99221420588d33388c2755af361b591bfdaa4ea,0,16384,0.0,0.0,0.0,0.0,0.49859619140625,0.9971923828125,16338,46,0,0,
image_747.h5,60918ebd38f7708277290a6936bdcbf3c463942ae85c0b0b4750c96de25f1747,177f9b16cd59e8d7bb446028c79b30d673eaf073aa5c4c323afbed0afb659cab,2279,16384,0.3840341655716163,0.5549489674816046,0.6044467425025853,0.5129442738043001,0.630400257284658,0.88555908203125,13340,765,1110,1169,0.3840341655716163
image_748.h5,57b9e3c6dbe48213b307738bc2d964776440f066146f8ade345737742b311062,8eb6f6c8bc1ee358a19a1223824dee64fa6608653105a908b6721783fa6f0213,331,16384,0.46996466431095407,0.6394230769230769,0.530938123752495,0.8036253776435045,0.7256759666014381,0.981689453125,15818,235,65,266,0.46996466431095407
image_749.h5,92e6b24895c409865450e530977cc9227b717efd98aac885a5b352b80dc06381,95d60acc4a84deea033f28aff36a261b3a9f4e18aea00235247e3ee7e44f874e,444,16384,0.5834932821497121,0.7369696969696969,0.7979002624671916,0.6846846846846847,0.784999128637045,0.98675537109375,15863,77,140,304,0.5834932821497121
image_750.h5,112602bd88ebe524a0ffe6e6f7aa9eb58ce59c7221bd01ca8854f4ed76331726,b18f9b09dca1731c2ea23516f99221420588d33388c2755af361b591bfdaa4ea,0,16384,0.0,0.0,0.0,0.0,0.5,1.0,16384,0,0,0,
image_751.h5,d6a5b3a4f1f2c43583bec3d1228a88b88e439bfe7d866d2b878f566f7871ce68,459fa50ab19142fd5e3e9c8acc0d85c27595c94998367bbec7d809f07bde0485,25,16384,0.352112676056338,0.5208333333333334,0.352112676056338,1.0,0.6746503841190059,0.9971923828125,16313,46,0,25,0.352112676056338
image_752.h5,4f89fa05b67c31860d08ecd5946770cae079a07bff3369f5877dab07cb853adc,b0c809ea67b19bb4112c6446b399203ff24e1ddd272f11cdc9fb69e95b2a1ca6,548,16384,0.7675941080196399,0.8685185185185185,0.881578947368421,0.8558394160583942,0.8793358538841524,0.9913330078125,15773,63,79,469,0.7675941080196399
image_753.h5,8e4f68c79560093f7f901ced2d7e80c6afc771054d3192e72927c415e7e74f30,556621e6f9d95d28d7252e766062a4c3bf92e1155be401d6d58e675ae9539776,364,16384,0.47338403041825095,0.6425806451612903,0.6058394160583942,0.6840659340659341,0.728108191224,0.98309326171875,15858,162,115,249,0.47338403041825095
image_754.h5,0b993927218bf4944b1091f53d5d486f9422674b0e0d6390cc10e1ce5c32d679,b18f9b09dca1731c2ea23516f99221420588d33388c2755af361b591bfdaa4ea,0,16384,0.0,0.0,0.0,0.0,0.5,1.0,16384,0,0,0,
image_755.h5,66e9a2726d062ccab36c11e209b536e22f7f57af3b68752f1074ffeffbcf3960,f41a8719dcd8348786e84a3b59e4e32ec052dc4c39257f7f77686a8aa7879913,2273,16384,0.7997070670084219,0.8887080366225839,0.8266464799394398,0.9608446986361636,0.8805929701239292,0.96661376953125,13653,458,89,2184,0.7997070670084219
image_756.h5,dbff0939514b53d945efa5482e8e29e9dc971c4131d9e911369ef11addbb9009,5b4ad4cf05d67daa330faa7bcca688a2ad0d3d16067463d21b1a46f3fa2100ce,15,16384,0.0,0.0,0.0,0.0,0.499542236328125,0.99908447265625,16369,0,15,0,0.0
image_757.h5,48f6a57c168ae197dd05f200d32a68edde169ab4d281514ecaf5dcee0d014276,4bf704b4abd41d4e51eca6a675a2c60ec109675ffe13d1420c4138ba377d38e6,0,16384,0.0,0.0,0.0,0.0,0.5,1.0,16384,0,0,0,
image_758.h5,6c20cd9bc34f7550ca01c69ed3501551760d28a99be042bc932d030d1fa03b37,9846f568bc65e3d8ef4a7f4ec7f9fe420c6159fcfbb50191ade4536cb66e31e9,122,16384,0.049107142857142856,0.09361702127659574,0.09734513274336283,0.09016393442622951,0.5180489601783423,0.98699951171875,16160,102,111,11,0.049107142857142856
image_759.h5,64cc110aabe6f091e25dbd7e6196e8b9c8b14f61ffdbaf48098d287b1eabf6e8,04b557032044229a9c4bb557fd64e5758b32b29f2437735611449d76a98dc1c9,2929,16384,0.8272519954389966,0.9054602184087364,0.8336684860672221,0.99078183680437,0.8911515873946207,0.9630126953125,12876,579,27,2902,0.8272519954389966
image_760.h5,3e4ea6066915cf1cb0c50006f1c04ed71d1e425342efdf5f931bf2cd0fc84533,7db0d042a01a516de7fe0003394a01de5424a8c1d9735ebffc3207e5a5493dd8,82,16384,0.4146341463414634,0.5862068965517241,1.0,0.4146341463414634,0.7058491832624748,0.9970703125,16302,0,48,34,0.4146341463414634
image_761.h5,770045b04820144e66e2b127fccb4e8b8276dbca15a65f8e50f9b29d1f263f9a,0bb250d10766dcd939c698e1fb16442ef37fb3f9757cbd9742721a0ffc24be71,110,16384,0.01652892561983471,0.032520325203252036,0.15384615384615385,0.01818181818181818,0.5046324276493753,0.99273681640625,16263,11,108,2,0.01652892561983471
image_762.h5,a01de41983cd2f3421e68ef8ca949a30662d8a8d86a814311a798e2a471ec163,36970a5ea3639d42fe43e98fe1374a5a78ed3e05f557a0c0ac03e97fbcbd7ab9,290,16384,0.2982456140350877,0.4594594594594595,0.6623376623376623,0.35172413793103446,0.6417527050644668,0.9853515625,16042,52,188,102,0.2982456140350877
image_763.h5,37f1e38e63fdf45816f010506bc50b31f2252937fa7d4f87dc0b2de56bef50a5,99913fc8cedafb7ce19321acd3be6b99f36d783c330ea83aa9a990e1be5f2ca4,910,16384,0.5299539170506913,0.6927710843373494,0.7666666666666667,0.6318681318681318,0.7488469060236062,0.9688720703125,15299,175,335,575,0.5299539170506913
image_764.h5,28beeb7edf7cf8985171fafce9229a8bb4b8c0ba96a65014f90933d216dd10a4,51b4d4a91af7f18eae2b9d453ae11a0851475dfdcb7da10136cc2fd457762566,7,16384,0.0,0.0,0.0,0.0,0.497772216796875,0.99554443359375,16311,66,7,0,0.0
image_765.h5,495aad565ede9c8b439b62f74686e22ab56f8b408c24440ba239c1eede03c176,5b05b25f4be84e2ac924dacc9ea54d4c370b57cd0cd670c983de7c8dbf336949,252,16384,0.2517814726840855,0.40227703984819735,0.38545454545454544,0.42063492063492064,0.6162151005145455,0.98077392578125,15963,169,146,106,0.2517814726840855
image_766.h5,949fbc3f7a60c64ade9d80e33c5b742750f54ff5bdb46ecd60ed05e4a4d7294e,2bb62fa8c1e4f9392a4dd683f0677b4cc7c8fa5dce0a651154872effbaabc996,9,16384,0.0,0.0,0.0,0.0,0.49755859375,0.9951171875,16304,71,9,0,0.0
image_767.h5,6562191fe498c4b24b817d875e67940cbd83a29b630c3dfc88d72f80775f7719,b18f9b09dca1731c2ea23516f99221420588d33388c2755af361b591bfdaa4ea,0,16384,0.0,0.0,0.0,0.0,0.5,1.0,16384,0,0,0,
image_768.h5,ae99c268296d88aa08eb39b5d46ab6dcde61ad455c8ad2ea2c1331975e8af0f5,91685c8d440941ddcfc34c8862576e43fcb3365dc8d4ad0c6a38dfa0ac80dd16,488,16384,0.6164623467600701,0.7627302275189599,0.8091954022988506,0.7213114754098361,0.8014010835596758,0.98663330078125,15813,83,136,352,0.6164623467600701
image_769.h5,31eea6227635d40302f5553ebf27dbe1953295fe1a66de2c2559731556dfdf61,b18f9b09dca1731c2ea23516f99221420588d33388c2755af361b591bfdaa4ea,0,16384,0.0,0.0,0.0,0.0,0.489105224609375,0.97821044921875,16027,357,0,0,
image_770.h5,137ba9fbc6460b009d33b7053cfe6d55e3c714e3bc7da161abb7d4f53aa7a30f,b18f9b09dca1731c2ea23516f99221420588d33388c2755af361b591bfdaa4ea,0,16384,0.0,0.0,0.0,0.0,0.5,1.0,16384,0,0,0,
image_771.h5,e752e536ab534647d9d3ed4496fc5bb0dc90f199ca8645338e65f97538a34766,398f0cb844d7fe2c7828c91ca3a4e9289118e77a5917ae28b4e52b7a521e27de,40,16384,0.2,0.3333333333333333,1.0,0.2,0.5990229604298974,0.998046875,16344,0,32,8,0.2
image_772.h5,2ef84781435110c4429b3b6e891bb2ac3515cb9a4c2079741108ec97c4ec73d5,951ac3528a7a21d3c24da39efa84e3b396f6ac9cd5efa272e0a906c22ebb2522,125,16384,0.29024390243902437,0.4499054820415879,0.29455445544554454,0.952,0.6361763625321467,0.98223876953125,15974,285,6,119,0.29024390243902437
image_773.h5,a61a237528add6a9a9d92cde15af071749b8f841a02ff8641698aa017d8958eb,88eb8f77ca4d8b9674ada5509a2913e8c2140dae6d478976eaf8ad3f115310b5,90,16384,0.0,0.0,0.0,0.0,0.49725341796875,0.9945068359375,16294,0,90,0,0.0
image_774.h5,f78cd761679a420586abb362024c28407dd05b727ce4f698c46412ddd67fff28,38b17089daf962b44757d0f1f82d71538b7891ca1f22f55112b1c54cf9cb7e26,2717,16384,0.4960505529225908,0.6631467793030623,0.5169788022226796,0.9245491350754509,0.6560414240968202,0.84423828125,11320,2347,205,2512,0.4960505529225908
image_775.h5,41a3c3cb5c4244457796a5e37f0d3e423d4f014c96c8737076555a5b185bf974,3d20b7ea612ffa42d09213263a5ec6c64df86e02d5fb480d80dc80cffcc86eb6,325,16384,0.4824561403508772,0.650887573964497,0.5288461538461539,0.8461538461538461,0.7320716979611485,0.98199462890625,15814,245,50,275,0.4824561403508772
image_776.h5,322b1b57655d0cbda4c56960f1e2b96f82352bcc5bb1122bd3b320b4f8668711,b18f9b09dca1731c2ea23516f99221420588d33388c2755af361b591bfdaa4ea,0,16384,0.0,0.0,0.0,0.0,0.5,1.0,16384,0,0,0,
image_777.h5,73ce1930c55247c4c61212bff5571b182eeeaebcdc3605b4aaa95ec3b6d197d6,d461e34fa4c73198a8420288658218a582a68655483e232029a08fa73dad3344,105,16384,0.32727272727272727,0.4931506849315068,0.47368421052631576,0.5142857142857142,0.6602377108500808,0.99322509765625,16219,60,51,54,0.32727272727272727
image_778.h5,18d97dabdbb90b9713b6c4946c78ab6422bedba1a26f7ab3a7bcf8a3dfd6d12f,0895a3477bfee2a664a866776b9e582a4222e44960934306537f7a7701adfc8f,40,16384,0.0,0.0,0.0,0.0,0.498779296875,0.99755859375,16344,0,40,0,0.0
image_779.h5,8d1829847692b8f975e7cdcbbadb9ffb9a949bf580fa0530491e78dee71e55cb,8d0be23c64158f1876c6961a2b04f7ee3072b3e7f626a397d179948e5ea15b37,1254,16384,0.4283246977547496,0.599758162031439,0.48296007789678674,0.7910685805422647,0.6711529933680193,0.919189453125,14068,1062,262,992,0.4283246977547496
image_780.h5,ba8dd0cc6fee27d45f6acb55ed0c68df292d22fb71a8f9acef4f6078124ceb82,02e2dbcc4042dff07c1ac9884edd7379c399ee51c209c667e12f3a1104f44ae8,956,16384,0.41925701288855194,0.5908119658119658,0.6037117903930131,0.5784518828451883,0.6854354674701113,0.9532470703125,15065,363,403,553,0.41925701288855194
image_781.h5,85ef42870e26eeec2fbaf6030da144dd856040951927d93190f68c3353ade37c,8640a33a2881dbe2f261691403daa899371715c13cda68e5c4477f77fbe4ceff,399,16384,0.2674698795180723,0.4220532319391635,0.8740157480314961,0.2781954887218045,0.6243943141829285,0.9814453125,15969,16,288,111,0.2674698795180723
image_782.h5,9d18576a773bc9acd14a04628879f2c6bc79b8dbc5703959021fb2d7a2598276,f518ab647dc87b252ec727288558e09f250b376e57103421aadd0588f463e7bb,3321,16384,0.7327107521453812,0.8457392571012382,0.8191309255079007,0.8741342968985245,0.8270778744036749,0.93536376953125,12422,641,418,2903,0.7327107521453812
image_783.h5,8181385e3a362143baa858f18d8f5a1ec12a8e40d56ea5ed573d9e05843ce418,5eefff8ecb68e9639538c6b7cacd2fac2d1851d2c41da49f9d02dad4e0cdf610,283,16384,0.0035335689045936395,0.007042253521126761,1.0,0.0035335689045936395,0.4931603021230531,0.9827880859375,16101,0,282,1,0.0035335689045936395
image_784.h5,3a5ead88cb9a073c5edb5d81e8689911f02d1d4da43e0e152b768e4fa67cc99a,99fb0d64ecdc3e72efffb6e9bccec39bd2eccfeb55c0fd0e4798d9aa1b0a2726,44,16384,0.0,0.0,0.0,0.0,0.4986572265625,0.997314453125,16340,0,44,0,0.0
image_785.h5,de3c029dbe4d1d9b29687a4e650b3859718b8e89285c075aab9acb1cbd4d22b6,95694aacb98a19c79476886ab38cdfc9c875e0eb9deca2467f5cdceeb6a2081a,138,16384,0.18269230769230768,0.3089430894308943,0.35185185185185186,0.2753623188405797,0.5861461049045167,0.9896240234375,16176,70,100,38,0.18269230769230768
image_786.h5,25cd6acb06499e4098ae9ef7ecdd163768c2407d347b5eac6ccabdce10029f89,9e763f33f18d791941ac2e7bbaf21c9a520095172c104c587b80e1c4a477a7fe,2236,16384,0.49783720015729455,0.6647414019427671,0.8048315321042594,0.5661896243291592,0.7066841775359829,0.92205810546875,13841,307,970,1266,0.49783720015729455
image_787.h5,dca9cc9402252901260c3702b2adcac357f2a963d4f77fe9bf66ca00ca8f4fa8,290bd5e424f1a666020b3408628e016401fa562e688bb28454457eca31466ae8,192,16384,0.45454545454545453,0.625,0.6534090909090909,0.5989583333333334,0.7230315323621611,0.9915771484375,16131,61,77,115,0.45454545454545453
image_788.h5,5be4f9f78ac406e90bbf51fd814ed93a5810994d7c9039e18c44142a3fea4c5a,4eec94edf896a5d974bfae8dad68d46152da5d255f4d574ea213bba67d769684,137,16384,0.0,0.0,0.0,0.0,0.495819091796875,0.99163818359375,16247,0,137,0,0.0
image_789.h5,7c16054eccad3b3c860c4fe61176fe2efeb9e4b15d643bdc4d2d3dd3c64e9e68,090bfc4e4bf542f8e945aa40e2a1b24e408ba0d18dddabe9b2bc662549ffbc48,195,16384,0.18840579710144928,0.3170731707317073,0.7647058823529411,0.2,0.5890637122552215,0.98974609375,16177,12,156,39,0.18840579710144928
image_790.h5,b3a98a5f4a6e3554d403b77f4e2a950eee5bfbb2f8e30a900477402dafb6e285,df4a9d1cb54df71129d581bbd5d41b99f0a6ca380e18836dc824be4172247fa9,5,16384,0.0,0.0,0.0,0.0,0.499847412109375,0.99969482421875,16379,0,5,0,0.0
image_791.h5,4fc672e52443447c37ee8ca717f9361b3ddb818141cb6a5c1762d21b24ea2d42,bfe73e6e2cc90b94dde7a135c003204ba82899e9b230efe85987ac814a6dfe8e,136,16384,0.16891891891891891,0.28901734104046245,0.6756756756756757,0.18382352941176472,0.5807000609632188,0.99249267578125,16236,12,111,25,0.16891891891891891
image_792.h5,bc5fba1a695c1645c20a783682493b82396708e80849ed96045fdd5f217dcf04,fd09de2836f6b869e7c7b9f40cc61dd14b5998a817a55f532eccc8c7518064cf,153,16384,0.4673913043478261,0.6370370370370371,0.7350427350427351,0.5620915032679739,0.730689148308408,0.9940185546875,16200,31,67,86,0.4673913043478261
image_793.h5,4b1691ba5363693541c0006fecb183dabcfbd9ee81946a6e5b1abd5303369fd3,77d3b488e8000e612d35831e0b39c5ffa983fac91f5ae40bf159e214da155eea,1110,16384,0.23647469458987783,0.3824982357092449,0.8827361563517915,0.24414414414414415,0.5910853582177963,0.94659423828125,15238,36,839,271,0.23647469458987783
image_794.h5,c0789d973a0b9de0d882167bc56bbdd574626e56c940d9a148a8e7678d134fce,a6b3856a72df2c70661a6eaab7dc8eca13057a0dfb67fa8026f4f7029dd6f244,45,16384,0.2,0.3333333333333333,1.0,0.2,0.5989007633587786,0.997802734375,16339,0,36,9,0.2
image_795.h5,2a400a4a87fc8c8df48db02d78435253be37482a25155d9b1027f80fd2f72f3e,8f386d4df44034257a80fde19f0ecc1e61e06dc0fda4cb41c5db798db3203eae,27,16384,0.1388888888888889,0.24390243902439024,0.35714285714285715,0.18518518518518517,0.5684981107244371,0.99810791015625,16348,9,22,5,0.1388888888888889
image_796.h5,95b57db13c41ce5a9fc00625518f44cac7d1124f5f5bd0a8e9df8b730e33db4f,eca3ca381afe53e59f9a3526e9cea61a952a2925da3838137cc2433b9bcda1e8,555,16384,0.49697885196374625,0.6639757820383451,0.7545871559633027,0.5927927927927928,0.738118824923013,0.97967529296875,15722,107,226,329,0.49697885196374625
image_797.h5,8fa20da48e5b719393bfd46a8d416dbbef743c1343f9b5c6ebe602b1e0d17133,39be35430f849e25815f2fe90f44058c81a47926fc74f99be024ee425a751c14,281,16384,0.01773049645390071,0.03484320557491289,0.8333333333333334,0.017793594306049824,0.500409298535272,0.98309326171875,16102,1,276,5,0.01773049645390071
image_798.h5,c94f95df8973d8245836c892cefeb16825a9ce5de78959b19466991c5c25cea4,710d6452de98c7ef29494dfb0a6ef261aaebb2b1f144642b903c845a946642b1,355,16384,0.40431266846361186,0.5758157389635317,0.9036144578313253,0.4225352112676056,0.6953496322483145,0.98651123046875,16013,16,205,150,0.40431266846361186
image_799.h5,d98403c4cbd3e1c36bcc65e6741721ef422683a03628a207e65943b3679ac674,5727467e5f3e9a07f423a4583e67c06fe2d68b360662ee3c03153199596d567b,598,16384,0.10566258026853473,0.191129883843717,0.1396604938271605,0.30267558528428096,0.5055560941829004,0.906494140625,14671,1115,417,181,0.10566258026853473
image_800.h5,7497c0ef13866e37cd05b1f4fb110d3479d3322e177ea477851e8a0f2f008e51,7512063304cc709fcbc23d330bcdb6cc1719dee434919d30e0af536c9a6caf61,50,16384,0.5,0.6666666666666666,0.582089552238806,0.78,0.7488069746099725,0.99761962890625,16306,28,11,39,0.5
