model,seed,stage,sample,region,block_id,acquisition_date,valid_pixels,positive_pixels,raw_background_patch,Landslide_IoU,Landslide_F1,Landslide_Precision,Landslide_Recall,mIoU,OA,TN,FP,FN,TP,foreground_patch_iou
zero_shot_s2026,2026,zero_shot,dominicamaria_s2_1000.nc,dominicamaria,dominicamaria:265:660,2018-02-01T00:00:00,16306,440,False,0.0,0.0,0.0,0.0,0.48650803385256963,0.9730160677051393,15866,0,440,0,0.0
zero_shot_s2026,2026,zero_shot,dominicamaria_s2_1001.nc,dominicamaria,dominicamaria:265:660,2018-02-01T00:00:00,15936,453,False,0.0,0.0,0.0,0.0,0.48537901606425704,0.9707580321285141,15470,13,453,0,0.0
zero_shot_s2026,2026,zero_shot,dominicamaria_s2_1002.nc,dominicamaria,dominicamaria:265:661,2018-02-01T00:00:00,16343,525,False,0.0,0.0,0.0,0.0,0.48393807746435785,0.9678761549287157,15818,0,525,0,0.0
zero_shot_s2026,2026,zero_shot,dominicamaria_s2_1003.nc,dominicamaria,dominicamaria:265:661,2018-02-01T00:00:00,16311,430,False,0.0,0.0,0.0,0.0,0.4868187112991233,0.9736374225982466,15881,0,430,0,0.0
zero_shot_s2026,2026,zero_shot,dominicamaria_s2_1004.nc,dominicamaria,dominicamaria:265:662,2018-02-01T00:00:00,16380,0,True,0.0,0.0,0.0,0.0,0.5,1.0,16380,0,0,0,
zero_shot_s2026,2026,zero_shot,dominicamaria_s2_1005.nc,dominicamaria,dominicamaria:265:662,2018-02-01T00:00:00,16261,11,False,0.0,0.0,0.0,0.0,0.4996002705860648,0.9992005411721296,16248,2,11,0,0.0
zero_shot_s2026,2026,zero_shot,dominicamaria_s2_1007.nc,dominicamaria,dominicamaria:265:663,2018-02-01T00:00:00,14528,0,True,0.0,0.0,0.0,0.0,0.5,1.0,14528,0,0,0,
zero_shot_s2026,2026,zero_shot,dominicamaria_s2_1009.nc,dominicamaria,dominicamaria:265:664,2018-02-01T00:00:00,15628,19,False,0.0,0.0,0.0,0.0,0.499392116713591,0.998784233427182,15609,0,19,0,0.0
zero_shot_s2026,2026,zero_shot,dominicamaria_s2_1010.nc,dominicamaria,dominicamaria:265:665,2018-02-01T00:00:00,16384,79,False,0.0,0.0,0.0,0.0,0.497589111328125,0.99517822265625,16305,0,79,0,0.0
zero_shot_s2026,2026,zero_shot,dominicamaria_s2_1011.nc,dominicamaria,dominicamaria:265:665,2018-02-01T00:00:00,16384,0,True,0.0,0.0,0.0,0.0,0.5,1.0,16384,0,0,0,
zero_shot_s2026,2026,zero_shot,dominicamaria_s2_1012.nc,dominicamaria,dominicamaria:265:666,2018-02-01T00:00:00,16336,16,False,0.0,0.0,0.0,0.0,0.49951028403525954,0.9990205680705191,16320,0,16,0,0.0
zero_shot_s2026,2026,zero_shot,dominicamaria_s2_1013.nc,dominicamaria,dominicamaria:265:666,2018-02-01T00:00:00,16380,68,False,0.0,0.0,0.0,0.0,0.49792429792429793,0.9958485958485959,16312,0,68,0,0.0
zero_shot_s2026,2026,zero_shot,dominicamaria_s2_1015.nc,dominicamaria,dominicamaria:265:667,2018-02-01T00:00:00,16384,70,False,0.0,0.0,0.0,0.0,0.49786376953125,0.9957275390625,16314,0,70,0,0.0
zero_shot_s2026,2026,zero_shot,dominicamaria_s2_1016.nc,dominicamaria,dominicamaria:265:668,2018-02-01T00:00:00,16384,417,False,0.0,0.0,0.0,0.0,0.487274169921875,0.97454833984375,15967,0,417,0,0.0
zero_shot_s2026,2026,zero_shot,dominicamaria_s2_1017.nc,dominicamaria,dominicamaria:265:668,2018-02-01T00:00:00,16384,131,False,0.0,0.0,0.0,0.0,0.496002197265625,0.99200439453125,16253,0,131,0,0.0
zero_shot_s2026,2026,zero_shot,dominicamaria_s2_1018.nc,dominicamaria,dominicamaria:265:669,2018-02-01T00:00:00,16380,623,False,0.0,0.0,0.0,0.0,0.4807081807081807,0.9614163614163614,15748,9,623,0,0.0
zero_shot_s2026,2026,zero_shot,dominicamaria_s2_1019.nc,dominicamaria,dominicamaria:265:669,2018-02-01T00:00:00,16080,90,False,0.019955654101995565,0.0391304347826087,0.024324324324324326,0.1,0.49622634923381154,0.9725124378109453,15629,361,81,9,0.019955654101995565
zero_shot_s2026,2026,zero_shot,dominicamaria_s2_1020.nc,dominicamaria,dominicamaria:265:670,2017-10-09T00:00:00,16179,37,False,0.0,0.0,0.0,0.0,0.4988565424315471,0.9977130848630942,16142,0,37,0,0.0
zero_shot_s2026,2026,zero_shot,dominicamaria_s2_1021.nc,dominicamaria,dominicamaria:265:670,2017-11-18T00:00:00,16373,0,True,0.0,0.0,0.0,0.0,0.5,1.0,16373,0,0,0,
zero_shot_s2026,2026,zero_shot,dominicamaria_s2_1022.nc,dominicamaria,dominicamaria:265:671,2018-02-01T00:00:00,16305,24,False,0.0,0.0,0.0,0.0,0.4992640294388224,0.9985280588776448,16281,0,24,0,0.0
zero_shot_s2026,2026,zero_shot,dominicamaria_s2_1030.nc,dominicamaria,dominicamaria:265:675,2017-10-09T00:00:00,16384,0,True,0.0,0.0,0.0,0.0,0.5,1.0,16384,0,0,0,
zero_shot_s2026,2026,zero_shot,dominicamaria_s2_1031.nc,dominicamaria,dominicamaria:265:675,2017-10-09T00:00:00,16384,0,True,0.0,0.0,0.0,0.0,0.5,1.0,16384,0,0,0,
zero_shot_s2026,2026,zero_shot,dominicamaria_s2_1032.nc,dominicamaria,dominicamaria:265:676,2017-10-09T00:00:00,16384,0,True,0.0,0.0,0.0,0.0,0.5,1.0,16384,0,0,0,
zero_shot_s2026,2026,zero_shot,dominicamaria_s2_1034.nc,dominicamaria,dominicamaria:265:677,2017-10-09T00:00:00,16384,0,True,0.0,0.0,0.0,0.0,0.5,1.0,16384,0,0,0,
zero_shot_s2026,2026,zero_shot,dominicamaria_s2_1036.nc,dominicamaria,dominicamaria:265:678,2017-10-09T00:00:00,16384,0,True,0.0,0.0,0.0,0.0,0.5,1.0,16384,0,0,0,
zero_shot_s2026,2026,zero_shot,dominicamaria_s2_1038.nc,dominicamaria,dominicamaria:265:679,2017-10-09T00:00:00,16384,0,True,0.0,0.0,0.0,0.0,0.5,1.0,16384,0,0,0,
zero_shot_s2026,2026,zero_shot,dominicamaria_s2_1041.nc,dominicamaria,dominicamaria:266:654,2017-10-09T00:00:00,16384,0,True,0.0,0.0,0.0,0.0,0.5,1.0,16384,0,0,0,
zero_shot_s2026,2026,zero_shot,dominicamaria_s2_1043.nc,dominicamaria,dominicamaria:266:655,2017-10-09T00:00:00,16384,0,True,0.0,0.0,0.0,0.0,0.5,1.0,16384,0,0,0,
zero_shot_s2026,2026,zero_shot,dominicamaria_s2_1044.nc,dominicamaria,dominicamaria:266:656,2017-10-09T00:00:00,16384,0,True,0.0,0.0,0.0,0.0,0.5,1.0,16384,0,0,0,
zero_shot_s2026,2026,zero_shot,dominicamaria_s2_1047.nc,dominicamaria,dominicamaria:266:657,2017-11-23T00:00:00,16344,38,False,0.0,0.0,0.0,0.0,0.49880690161527164,0.9976138032305433,16305,1,38,0,0.0
zero_shot_s2026,2026,zero_shot,dominicamaria_s2_1048.nc,dominicamaria,dominicamaria:266:658,2017-12-13T00:00:00,16307,107,False,0.0,0.0,0.0,0.0,0.4946955295271969,0.9893910590543938,16134,66,107,0,0.0
zero_shot_s2026,2026,zero_shot,dominicamaria_s2_1049.nc,dominicamaria,dominicamaria:266:658,2018-02-01T00:00:00,16251,1404,False,0.0,0.0,0.0,0.0,0.4568026582979509,0.9136053165959018,14847,0,1404,0,0.0
zero_shot_s2026,2026,zero_shot,dominicamaria_s2_1050.nc,dominicamaria,dominicamaria:266:659,2018-02-01T00:00:00,15970,4528,False,0.0,0.0,0.0,0.0,0.35823418910457105,0.7164683782091421,11442,0,4528,0,0.0
zero_shot_s2026,2026,zero_shot,dominicamaria_s2_1051.nc,dominicamaria,dominicamaria:266:659,2018-02-01T00:00:00,16201,610,False,0.0,0.0,0.0,0.0,0.48111227701993703,0.9622245540398741,15589,2,610,0,0.0
zero_shot_s2026,2026,zero_shot,dominicamaria_s2_1052.nc,dominicamaria,dominicamaria:266:660,2018-02-01T00:00:00,16337,56,False,0.0,0.0,0.0,0.0,0.49828609903899124,0.9965721980779825,16281,0,56,0,0.0
zero_shot_s2026,2026,zero_shot,dominicamaria_s2_1053.nc,dominicamaria,dominicamaria:266:660,2018-02-01T00:00:00,16279,427,False,0.11931818181818182,0.2131979695431472,0.38414634146341464,0.14754098360655737,0.5453213997398754,0.9714355918668223,15751,101,364,63,0.11931818181818182
zero_shot_s2026,2026,zero_shot,dominicamaria_s2_1054.nc,dominicamaria,dominicamaria:266:661,2018-02-01T00:00:00,15944,13,False,0.0,0.0,0.0,0.0,0.49598595082789765,0.9919719016557953,15816,115,13,0,0.0
zero_shot_s2026,2026,zero_shot,dominicamaria_s2_1055.nc,dominicamaria,dominicamaria:266:661,2018-02-01T00:00:00,16326,0,True,0.0,0.0,0.0,0.0,0.5,1.0,16326,0,0,0,
zero_shot_s2026,2026,zero_shot,dominicamaria_s2_1057.nc,dominicamaria,dominicamaria:266:662,2018-02-01T00:00:00,14233,0,True,0.0,0.0,0.0,0.0,0.5,1.0,14233,0,0,0,
zero_shot_s2026,2026,zero_shot,dominicamaria_s2_1058.nc,dominicamaria,dominicamaria:266:663,2018-02-01T00:00:00,14317,32,False,0.02112676056338028,0.041379310344827586,0.022332506203473945,0.28125,0.49599111301862053,0.970873786407767,13891,394,23,9,0.02112676056338028
zero_shot_s2026,2026,zero_shot,dominicamaria_s2_105.nc,dominicamaria,dominicamaria:257:654,2017-11-03T00:00:00,16384,0,True,0.0,0.0,0.0,0.0,0.5,1.0,16384,0,0,0,
zero_shot_s2026,2026,zero_shot,dominicamaria_s2_1061.nc,dominicamaria,dominicamaria:266:664,2018-01-02T00:00:00,16347,0,True,0.0,0.0,0.0,0.0,0.4949837890744479,0.9899675781488958,16183,164,0,0,
zero_shot_s2026,2026,zero_shot,dominicamaria_s2_1062.nc,dominicamaria,dominicamaria:266:665,2018-02-01T00:00:00,16370,131,False,0.0,0.0,0.0,0.0,0.4959987782529017,0.9919975565058033,16239,0,131,0,0.0
zero_shot_s2026,2026,zero_shot,dominicamaria_s2_1063.nc,dominicamaria,dominicamaria:266:665,2018-02-01T00:00:00,16380,143,False,0.0,0.0,0.0,0.0,0.49563492063492065,0.9912698412698413,16237,0,143,0,0.0
zero_shot_s2026,2026,zero_shot,dominicamaria_s2_1064.nc,dominicamaria,dominicamaria:266:666,2018-02-01T00:00:00,16384,371,False,0.0,0.0,0.0,0.0,0.488677978515625,0.97735595703125,16013,0,371,0,0.0
zero_shot_s2026,2026,zero_shot,dominicamaria_s2_1065.nc,dominicamaria,dominicamaria:266:666,2018-02-01T00:00:00,16362,212,False,0.0,0.0,0.0,0.0,0.4935215743796602,0.9870431487593204,16150,0,212,0,0.0
zero_shot_s2026,2026,zero_shot,dominicamaria_s2_1066.nc,dominicamaria,dominicamaria:266:667,2018-02-01T00:00:00,16380,17,False,0.0,0.0,0.0,0.0,0.4994810744810745,0.998962148962149,16363,0,17,0,0.0
zero_shot_s2026,2026,zero_shot,dominicamaria_s2_1067.nc,dominicamaria,dominicamaria:266:667,2018-02-01T00:00:00,16376,222,False,0.0,0.0,0.0,0.0,0.4932217879824133,0.9864435759648266,16154,0,222,0,0.0
zero_shot_s2026,2026,zero_shot,dominicamaria_s2_1068.nc,dominicamaria,dominicamaria:266:668,2018-02-01T00:00:00,16364,609,False,0.0,0.0,0.0,0.0,0.4813920801759961,0.9627841603519922,15755,0,609,0,0.0
zero_shot_s2026,2026,zero_shot,dominicamaria_s2_1069.nc,dominicamaria,dominicamaria:266:668,2018-02-01T00:00:00,16372,94,False,0.0,0.0,0.0,0.0,0.4971292450525287,0.9942584901050574,16278,0,94,0,0.0
zero_shot_s2026,2026,zero_shot,dominicamaria_s2_106.nc,dominicamaria,dominicamaria:257:655,2017-10-14T00:00:00,16384,0,True,0.0,0.0,0.0,0.0,0.5,1.0,16384,0,0,0,
zero_shot_s2026,2026,zero_shot,dominicamaria_s2_1070.nc,dominicamaria,dominicamaria:266:669,2018-02-01T00:00:00,16384,100,False,0.0,0.0,0.0,0.0,0.4969482421875,0.993896484375,16284,0,100,0,0.0
zero_shot_s2026,2026,zero_shot,dominicamaria_s2_1071.nc,dominicamaria,dominicamaria:266:669,2018-02-01T00:00:00,16376,343,False,0.0,0.0,0.0,0.0,0.48952735710796286,0.9790547142159257,16033,0,343,0,0.0
zero_shot_s2026,2026,zero_shot,dominicamaria_s2_1072.nc,dominicamaria,dominicamaria:266:670,2017-11-18T00:00:00,15940,70,False,0.0,0.0,0.0,0.0,0.4978042659974906,0.9956085319949812,15870,0,70,0,0.0
zero_shot_s2026,2026,zero_shot,dominicamaria_s2_1075.nc,dominicamaria,dominicamaria:266:671,2017-11-23T00:00:00,16297,0,True,0.0,0.0,0.0,0.0,0.5,1.0,16297,0,0,0,
zero_shot_s2026,2026,zero_shot,dominicamaria_s2_1076.nc,dominicamaria,dominicamaria:266:672,2017-12-13T00:00:00,16384,0,True,0.0,0.0,0.0,0.0,0.5,1.0,16384,0,0,0,
zero_shot_s2026,2026,zero_shot,dominicamaria_s2_1077.nc,dominicamaria,dominicamaria:266:672,2018-03-18T00:00:00,16243,0,True,0.0,0.0,0.0,0.0,0.4999076525272425,0.999815305054485,16240,3,0,0,
zero_shot_s2026,2026,zero_shot,dominicamaria_s2_1078.nc,dominicamaria,dominicamaria:266:673,2017-10-09T00:00:00,16149,0,True,0.0,0.0,0.0,0.0,0.49990711499164037,0.9998142299832807,16146,3,0,0,
zero_shot_s2026,2026,zero_shot,dominicamaria_s2_1079.nc,dominicamaria,dominicamaria:266:673,2017-10-09T00:00:00,16384,0,True,0.0,0.0,0.0,0.0,0.5,1.0,16384,0,0,0,
zero_shot_s2026,2026,zero_shot,dominicamaria_s2_107.nc,dominicamaria,dominicamaria:257:655,2017-10-14T00:00:00,16384,0,True,0.0,0.0,0.0,0.0,0.5,1.0,16384,0,0,0,
zero_shot_s2026,2026,zero_shot,dominicamaria_s2_1080.nc,dominicamaria,dominicamaria:266:674,2017-10-09T00:00:00,16384,0,True,0.0,0.0,0.0,0.0,0.5,1.0,16384,0,0,0,
zero_shot_s2026,2026,zero_shot,dominicamaria_s2_1081.nc,dominicamaria,dominicamaria:266:674,2017-10-09T00:00:00,16384,0,True,0.0,0.0,0.0,0.0,0.5,1.0,16384,0,0,0,
zero_shot_s2026,2026,zero_shot,dominicamaria_s2_1082.nc,dominicamaria,dominicamaria:266:675,2017-10-09T00:00:00,16384,0,True,0.0,0.0,0.0,0.0,0.5,1.0,16384,0,0,0,
zero_shot_s2026,2026,zero_shot,dominicamaria_s2_1083.nc,dominicamaria,dominicamaria:266:675,2017-10-09T00:00:00,16384,0,True,0.0,0.0,0.0,0.0,0.5,1.0,16384,0,0,0,
zero_shot_s2026,2026,zero_shot,dominicamaria_s2_1084.nc,dominicamaria,dominicamaria:266:676,2017-10-09T00:00:00,16384,0,True,0.0,0.0,0.0,0.0,0.5,1.0,16384,0,0,0,
zero_shot_s2026,2026,zero_shot,dominicamaria_s2_1089.nc,dominicamaria,dominicamaria:266:678,2017-10-09T00:00:00,16384,0,True,0.0,0.0,0.0,0.0,0.5,1.0,16384,0,0,0,
zero_shot_s2026,2026,zero_shot,dominicamaria_s2_108.nc,dominicamaria,dominicamaria:257:656,2017-10-14T00:00:00,16384,0,True,0.0,0.0,0.0,0.0,0.5,1.0,16384,0,0,0,
zero_shot_s2026,2026,zero_shot,dominicamaria_s2_1090.nc,dominicamaria,dominicamaria:266:679,2017-10-09T00:00:00,16384,0,True,0.0,0.0,0.0,0.0,0.5,1.0,16384,0,0,0,
zero_shot_s2026,2026,zero_shot,dominicamaria_s2_1093.nc,dominicamaria,dominicamaria:266:654,2017-10-09T00:00:00,16384,0,True,0.0,0.0,0.0,0.0,0.5,1.0,16384,0,0,0,
zero_shot_s2026,2026,zero_shot,dominicamaria_s2_1094.nc,dominicamaria,dominicamaria:266:655,2017-10-09T00:00:00,16384,0,True,0.0,0.0,0.0,0.0,0.5,1.0,16384,0,0,0,
zero_shot_s2026,2026,zero_shot,dominicamaria_s2_1096.nc,dominicamaria,dominicamaria:266:656,2017-10-09T00:00:00,16384,0,True,0.0,0.0,0.0,0.0,0.5,1.0,16384,0,0,0,
zero_shot_s2026,2026,zero_shot,dominicamaria_s2_1097.nc,dominicamaria,dominicamaria:266:656,2017-10-09T00:00:00,16384,0,True,0.0,0.0,0.0,0.0,0.5,1.0,16384,0,0,0,
zero_shot_s2026,2026,zero_shot,dominicamaria_s2_1098.nc,dominicamaria,dominicamaria:266:657,2017-11-03T00:00:00,16384,0,True,0.0,0.0,0.0,0.0,0.5,1.0,16384,0,0,0,
zero_shot_s2026,2026,zero_shot,dominicamaria_s2_1099.nc,dominicamaria,dominicamaria:266:657,2017-11-03T00:00:00,16384,0,True,0.0,0.0,0.0,0.0,0.5,1.0,16384,0,0,0,
zero_shot_s2026,2026,zero_shot,dominicamaria_s2_109.nc,dominicamaria,dominicamaria:257:656,2017-10-14T00:00:00,16384,0,True,0.0,0.0,0.0,0.0,0.5,1.0,16384,0,0,0,
zero_shot_s2026,2026,zero_shot,dominicamaria_s2_1100.nc,dominicamaria,dominicamaria:266:658,2017-10-09T00:00:00,16384,0,True,0.0,0.0,0.0,0.0,0.5,1.0,16384,0,0,0,
zero_shot_s2026,2026,zero_shot,dominicamaria_s2_1101.nc,dominicamaria,dominicamaria:266:658,2017-11-23T00:00:00,16210,1451,False,0.04061251664447404,0.0780550223928343,0.5446428571428571,0.04203997243280496,0.47569049264015145,0.9111042566317088,14708,51,1390,61,0.04061251664447404
zero_shot_s2026,2026,zero_shot,dominicamaria_s2_1102.nc,dominicamaria,dominicamaria:266:659,2018-02-01T00:00:00,16352,2312,False,0.0,0.0,0.0,0.0,0.42930528375733856,0.8586105675146771,14040,0,2312,0,0.0
zero_shot_s2026,2026,zero_shot,dominicamaria_s2_1103.nc,dominicamaria,dominicamaria:266:659,2018-02-01T00:00:00,16008,772,False,0.0,0.0,0.0,0.0,0.4758870564717641,0.9517741129435282,15236,0,772,0,0.0
zero_shot_s2026,2026,zero_shot,dominicamaria_s2_1104.nc,dominicamaria,dominicamaria:266:660,2018-02-01T00:00:00,16376,111,False,0.0,0.0,0.0,0.0,0.49661089399120667,0.9932217879824133,16265,0,111,0,0.0
zero_shot_s2026,2026,zero_shot,dominicamaria_s2_1105.nc,dominicamaria,dominicamaria:266:660,2018-02-01T00:00:00,16380,193,False,0.0,0.0,0.0,0.0,0.49374236874236876,0.9874847374847375,16175,12,193,0,0.0
zero_shot_s2026,2026,zero_shot,dominicamaria_s2_1106.nc,dominicamaria,dominicamaria:266:661,2018-02-01T00:00:00,16342,312,False,0.0,0.0,0.0,0.0,0.4875474238159344,0.9750948476318688,15935,95,312,0,0.0
zero_shot_s2026,2026,zero_shot,dominicamaria_s2_1107.nc,dominicamaria,dominicamaria:266:661,2018-02-01T00:00:00,15928,73,False,0.0,0.0,0.0,0.0,0.4752009040683074,0.9504018081366148,15138,717,73,0,0.0
zero_shot_s2026,2026,zero_shot,dominicamaria_s2_1108.nc,dominicamaria,dominicamaria:266:662,2018-02-01T00:00:00,14844,140,False,0.0,0.0,0.0,0.0,0.488244408515225,0.97648881703045,14495,209,140,0,0.0
zero_shot_s2026,2026,zero_shot,dominicamaria_s2_1110.nc,dominicamaria,dominicamaria:266:663,2018-02-01T00:00:00,14688,385,False,0.014198782961460446,0.028,0.06086956521739131,0.01818181818181818,0.49054738548658816,0.9669117647058824,14195,108,378,7,0.014198782961460446
zero_shot_s2026,2026,zero_shot,dominicamaria_s2_1111.nc,dominicamaria,dominicamaria:266:663,2017-11-23T00:00:00,14467,230,False,0.0,0.0,0.0,0.0,0.480956659984793,0.961913319969586,13916,321,230,0,0.0
zero_shot_s2026,2026,zero_shot,dominicamaria_s2_1112.nc,dominicamaria,dominicamaria:266:664,2017-11-23T00:00:00,15582,92,False,0.0,0.0,0.0,0.0,0.48299319727891155,0.9659863945578231,15052,438,92,0,0.0
zero_shot_s2026,2026,zero_shot,dominicamaria_s2_1114.nc,dominicamaria,dominicamaria:266:665,2018-02-01T00:00:00,16384,213,False,0.0,0.0,0.0,0.0,0.493499755859375,0.98699951171875,16171,0,213,0,0.0
zero_shot_s2026,2026,zero_shot,dominicamaria_s2_1115.nc,dominicamaria,dominicamaria:266:665,2018-02-01T00:00:00,16288,42,False,0.0,0.0,0.0,0.0,0.49871070726915523,0.9974214145383105,16246,0,42,0,0.0
zero_shot_s2026,2026,zero_shot,dominicamaria_s2_1116.nc,dominicamaria,dominicamaria:266:666,2018-02-01T00:00:00,16376,408,False,0.0,0.0,0.0,0.0,0.487542745481192,0.975085490962384,15968,0,408,0,0.0
zero_shot_s2026,2026,zero_shot,dominicamaria_s2_1117.nc,dominicamaria,dominicamaria:266:666,2018-02-01T00:00:00,16368,41,False,0.0,0.0,0.0,0.0,0.4987475562072336,0.9974951124144672,16327,0,41,0,0.0
zero_shot_s2026,2026,zero_shot,dominicamaria_s2_1118.nc,dominicamaria,dominicamaria:266:667,2018-02-01T00:00:00,16384,127,False,0.0,0.0,0.0,0.0,0.496124267578125,0.99224853515625,16257,0,127,0,0.0
zero_shot_s2026,2026,zero_shot,dominicamaria_s2_1119.nc,dominicamaria,dominicamaria:266:667,2018-02-01T00:00:00,16384,109,False,0.0,0.0,0.0,0.0,0.496673583984375,0.99334716796875,16275,0,109,0,0.0
zero_shot_s2026,2026,zero_shot,dominicamaria_s2_111.nc,dominicamaria,dominicamaria:257:657,2017-10-14T00:00:00,16384,0,True,0.0,0.0,0.0,0.0,0.5,1.0,16384,0,0,0,
zero_shot_s2026,2026,zero_shot,dominicamaria_s2_1120.nc,dominicamaria,dominicamaria:266:668,2018-02-01T00:00:00,16368,2,False,0.0,0.0,0.0,0.0,0.49993890518084066,0.9998778103616813,16366,0,2,0,0.0
zero_shot_s2026,2026,zero_shot,dominicamaria_s2_1121.nc,dominicamaria,dominicamaria:266:668,2018-02-01T00:00:00,16375,124,False,0.0,0.0,0.0,0.0,0.49621374045801525,0.9924274809160305,16251,0,124,0,0.0
zero_shot_s2026,2026,zero_shot,dominicamaria_s2_1122.nc,dominicamaria,dominicamaria:266:669,2018-02-01T00:00:00,16384,52,False,0.0,0.0,0.0,0.0,0.4984130859375,0.996826171875,16332,0,52,0,0.0
zero_shot_s2026,2026,zero_shot,dominicamaria_s2_1123.nc,dominicamaria,dominicamaria:266:669,2018-02-01T00:00:00,16380,27,False,0.0,0.0,0.0,0.0,0.4991758241758242,0.9983516483516484,16353,0,27,0,0.0
zero_shot_s2026,2026,zero_shot,dominicamaria_s2_1124.nc,dominicamaria,dominicamaria:266:670,2018-02-01T00:00:00,16384,204,False,0.0,0.0,0.0,0.0,0.4937744140625,0.987548828125,16180,0,204,0,0.0
zero_shot_s2026,2026,zero_shot,dominicamaria_s2_1127.nc,dominicamaria,dominicamaria:266:671,2017-11-18T00:00:00,16052,0,True,0.0,0.0,0.0,0.0,0.5,1.0,16052,0,0,0,
zero_shot_s2026,2026,zero_shot,dominicamaria_s2_1128.nc,dominicamaria,dominicamaria:266:672,2017-11-03T00:00:00,16161,0,True,0.0,0.0,0.0,0.0,0.5,1.0,16161,0,0,0,
zero_shot_s2026,2026,zero_shot,dominicamaria_s2_1129.nc,dominicamaria,dominicamaria:266:672,2017-10-09T00:00:00,16376,0,True,0.0,0.0,0.0,0.0,0.5,1.0,16376,0,0,0,
zero_shot_s2026,2026,zero_shot,dominicamaria_s2_1130.nc,dominicamaria,dominicamaria:266:673,2017-10-09T00:00:00,16384,0,True,0.0,0.0,0.0,0.0,0.5,1.0,16384,0,0,0,
zero_shot_s2026,2026,zero_shot,dominicamaria_s2_1131.nc,dominicamaria,dominicamaria:266:673,2017-10-09T00:00:00,16384,0,True,0.0,0.0,0.0,0.0,0.5,1.0,16384,0,0,0,
zero_shot_s2026,2026,zero_shot,dominicamaria_s2_1132.nc,dominicamaria,dominicamaria:266:674,2017-10-09T00:00:00,16384,0,True,0.0,0.0,0.0,0.0,0.5,1.0,16384,0,0,0,
zero_shot_s2026,2026,zero_shot,dominicamaria_s2_1134.nc,dominicamaria,dominicamaria:266:675,2017-10-09T00:00:00,16384,0,True,0.0,0.0,0.0,0.0,0.5,1.0,16384,0,0,0,
zero_shot_s2026,2026,zero_shot,dominicamaria_s2_1135.nc,dominicamaria,dominicamaria:266:675,2017-10-09T00:00:00,16384,0,True,0.0,0.0,0.0,0.0,0.5,1.0,16384,0,0,0,
zero_shot_s2026,2026,zero_shot,dominicamaria_s2_1136.nc,dominicamaria,dominicamaria:266:676,2017-10-09T00:00:00,16384,0,True,0.0,0.0,0.0,0.0,0.5,1.0,16384,0,0,0,
zero_shot_s2026,2026,zero_shot,dominicamaria_s2_1137.nc,dominicamaria,dominicamaria:266:676,2017-10-09T00:00:00,16384,0,True,0.0,0.0,0.0,0.0,0.5,1.0,16384,0,0,0,
zero_shot_s2026,2026,zero_shot,dominicamaria_s2_1138.nc,dominicamaria,dominicamaria:266:677,2017-10-09T00:00:00,16384,0,True,0.0,0.0,0.0,0.0,0.5,1.0,16384,0,0,0,
zero_shot_s2026,2026,zero_shot,dominicamaria_s2_1139.nc,dominicamaria,dominicamaria:266:677,2017-10-09T00:00:00,16384,0,True,0.0,0.0,0.0,0.0,0.5,1.0,16384,0,0,0,
zero_shot_s2026,2026,zero_shot,dominicamaria_s2_1140.nc,dominicamaria,dominicamaria:266:678,2017-10-09T00:00:00,16384,0,True,0.0,0.0,0.0,0.0,0.5,1.0,16384,0,0,0,
zero_shot_s2026,2026,zero_shot,dominicamaria_s2_1141.nc,dominicamaria,dominicamaria:266:678,2017-10-09T00:00:00,16384,0,True,0.0,0.0,0.0,0.0,0.5,1.0,16384,0,0,0,
zero_shot_s2026,2026,zero_shot,dominicamaria_s2_1142.nc,dominicamaria,dominicamaria:266:679,2017-10-09T00:00:00,16384,0,True,0.0,0.0,0.0,0.0,0.5,1.0,16384,0,0,0,
zero_shot_s2026,2026,zero_shot,dominicamaria_s2_1146.nc,dominicamaria,dominicamaria:267:655,2017-10-09T00:00:00,16384,0,True,0.0,0.0,0.0,0.0,0.5,1.0,16384,0,0,0,
zero_shot_s2026,2026,zero_shot,dominicamaria_s2_1147.nc,dominicamaria,dominicamaria:267:655,2017-10-09T00:00:00,16384,0,True,0.0,0.0,0.0,0.0,0.5,1.0,16384,0,0,0,
zero_shot_s2026,2026,zero_shot,dominicamaria_s2_1148.nc,dominicamaria,dominicamaria:267:656,2017-10-09T00:00:00,16384,0,True,0.0,0.0,0.0,0.0,0.5,1.0,16384,0,0,0,
zero_shot_s2026,2026,zero_shot,dominicamaria_s2_1149.nc,dominicamaria,dominicamaria:267:656,2017-10-09T00:00:00,16384,0,True,0.0,0.0,0.0,0.0,0.5,1.0,16384,0,0,0,
zero_shot_s2026,2026,zero_shot,dominicamaria_s2_1150.nc,dominicamaria,dominicamaria:267:657,2017-11-03T00:00:00,16384,0,True,0.0,0.0,0.0,0.0,0.5,1.0,16384,0,0,0,
zero_shot_s2026,2026,zero_shot,dominicamaria_s2_1151.nc,dominicamaria,dominicamaria:267:657,2017-11-03T00:00:00,16384,0,True,0.0,0.0,0.0,0.0,0.5,1.0,16384,0,0,0,
zero_shot_s2026,2026,zero_shot,dominicamaria_s2_1152.nc,dominicamaria,dominicamaria:267:658,2018-02-01T00:00:00,16384,0,True,0.0,0.0,0.0,0.0,0.5,1.0,16384,0,0,0,
zero_shot_s2026,2026,zero_shot,dominicamaria_s2_1153.nc,dominicamaria,dominicamaria:267:658,2017-11-23T00:00:00,16287,1501,False,0.0,0.0,0.0,0.0,0.4539203045373611,0.9078406090747222,14786,0,1501,0,0.0
zero_shot_s2026,2026,zero_shot,dominicamaria_s2_1154.nc,dominicamaria,dominicamaria:267:659,2018-02-01T00:00:00,16371,3096,False,0.0,0.0,0.0,0.0,0.40544255085211656,0.8108851017042331,13275,0,3096,0,0.0
zero_shot_s2026,2026,zero_shot,dominicamaria_s2_1155.nc,dominicamaria,dominicamaria:267:659,2018-02-01T00:00:00,16288,311,False,0.050761421319796954,0.0966183574879227,0.1941747572815534,0.06430868167202572,0.5138857512303435,0.9770383104125737,15894,83,291,20,0.050761421319796954
zero_shot_s2026,2026,zero_shot,dominicamaria_s2_1156.nc,dominicamaria,dominicamaria:267:660,2018-02-01T00:00:00,16110,244,False,0.0,0.0,0.0,0.0,0.49242706393544383,0.9848541278708877,15866,0,244,0,0.0
zero_shot_s2026,2026,zero_shot,dominicamaria_s2_1157.nc,dominicamaria,dominicamaria:267:660,2018-02-01T00:00:00,16364,393,False,0.0,0.0,0.0,0.0,0.4879919335125886,0.9759838670251773,15971,0,393,0,0.0
zero_shot_s2026,2026,zero_shot,dominicamaria_s2_1158.nc,dominicamaria,dominicamaria:267:661,2018-02-01T00:00:00,16169,55,False,0.0,0.0,0.0,0.0,0.4977425938524337,0.9954851877048674,16096,18,55,0,0.0
zero_shot_s2026,2026,zero_shot,dominicamaria_s2_115.nc,dominicamaria,dominicamaria:257:659,2017-10-09T00:00:00,16384,0,True,0.0,0.0,0.0,0.0,0.5,1.0,16384,0,0,0,
zero_shot_s2026,2026,zero_shot,dominicamaria_s2_1160.nc,dominicamaria,dominicamaria:267:662,2018-02-01T00:00:00,16299,421,False,0.0,0.0,0.0,0.0,0.48177802319160684,0.9635560463832137,15705,173,421,0,0.0
zero_shot_s2026,2026,zero_shot,dominicamaria_s2_1161.nc,dominicamaria,dominicamaria:267:662,2018-02-01T00:00:00,16380,298,False,0.0,0.0,0.0,0.0,0.4904151404151404,0.9808302808302808,16066,16,298,0,0.0
zero_shot_s2026,2026,zero_shot,dominicamaria_s2_1162.nc,dominicamaria,dominicamaria:267:663,2017-11-23T00:00:00,14633,1338,False,0.016066212268743916,0.03162434115955918,0.044058744993324434,0.02466367713004484,0.43882077736724867,0.8618875145219709,12579,716,1305,33,0.016066212268743916
zero_shot_s2026,2026,zero_shot,dominicamaria_s2_1163.nc,dominicamaria,dominicamaria:267:663,2018-01-02T00:00:00,15726,808,False,0.0,0.0,0.0,0.0,0.45993895459748185,0.9198779091949637,14466,452,808,0,0.0
zero_shot_s2026,2026,zero_shot,dominicamaria_s2_1164.nc,dominicamaria,dominicamaria:267:664,2018-02-01T00:00:00,16356,642,False,0.0,0.0,0.0,0.0,0.48037417461482024,0.9607483492296405,15714,0,642,0,0.0
zero_shot_s2026,2026,zero_shot,dominicamaria_s2_1165.nc,dominicamaria,dominicamaria:267:664,2018-02-01T00:00:00,16384,119,False,0.0,0.0,0.0,0.0,0.496368408203125,0.99273681640625,16265,0,119,0,0.0
zero_shot_s2026,2026,zero_shot,dominicamaria_s2_1166.nc,dominicamaria,dominicamaria:267:665,2018-02-01T00:00:00,16384,50,False,0.0,0.0,0.0,0.0,0.49847412109375,0.9969482421875,16334,0,50,0,0.0
zero_shot_s2026,2026,zero_shot,dominicamaria_s2_1167.nc,dominicamaria,dominicamaria:267:665,2018-03-03T00:00:00,16357,0,True,0.0,0.0,0.0,0.0,0.5,1.0,16357,0,0,0,
zero_shot_s2026,2026,zero_shot,dominicamaria_s2_1169.nc,dominicamaria,dominicamaria:267:666,2017-11-23T00:00:00,16384,4,False,0.0,0.0,0.0,0.0,0.4998779296875,0.999755859375,16380,0,4,0,0.0
zero_shot_s2026,2026,zero_shot,dominicamaria_s2_1170.nc,dominicamaria,dominicamaria:267:667,2018-02-01T00:00:00,16376,311,False,0.0,0.0,0.0,0.0,0.49050439667806545,0.9810087933561309,16065,0,311,0,0.0
zero_shot_s2026,2026,zero_shot,dominicamaria_s2_1171.nc,dominicamaria,dominicamaria:267:667,2018-02-01T00:00:00,16358,462,False,0.0,0.0,0.0,0.0,0.48572563883115294,0.9714512776623059,15891,5,462,0,0.0
zero_shot_s2026,2026,zero_shot,dominicamaria_s2_1172.nc,dominicamaria,dominicamaria:267:668,2018-02-01T00:00:00,16355,142,False,0.0,0.0,0.0,0.0,0.4956588199327423,0.9913176398654846,16213,0,142,0,0.0
zero_shot_s2026,2026,zero_shot,dominicamaria_s2_1173.nc,dominicamaria,dominicamaria:267:668,2018-02-01T00:00:00,16360,42,False,0.0,0.0,0.0,0.0,0.49871638141809294,0.9974327628361859,16318,0,42,0,0.0
zero_shot_s2026,2026,zero_shot,dominicamaria_s2_1174.nc,dominicamaria,dominicamaria:267:669,2018-03-03T00:00:00,16384,139,False,0.0,0.0,0.0,0.0,0.495758056640625,0.99151611328125,16245,0,139,0,0.0
zero_shot_s2026,2026,zero_shot,dominicamaria_s2_1175.nc,dominicamaria,dominicamaria:267:669,2018-03-03T00:00:00,16367,30,False,0.0,0.0,0.0,0.0,0.4990835217205352,0.9981670434410704,16337,0,30,0,0.0
zero_shot_s2026,2026,zero_shot,dominicamaria_s2_1176.nc,dominicamaria,dominicamaria:267:670,2017-11-23T00:00:00,16380,0,True,0.0,0.0,0.0,0.0,0.5,1.0,16380,0,0,0,
zero_shot_s2026,2026,zero_shot,dominicamaria_s2_1177.nc,dominicamaria,dominicamaria:267:670,2017-11-23T00:00:00,16384,0,True,0.0,0.0,0.0,0.0,0.5,1.0,16384,0,0,0,
zero_shot_s2026,2026,zero_shot,dominicamaria_s2_1178.nc,dominicamaria,dominicamaria:267:671,2017-10-29T00:00:00,16236,0,True,0.0,0.0,0.0,0.0,0.5,1.0,16236,0,0,0,
zero_shot_s2026,2026,zero_shot,dominicamaria_s2_1179.nc,dominicamaria,dominicamaria:267:671,2018-01-02T00:00:00,16367,0,True,0.0,0.0,0.0,0.0,0.5,1.0,16367,0,0,0,
zero_shot_s2026,2026,zero_shot,dominicamaria_s2_1180.nc,dominicamaria,dominicamaria:267:672,2017-10-19T00:00:00,16384,0,True,0.0,0.0,0.0,0.0,0.5,1.0,16384,0,0,0,
zero_shot_s2026,2026,zero_shot,dominicamaria_s2_1181.nc,dominicamaria,dominicamaria:267:672,2017-10-09T00:00:00,16384,0,True,0.0,0.0,0.0,0.0,0.5,1.0,16384,0,0,0,
zero_shot_s2026,2026,zero_shot,dominicamaria_s2_1182.nc,dominicamaria,dominicamaria:267:673,2017-10-09T00:00:00,16384,0,True,0.0,0.0,0.0,0.0,0.5,1.0,16384,0,0,0,
zero_shot_s2026,2026,zero_shot,dominicamaria_s2_1183.nc,dominicamaria,dominicamaria:267:673,2017-10-09T00:00:00,16384,0,True,0.0,0.0,0.0,0.0,0.5,1.0,16384,0,0,0,
zero_shot_s2026,2026,zero_shot,dominicamaria_s2_1184.nc,dominicamaria,dominicamaria:267:674,2017-10-09T00:00:00,16384,0,True,0.0,0.0,0.0,0.0,0.5,1.0,16384,0,0,0,
zero_shot_s2026,2026,zero_shot,dominicamaria_s2_1186.nc,dominicamaria,dominicamaria:267:675,2017-10-19T00:00:00,16384,0,True,0.0,0.0,0.0,0.0,0.5,1.0,16384,0,0,0,
zero_shot_s2026,2026,zero_shot,dominicamaria_s2_1187.nc,dominicamaria,dominicamaria:267:675,2017-10-09T00:00:00,16384,0,True,0.0,0.0,0.0,0.0,0.5,1.0,16384,0,0,0,
zero_shot_s2026,2026,zero_shot,dominicamaria_s2_1188.nc,dominicamaria,dominicamaria:267:676,2017-10-09T00:00:00,16384,0,True,0.0,0.0,0.0,0.0,0.5,1.0,16384,0,0,0,
zero_shot_s2026,2026,zero_shot,dominicamaria_s2_1189.nc,dominicamaria,dominicamaria:267:676,2017-11-03T00:00:00,16384,0,True,0.0,0.0,0.0,0.0,0.5,1.0,16384,0,0,0,
zero_shot_s2026,2026,zero_shot,dominicamaria_s2_1191.nc,dominicamaria,dominicamaria:267:677,2017-10-09T00:00:00,16384,0,True,0.0,0.0,0.0,0.0,0.5,1.0,16384,0,0,0,
zero_shot_s2026,2026,zero_shot,dominicamaria_s2_1192.nc,dominicamaria,dominicamaria:267:678,2017-10-09T00:00:00,16384,0,True,0.0,0.0,0.0,0.0,0.5,1.0,16384,0,0,0,
zero_shot_s2026,2026,zero_shot,dominicamaria_s2_1194.nc,dominicamaria,dominicamaria:267:679,2017-10-09T00:00:00,16384,0,True,0.0,0.0,0.0,0.0,0.5,1.0,16384,0,0,0,
zero_shot_s2026,2026,zero_shot,dominicamaria_s2_119.nc,dominicamaria,dominicamaria:257:661,2017-10-14T00:00:00,16384,0,True,0.0,0.0,0.0,0.0,0.5,1.0,16384,0,0,0,
zero_shot_s2026,2026,zero_shot,dominicamaria_s2_1200.nc,dominicamaria,dominicamaria:267:656,2017-10-09T00:00:00,16384,0,True,0.0,0.0,0.0,0.0,0.5,1.0,16384,0,0,0,
zero_shot_s2026,2026,zero_shot,dominicamaria_s2_1202.nc,dominicamaria,dominicamaria:267:657,2017-11-03T00:00:00,16384,0,True,0.0,0.0,0.0,0.0,0.5,1.0,16384,0,0,0,
zero_shot_s2026,2026,zero_shot,dominicamaria_s2_1203.nc,dominicamaria,dominicamaria:267:657,2017-11-03T00:00:00,16384,0,True,0.0,0.0,0.0,0.0,0.5,1.0,16384,0,0,0,
zero_shot_s2026,2026,zero_shot,dominicamaria_s2_1205.nc,dominicamaria,dominicamaria:267:658,2017-12-13T00:00:00,16345,957,False,0.0,0.0,0.0,0.0,0.4701743652493117,0.9403487304986234,15370,18,957,0,0.0
zero_shot_s2026,2026,zero_shot,dominicamaria_s2_1206.nc,dominicamaria,dominicamaria:267:659,2018-02-01T00:00:00,16384,1977,False,0.0,0.0,0.0,0.0,0.439666748046875,0.87933349609375,14407,0,1977,0,0.0
zero_shot_s2026,2026,zero_shot,dominicamaria_s2_1207.nc,dominicamaria,dominicamaria:267:659,2018-02-01T00:00:00,16209,366,False,0.0,0.0,0.0,0.0,0.4884940465173669,0.9769880930347338,15836,7,366,0,0.0
zero_shot_s2026,2026,zero_shot,dominicamaria_s2_1208.nc,dominicamaria,dominicamaria:267:660,2018-02-01T00:00:00,16168,1877,False,0.0,0.0,0.0,0.0,0.4419532409698169,0.8839064819396338,14291,0,1877,0,0.0
zero_shot_s2026,2026,zero_shot,dominicamaria_s2_1209.nc,dominicamaria,dominicamaria:267:660,2018-02-01T00:00:00,16364,266,False,0.0,0.0,0.0,0.0,0.49187240283549255,0.9837448056709851,16098,0,266,0,0.0
zero_shot_s2026,2026,zero_shot,dominicamaria_s2_1210.nc,dominicamaria,dominicamaria:267:661,2018-02-01T00:00:00,16292,0,True,0.0,0.0,0.0,0.0,0.489473361158851,0.978946722317702,15949,343,0,0,
zero_shot_s2026,2026,zero_shot,dominicamaria_s2_1212.nc,dominicamaria,dominicamaria:267:662,2018-02-01T00:00:00,16283,354,False,0.0,0.0,0.0,0.0,0.48912976724190876,0.9782595344838175,15929,0,354,0,0.0
zero_shot_s2026,2026,zero_shot,dominicamaria_s2_1213.nc,dominicamaria,dominicamaria:267:662,2018-02-01T00:00:00,16384,204,False,0.0,0.0,0.0,0.0,0.4937744140625,0.987548828125,16180,0,204,0,0.0
zero_shot_s2026,2026,zero_shot,dominicamaria_s2_1214.nc,dominicamaria,dominicamaria:267:663,2018-02-01T00:00:00,16374,921,False,0.0,0.0,0.0,0.0,0.4718761451080982,0.9437522902161964,15453,0,921,0,0.0
zero_shot_s2026,2026,zero_shot,dominicamaria_s2_1215.nc,dominicamaria,dominicamaria:267:663,2018-02-01T00:00:00,16384,1169,False,0.0,0.0,0.0,0.0,0.464324951171875,0.92864990234375,15215,0,1169,0,0.0
zero_shot_s2026,2026,zero_shot,dominicamaria_s2_1216.nc,dominicamaria,dominicamaria:267:664,2018-02-01T00:00:00,16286,561,False,0.0,0.0,0.0,0.0,0.482776617954071,0.965553235908142,15725,0,561,0,0.0
zero_shot_s2026,2026,zero_shot,dominicamaria_s2_121.nc,dominicamaria,dominicamaria:257:662,2017-10-14T00:00:00,16384,0,True,0.0,0.0,0.0,0.0,0.5,1.0,16384,0,0,0,
zero_shot_s2026,2026,zero_shot,dominicamaria_s2_1220.nc,dominicamaria,dominicamaria:267:666,2018-02-01T00:00:00,16292,0,True,0.0,0.0,0.0,0.0,0.5,1.0,16292,0,0,0,
zero_shot_s2026,2026,zero_shot,dominicamaria_s2_1221.nc,dominicamaria,dominicamaria:267:666,2018-02-01T00:00:00,16383,0,True,0.0,0.0,0.0,0.0,0.5,1.0,16383,0,0,0,
zero_shot_s2026,2026,zero_shot,dominicamaria_s2_1222.nc,dominicamaria,dominicamaria:267:667,2018-02-01T00:00:00,16384,0,True,0.0,0.0,0.0,0.0,0.5,1.0,16384,0,0,0,
zero_shot_s2026,2026,zero_shot,dominicamaria_s2_1223.nc,dominicamaria,dominicamaria:267:667,2018-02-01T00:00:00,16374,692,False,0.0,0.0,0.0,0.0,0.4788689385611335,0.957737877122267,15682,0,692,0,0.0
zero_shot_s2026,2026,zero_shot,dominicamaria_s2_1224.nc,dominicamaria,dominicamaria:267:668,2018-02-01T00:00:00,16352,683,False,0.0,0.0,0.0,0.0,0.47911570450097846,0.9582314090019569,15669,0,683,0,0.0
zero_shot_s2026,2026,zero_shot,dominicamaria_s2_1225.nc,dominicamaria,dominicamaria:267:668,2018-02-16T00:00:00,16356,219,False,0.0,0.0,0.0,0.0,0.48823061873318657,0.9764612374663731,15971,166,219,0,0.0
zero_shot_s2026,2026,zero_shot,dominicamaria_s2_1226.nc,dominicamaria,dominicamaria:267:669,2018-02-01T00:00:00,16373,58,False,0.0,0.0,0.0,0.0,0.49822879130275455,0.9964575826055091,16315,0,58,0,0.0
zero_shot_s2026,2026,zero_shot,dominicamaria_s2_1227.nc,dominicamaria,dominicamaria:267:669,2018-02-01T00:00:00,16384,0,True,0.0,0.0,0.0,0.0,0.5,1.0,16384,0,0,0,
zero_shot_s2026,2026,zero_shot,dominicamaria_s2_1228.nc,dominicamaria,dominicamaria:267:670,2017-11-03T00:00:00,16145,4,False,0.0,0.0,0.0,0.0,0.49987612263858777,0.9997522452771755,16141,0,4,0,0.0
zero_shot_s2026,2026,zero_shot,dominicamaria_s2_1229.nc,dominicamaria,dominicamaria:267:670,2017-10-29T00:00:00,16078,0,True,0.0,0.0,0.0,0.0,0.5,1.0,16078,0,0,0,
zero_shot_s2026,2026,zero_shot,dominicamaria_s2_122.nc,dominicamaria,dominicamaria:257:663,2017-10-14T00:00:00,16384,0,True,0.0,0.0,0.0,0.0,0.5,1.0,16384,0,0,0,
zero_shot_s2026,2026,zero_shot,dominicamaria_s2_1231.nc,dominicamaria,dominicamaria:267:671,2017-10-09T00:00:00,16384,0,True,0.0,0.0,0.0,0.0,0.5,1.0,16384,0,0,0,
zero_shot_s2026,2026,zero_shot,dominicamaria_s2_1232.nc,dominicamaria,dominicamaria:267:672,2017-10-09T00:00:00,16384,0,True,0.0,0.0,0.0,0.0,0.5,1.0,16384,0,0,0,
zero_shot_s2026,2026,zero_shot,dominicamaria_s2_1233.nc,dominicamaria,dominicamaria:267:672,2017-10-09T00:00:00,16384,0,True,0.0,0.0,0.0,0.0,0.5,1.0,16384,0,0,0,
zero_shot_s2026,2026,zero_shot,dominicamaria_s2_1235.nc,dominicamaria,dominicamaria:267:673,2017-10-09T00:00:00,16384,0,True,0.0,0.0,0.0,0.0,0.5,1.0,16384,0,0,0,
zero_shot_s2026,2026,zero_shot,dominicamaria_s2_1239.nc,dominicamaria,dominicamaria:267:675,2017-11-03T00:00:00,16384,0,True,0.0,0.0,0.0,0.0,0.5,1.0,16384,0,0,0,
zero_shot_s2026,2026,zero_shot,dominicamaria_s2_123.nc,dominicamaria,dominicamaria:257:663,2017-10-14T00:00:00,16384,0,True,0.0,0.0,0.0,0.0,0.5,1.0,16384,0,0,0,
zero_shot_s2026,2026,zero_shot,dominicamaria_s2_1240.nc,dominicamaria,dominicamaria:267:676,2017-11-03T00:00:00,16384,0,True,0.0,0.0,0.0,0.0,0.5,1.0,16384,0,0,0,
zero_shot_s2026,2026,zero_shot,dominicamaria_s2_1241.nc,dominicamaria,dominicamaria:267:676,2017-10-09T00:00:00,16384,0,True,0.0,0.0,0.0,0.0,0.5,1.0,16384,0,0,0,
zero_shot_s2026,2026,zero_shot,dominicamaria_s2_1242.nc,dominicamaria,dominicamaria:267:677,2017-10-09T00:00:00,16384,0,True,0.0,0.0,0.0,0.0,0.5,1.0,16384,0,0,0,
zero_shot_s2026,2026,zero_shot,dominicamaria_s2_1244.nc,dominicamaria,dominicamaria:267:678,2017-10-09T00:00:00,16384,0,True,0.0,0.0,0.0,0.0,0.5,1.0,16384,0,0,0,
zero_shot_s2026,2026,zero_shot,dominicamaria_s2_1245.nc,dominicamaria,dominicamaria:267:678,2017-10-09T00:00:00,16384,0,True,0.0,0.0,0.0,0.0,0.5,1.0,16384,0,0,0,
zero_shot_s2026,2026,zero_shot,dominicamaria_s2_1246.nc,dominicamaria,dominicamaria:267:679,2017-10-09T00:00:00,16384,0,True,0.0,0.0,0.0,0.0,0.5,1.0,16384,0,0,0,
zero_shot_s2026,2026,zero_shot,dominicamaria_s2_1249.nc,dominicamaria,dominicamaria:268:654,2017-10-09T00:00:00,16384,0,True,0.0,0.0,0.0,0.0,0.5,1.0,16384,0,0,0,
zero_shot_s2026,2026,zero_shot,dominicamaria_s2_124.nc,dominicamaria,dominicamaria:257:664,2017-10-14T00:00:00,16384,0,True,0.0,0.0,0.0,0.0,0.5,1.0,16384,0,0,0,
zero_shot_s2026,2026,zero_shot,dominicamaria_s2_1250.nc,dominicamaria,dominicamaria:268:655,2017-10-09T00:00:00,16384,0,True,0.0,0.0,0.0,0.0,0.5,1.0,16384,0,0,0,
zero_shot_s2026,2026,zero_shot,dominicamaria_s2_1251.nc,dominicamaria,dominicamaria:268:655,2017-10-09T00:00:00,16384,0,True,0.0,0.0,0.0,0.0,0.5,1.0,16384,0,0,0,
zero_shot_s2026,2026,zero_shot,dominicamaria_s2_1252.nc,dominicamaria,dominicamaria:268:656,2017-10-09T00:00:00,16384,0,True,0.0,0.0,0.0,0.0,0.5,1.0,16384,0,0,0,
zero_shot_s2026,2026,zero_shot,dominicamaria_s2_1253.nc,dominicamaria,dominicamaria:268:656,2017-10-09T00:00:00,16384,0,True,0.0,0.0,0.0,0.0,0.5,1.0,16384,0,0,0,
zero_shot_s2027,2027,zero_shot,dominicamaria_s2_1000.nc,dominicamaria,dominicamaria:265:660,2018-02-01T00:00:00,16306,440,False,0.0022624434389140274,0.004514672686230248,0.3333333333333333,0.0022727272727272726,0.48760776265781947,0.9729547405862873,15864,2,439,1,0.0022624434389140274
zero_shot_s2027,2027,zero_shot,dominicamaria_s2_1001.nc,dominicamaria,dominicamaria:265:660,2018-02-01T00:00:00,15936,453,False,0.0,0.0,0.0,0.0,0.48462600401606426,0.9692520080321285,15446,37,453,0,0.0
zero_shot_s2027,2027,zero_shot,dominicamaria_s2_1002.nc,dominicamaria,dominicamaria:265:661,2018-02-01T00:00:00,16343,525,False,0.0,0.0,0.0,0.0,0.48393807746435785,0.9678761549287157,15818,0,525,0,0.0
zero_shot_s2027,2027,zero_shot,dominicamaria_s2_1003.nc,dominicamaria,dominicamaria:265:661,2018-02-01T00:00:00,16311,430,False,0.0,0.0,0.0,0.0,0.4866960946600454,0.9733921893200908,15877,4,430,0,0.0
zero_shot_s2027,2027,zero_shot,dominicamaria_s2_1004.nc,dominicamaria,dominicamaria:265:662,2018-02-01T00:00:00,16380,0,True,0.0,0.0,0.0,0.0,0.5,1.0,16380,0,0,0,
zero_shot_s2027,2027,zero_shot,dominicamaria_s2_1005.nc,dominicamaria,dominicamaria:265:662,2018-02-01T00:00:00,16261,11,False,0.0,0.0,0.0,0.0,0.49932353483795583,0.9986470696759117,16239,11,11,0,0.0
zero_shot_s2027,2027,zero_shot,dominicamaria_s2_1007.nc,dominicamaria,dominicamaria:265:663,2018-02-01T00:00:00,14528,0,True,0.0,0.0,0.0,0.0,0.5,1.0,14528,0,0,0,
zero_shot_s2027,2027,zero_shot,dominicamaria_s2_1009.nc,dominicamaria,dominicamaria:265:664,2018-02-01T00:00:00,15628,19,False,0.0,0.0,0.0,0.0,0.499392116713591,0.998784233427182,15609,0,19,0,0.0
zero_shot_s2027,2027,zero_shot,dominicamaria_s2_1010.nc,dominicamaria,dominicamaria:265:665,2018-02-01T00:00:00,16384,79,False,0.0,0.0,0.0,0.0,0.497589111328125,0.99517822265625,16305,0,79,0,0.0
zero_shot_s2027,2027,zero_shot,dominicamaria_s2_1011.nc,dominicamaria,dominicamaria:265:665,2018-02-01T00:00:00,16384,0,True,0.0,0.0,0.0,0.0,0.5,1.0,16384,0,0,0,
zero_shot_s2027,2027,zero_shot,dominicamaria_s2_1012.nc,dominicamaria,dominicamaria:265:666,2018-02-01T00:00:00,16336,16,False,0.0,0.0,0.0,0.0,0.49951028403525954,0.9990205680705191,16320,0,16,0,0.0
zero_shot_s2027,2027,zero_shot,dominicamaria_s2_1013.nc,dominicamaria,dominicamaria:265:666,2018-02-01T00:00:00,16380,68,False,0.0,0.0,0.0,0.0,0.49792429792429793,0.9958485958485959,16312,0,68,0,0.0
zero_shot_s2027,2027,zero_shot,dominicamaria_s2_1015.nc,dominicamaria,dominicamaria:265:667,2018-02-01T00:00:00,16384,70,False,0.0,0.0,0.0,0.0,0.49786376953125,0.9957275390625,16314,0,70,0,0.0
zero_shot_s2027,2027,zero_shot,dominicamaria_s2_1016.nc,dominicamaria,dominicamaria:265:668,2018-02-01T00:00:00,16384,417,False,0.0,0.0,0.0,0.0,0.487274169921875,0.97454833984375,15967,0,417,0,0.0
zero_shot_s2027,2027,zero_shot,dominicamaria_s2_1017.nc,dominicamaria,dominicamaria:265:668,2018-02-01T00:00:00,16384,131,False,0.0,0.0,0.0,0.0,0.496002197265625,0.99200439453125,16253,0,131,0,0.0
zero_shot_s2027,2027,zero_shot,dominicamaria_s2_1018.nc,dominicamaria,dominicamaria:265:669,2018-02-01T00:00:00,16380,623,False,0.0,0.0,0.0,0.0,0.480982905982906,0.961965811965812,15757,0,623,0,0.0
zero_shot_s2027,2027,zero_shot,dominicamaria_s2_1019.nc,dominicamaria,dominicamaria:265:669,2018-02-01T00:00:00,16080,90,False,0.0,0.0,0.0,0.0,0.4935323383084577,0.9870646766169154,15872,118,90,0,0.0
zero_shot_s2027,2027,zero_shot,dominicamaria_s2_1020.nc,dominicamaria,dominicamaria:265:670,2017-10-09T00:00:00,16179,37,False,0.0,0.0,0.0,0.0,0.4988565424315471,0.9977130848630942,16142,0,37,0,0.0
zero_shot_s2027,2027,zero_shot,dominicamaria_s2_1021.nc,dominicamaria,dominicamaria:265:670,2017-11-18T00:00:00,16373,0,True,0.0,0.0,0.0,0.0,0.5,1.0,16373,0,0,0,
zero_shot_s2027,2027,zero_shot,dominicamaria_s2_1022.nc,dominicamaria,dominicamaria:265:671,2018-02-01T00:00:00,16305,24,False,0.0,0.0,0.0,0.0,0.4992640294388224,0.9985280588776448,16281,0,24,0,0.0
zero_shot_s2027,2027,zero_shot,dominicamaria_s2_1030.nc,dominicamaria,dominicamaria:265:675,2017-10-09T00:00:00,16384,0,True,0.0,0.0,0.0,0.0,0.5,1.0,16384,0,0,0,
zero_shot_s2027,2027,zero_shot,dominicamaria_s2_1031.nc,dominicamaria,dominicamaria:265:675,2017-10-09T00:00:00,16384,0,True,0.0,0.0,0.0,0.0,0.5,1.0,16384,0,0,0,
zero_shot_s2027,2027,zero_shot,dominicamaria_s2_1032.nc,dominicamaria,dominicamaria:265:676,2017-10-09T00:00:00,16384,0,True,0.0,0.0,0.0,0.0,0.5,1.0,16384,0,0,0,
zero_shot_s2027,2027,zero_shot,dominicamaria_s2_1034.nc,dominicamaria,dominicamaria:265:677,2017-10-09T00:00:00,16384,0,True,0.0,0.0,0.0,0.0,0.5,1.0,16384,0,0,0,
zero_shot_s2027,2027,zero_shot,dominicamaria_s2_1036.nc,dominicamaria,dominicamaria:265:678,2017-10-09T00:00:00,16384,0,True,0.0,0.0,0.0,0.0,0.5,1.0,16384,0,0,0,
zero_shot_s2027,2027,zero_shot,dominicamaria_s2_1038.nc,dominicamaria,dominicamaria:265:679,2017-10-09T00:00:00,16384,0,True,0.0,0.0,0.0,0.0,0.5,1.0,16384,0,0,0,
zero_shot_s2027,2027,zero_shot,dominicamaria_s2_1041.nc,dominicamaria,dominicamaria:266:654,2017-10-09T00:00:00,16384,0,True,0.0,0.0,0.0,0.0,0.5,1.0,16384,0,0,0,
zero_shot_s2027,2027,zero_shot,dominicamaria_s2_1043.nc,dominicamaria,dominicamaria:266:655,2017-10-09T00:00:00,16384,0,True,0.0,0.0,0.0,0.0,0.5,1.0,16384,0,0,0,
zero_shot_s2027,2027,zero_shot,dominicamaria_s2_1044.nc,dominicamaria,dominicamaria:266:656,2017-10-09T00:00:00,16384,0,True,0.0,0.0,0.0,0.0,0.5,1.0,16384,0,0,0,
zero_shot_s2027,2027,zero_shot,dominicamaria_s2_1047.nc,dominicamaria,dominicamaria:266:657,2017-11-23T00:00:00,16344,38,False,0.0,0.0,0.0,0.0,0.49883749388154675,0.9976749877630935,16306,0,38,0,0.0
zero_shot_s2027,2027,zero_shot,dominicamaria_s2_1048.nc,dominicamaria,dominicamaria:266:658,2017-12-13T00:00:00,16307,107,False,0.0,0.0,0.0,0.0,0.4967192003434108,0.9934384006868217,16200,0,107,0,0.0
zero_shot_s2027,2027,zero_shot,dominicamaria_s2_1049.nc,dominicamaria,dominicamaria:266:658,2018-02-01T00:00:00,16251,1404,False,0.0,0.0,0.0,0.0,0.4568026582979509,0.9136053165959018,14847,0,1404,0,0.0
zero_shot_s2027,2027,zero_shot,dominicamaria_s2_1050.nc,dominicamaria,dominicamaria:266:659,2018-02-01T00:00:00,15970,4528,False,0.0,0.0,0.0,0.0,0.35823418910457105,0.7164683782091421,11442,0,4528,0,0.0
zero_shot_s2027,2027,zero_shot,dominicamaria_s2_1051.nc,dominicamaria,dominicamaria:266:659,2018-02-01T00:00:00,16201,610,False,0.0020597322348094747,0.0041109969167523125,0.005509641873278237,0.003278688524590164,0.47112061245977155,0.9401888772298006,15230,361,608,2,0.0020597322348094747
zero_shot_s2027,2027,zero_shot,dominicamaria_s2_1052.nc,dominicamaria,dominicamaria:266:660,2018-02-01T00:00:00,16337,56,False,0.0,0.0,0.0,0.0,0.49785762379873905,0.9957152475974781,16267,14,56,0,0.0
zero_shot_s2027,2027,zero_shot,dominicamaria_s2_1053.nc,dominicamaria,dominicamaria:266:660,2018-02-01T00:00:00,16279,427,False,0.07692307692307693,0.14285714285714285,0.4065934065934066,0.08665105386416862,0.5247932710067915,0.9727255973954174,15798,54,390,37,0.07692307692307693
zero_shot_s2027,2027,zero_shot,dominicamaria_s2_1054.nc,dominicamaria,dominicamaria:266:661,2018-02-01T00:00:00,15944,13,False,0.0,0.0,0.0,0.0,0.4938848469643753,0.9877696939287506,15749,182,13,0,0.0
zero_shot_s2027,2027,zero_shot,dominicamaria_s2_1055.nc,dominicamaria,dominicamaria:266:661,2018-02-01T00:00:00,16326,0,True,0.0,0.0,0.0,0.0,0.5,1.0,16326,0,0,0,
zero_shot_s2027,2027,zero_shot,dominicamaria_s2_1057.nc,dominicamaria,dominicamaria:266:662,2018-02-01T00:00:00,14233,0,True,0.0,0.0,0.0,0.0,0.5,1.0,14233,0,0,0,
zero_shot_s2027,2027,zero_shot,dominicamaria_s2_1058.nc,dominicamaria,dominicamaria:266:663,2018-02-01T00:00:00,14317,32,False,0.016129032258064516,0.031746031746031744,0.01910828025477707,0.09375,0.5016721729684902,0.9872179925962143,14131,154,29,3,0.016129032258064516
zero_shot_s2027,2027,zero_shot,dominicamaria_s2_105.nc,dominicamaria,dominicamaria:257:654,2017-11-03T00:00:00,16384,0,True,0.0,0.0,0.0,0.0,0.5,1.0,16384,0,0,0,
zero_shot_s2027,2027,zero_shot,dominicamaria_s2_1061.nc,dominicamaria,dominicamaria:266:664,2018-01-02T00:00:00,16347,0,True,0.0,0.0,0.0,0.0,0.5,1.0,16347,0,0,0,
zero_shot_s2027,2027,zero_shot,dominicamaria_s2_1062.nc,dominicamaria,dominicamaria:266:665,2018-02-01T00:00:00,16370,131,False,0.0,0.0,0.0,0.0,0.4959987782529017,0.9919975565058033,16239,0,131,0,0.0
zero_shot_s2027,2027,zero_shot,dominicamaria_s2_1063.nc,dominicamaria,dominicamaria:266:665,2018-02-01T00:00:00,16380,143,False,0.0,0.0,0.0,0.0,0.49563492063492065,0.9912698412698413,16237,0,143,0,0.0
zero_shot_s2027,2027,zero_shot,dominicamaria_s2_1064.nc,dominicamaria,dominicamaria:266:666,2018-02-01T00:00:00,16384,371,False,0.0,0.0,0.0,0.0,0.488677978515625,0.97735595703125,16013,0,371,0,0.0
zero_shot_s2027,2027,zero_shot,dominicamaria_s2_1065.nc,dominicamaria,dominicamaria:266:666,2018-02-01T00:00:00,16362,212,False,0.0,0.0,0.0,0.0,0.4935215743796602,0.9870431487593204,16150,0,212,0,0.0
zero_shot_s2027,2027,zero_shot,dominicamaria_s2_1066.nc,dominicamaria,dominicamaria:266:667,2018-02-01T00:00:00,16380,17,False,0.0,0.0,0.0,0.0,0.4994810744810745,0.998962148962149,16363,0,17,0,0.0
zero_shot_s2027,2027,zero_shot,dominicamaria_s2_1067.nc,dominicamaria,dominicamaria:266:667,2018-02-01T00:00:00,16376,222,False,0.0,0.0,0.0,0.0,0.4932217879824133,0.9864435759648266,16154,0,222,0,0.0
zero_shot_s2027,2027,zero_shot,dominicamaria_s2_1068.nc,dominicamaria,dominicamaria:266:668,2018-02-01T00:00:00,16364,609,False,0.0,0.0,0.0,0.0,0.4813920801759961,0.9627841603519922,15755,0,609,0,0.0
zero_shot_s2027,2027,zero_shot,dominicamaria_s2_1069.nc,dominicamaria,dominicamaria:266:668,2018-02-01T00:00:00,16372,94,False,0.0,0.0,0.0,0.0,0.4971292450525287,0.9942584901050574,16278,0,94,0,0.0
zero_shot_s2027,2027,zero_shot,dominicamaria_s2_106.nc,dominicamaria,dominicamaria:257:655,2017-10-14T00:00:00,16384,0,True,0.0,0.0,0.0,0.0,0.5,1.0,16384,0,0,0,
zero_shot_s2027,2027,zero_shot,dominicamaria_s2_1070.nc,dominicamaria,dominicamaria:266:669,2018-02-01T00:00:00,16384,100,False,0.0,0.0,0.0,0.0,0.4969482421875,0.993896484375,16284,0,100,0,0.0
zero_shot_s2027,2027,zero_shot,dominicamaria_s2_1071.nc,dominicamaria,dominicamaria:266:669,2018-02-01T00:00:00,16376,343,False,0.0,0.0,0.0,0.0,0.48952735710796286,0.9790547142159257,16033,0,343,0,0.0
zero_shot_s2027,2027,zero_shot,dominicamaria_s2_1072.nc,dominicamaria,dominicamaria:266:670,2017-11-18T00:00:00,15940,70,False,0.0,0.0,0.0,0.0,0.4978042659974906,0.9956085319949812,15870,0,70,0,0.0
zero_shot_s2027,2027,zero_shot,dominicamaria_s2_1075.nc,dominicamaria,dominicamaria:266:671,2017-11-23T00:00:00,16297,0,True,0.0,0.0,0.0,0.0,0.5,1.0,16297,0,0,0,
zero_shot_s2027,2027,zero_shot,dominicamaria_s2_1076.nc,dominicamaria,dominicamaria:266:672,2017-12-13T00:00:00,16384,0,True,0.0,0.0,0.0,0.0,0.5,1.0,16384,0,0,0,
zero_shot_s2027,2027,zero_shot,dominicamaria_s2_1077.nc,dominicamaria,dominicamaria:266:672,2018-03-18T00:00:00,16243,0,True,0.0,0.0,0.0,0.0,0.5,1.0,16243,0,0,0,
zero_shot_s2027,2027,zero_shot,dominicamaria_s2_1078.nc,dominicamaria,dominicamaria:266:673,2017-10-09T00:00:00,16149,0,True,0.0,0.0,0.0,0.0,0.5,1.0,16149,0,0,0,
zero_shot_s2027,2027,zero_shot,dominicamaria_s2_1079.nc,dominicamaria,dominicamaria:266:673,2017-10-09T00:00:00,16384,0,True,0.0,0.0,0.0,0.0,0.5,1.0,16384,0,0,0,
zero_shot_s2027,2027,zero_shot,dominicamaria_s2_107.nc,dominicamaria,dominicamaria:257:655,2017-10-14T00:00:00,16384,0,True,0.0,0.0,0.0,0.0,0.5,1.0,16384,0,0,0,
zero_shot_s2027,2027,zero_shot,dominicamaria_s2_1080.nc,dominicamaria,dominicamaria:266:674,2017-10-09T00:00:00,16384,0,True,0.0,0.0,0.0,0.0,0.5,1.0,16384,0,0,0,
zero_shot_s2027,2027,zero_shot,dominicamaria_s2_1081.nc,dominicamaria,dominicamaria:266:674,2017-10-09T00:00:00,16384,0,True,0.0,0.0,0.0,0.0,0.5,1.0,16384,0,0,0,
zero_shot_s2027,2027,zero_shot,dominicamaria_s2_1082.nc,dominicamaria,dominicamaria:266:675,2017-10-09T00:00:00,16384,0,True,0.0,0.0,0.0,0.0,0.5,1.0,16384,0,0,0,
zero_shot_s2027,2027,zero_shot,dominicamaria_s2_1083.nc,dominicamaria,dominicamaria:266:675,2017-10-09T00:00:00,16384,0,True,0.0,0.0,0.0,0.0,0.5,1.0,16384,0,0,0,
zero_shot_s2027,2027,zero_shot,dominicamaria_s2_1084.nc,dominicamaria,dominicamaria:266:676,2017-10-09T00:00:00,16384,0,True,0.0,0.0,0.0,0.0,0.5,1.0,16384,0,0,0,
zero_shot_s2027,2027,zero_shot,dominicamaria_s2_1089.nc,dominicamaria,dominicamaria:266:678,2017-10-09T00:00:00,16384,0,True,0.0,0.0,0.0,0.0,0.5,1.0,16384,0,0,0,
zero_shot_s2027,2027,zero_shot,dominicamaria_s2_108.nc,dominicamaria,dominicamaria:257:656,2017-10-14T00:00:00,16384,0,True,0.0,0.0,0.0,0.0,0.5,1.0,16384,0,0,0,
zero_shot_s2027,2027,zero_shot,dominicamaria_s2_1090.nc,dominicamaria,dominicamaria:266:679,2017-10-09T00:00:00,16384,0,True,0.0,0.0,0.0,0.0,0.5,1.0,16384,0,0,0,
zero_shot_s2027,2027,zero_shot,dominicamaria_s2_1093.nc,dominicamaria,dominicamaria:266:654,2017-10-09T00:00:00,16384,0,True,0.0,0.0,0.0,0.0,0.5,1.0,16384,0,0,0,
zero_shot_s2027,2027,zero_shot,dominicamaria_s2_1094.nc,dominicamaria,dominicamaria:266:655,2017-10-09T00:00:00,16384,0,True,0.0,0.0,0.0,0.0,0.5,1.0,16384,0,0,0,
zero_shot_s2027,2027,zero_shot,dominicamaria_s2_1096.nc,dominicamaria,dominicamaria:266:656,2017-10-09T00:00:00,16384,0,True,0.0,0.0,0.0,0.0,0.5,1.0,16384,0,0,0,
zero_shot_s2027,2027,zero_shot,dominicamaria_s2_1097.nc,dominicamaria,dominicamaria:266:656,2017-10-09T00:00:00,16384,0,True,0.0,0.0,0.0,0.0,0.5,1.0,16384,0,0,0,
zero_shot_s2027,2027,zero_shot,dominicamaria_s2_1098.nc,dominicamaria,dominicamaria:266:657,2017-11-03T00:00:00,16384,0,True,0.0,0.0,0.0,0.0,0.5,1.0,16384,0,0,0,
zero_shot_s2027,2027,zero_shot,dominicamaria_s2_1099.nc,dominicamaria,dominicamaria:266:657,2017-11-03T00:00:00,16384,0,True,0.0,0.0,0.0,0.0,0.5,1.0,16384,0,0,0,
zero_shot_s2027,2027,zero_shot,dominicamaria_s2_109.nc,dominicamaria,dominicamaria:257:656,2017-10-14T00:00:00,16384,0,True,0.0,0.0,0.0,0.0,0.5,1.0,16384,0,0,0,
zero_shot_s2027,2027,zero_shot,dominicamaria_s2_1100.nc,dominicamaria,dominicamaria:266:658,2017-10-09T00:00:00,16384,0,True,0.0,0.0,0.0,0.0,0.5,1.0,16384,0,0,0,
zero_shot_s2027,2027,zero_shot,dominicamaria_s2_1101.nc,dominicamaria,dominicamaria:266:658,2017-11-23T00:00:00,16210,1451,False,0.0,0.0,0.0,0.0,0.4552436767427514,0.9104873534855028,14759,0,1451,0,0.0
zero_shot_s2027,2027,zero_shot,dominicamaria_s2_1102.nc,dominicamaria,dominicamaria:266:659,2018-02-01T00:00:00,16352,2312,False,0.0,0.0,0.0,0.0,0.42930528375733856,0.8586105675146771,14040,0,2312,0,0.0
zero_shot_s2027,2027,zero_shot,dominicamaria_s2_1103.nc,dominicamaria,dominicamaria:266:659,2018-02-01T00:00:00,16008,772,False,0.0,0.0,0.0,0.0,0.4758870564717641,0.9517741129435282,15236,0,772,0,0.0
zero_shot_s2027,2027,zero_shot,dominicamaria_s2_1104.nc,dominicamaria,dominicamaria:266:660,2018-02-01T00:00:00,16376,111,False,0.0,0.0,0.0,0.0,0.49661089399120667,0.9932217879824133,16265,0,111,0,0.0
zero_shot_s2027,2027,zero_shot,dominicamaria_s2_1105.nc,dominicamaria,dominicamaria:266:660,2018-02-01T00:00:00,16380,193,False,0.0,0.0,0.0,0.0,0.49230769230769234,0.9846153846153847,16128,59,193,0,0.0
zero_shot_s2027,2027,zero_shot,dominicamaria_s2_1106.nc,dominicamaria,dominicamaria:266:661,2018-02-01T00:00:00,16342,312,False,0.0,0.0,0.0,0.0,0.49045404479255905,0.9809080895851181,16030,0,312,0,0.0
zero_shot_s2027,2027,zero_shot,dominicamaria_s2_1107.nc,dominicamaria,dominicamaria:266:661,2018-02-01T00:00:00,15928,73,False,0.0,0.0,0.0,0.0,0.4728465595178302,0.9456931190356604,15063,792,73,0,0.0
zero_shot_s2027,2027,zero_shot,dominicamaria_s2_1108.nc,dominicamaria,dominicamaria:266:662,2018-02-01T00:00:00,14844,140,False,0.0,0.0,0.0,0.0,0.49120856911883587,0.9824171382376717,14583,121,140,0,0.0
zero_shot_s2027,2027,zero_shot,dominicamaria_s2_1110.nc,dominicamaria,dominicamaria:266:663,2018-02-01T00:00:00,14688,385,False,0.00516795865633075,0.010282776349614395,0.5,0.005194805194805195,0.4894762576885086,0.9737881263616558,14301,2,383,2,0.00516795865633075
zero_shot_s2027,2027,zero_shot,dominicamaria_s2_1111.nc,dominicamaria,dominicamaria:266:663,2017-11-23T00:00:00,14467,230,False,0.0,0.0,0.0,0.0,0.4811294670629709,0.9622589341259418,13921,316,230,0,0.0
zero_shot_s2027,2027,zero_shot,dominicamaria_s2_1112.nc,dominicamaria,dominicamaria:266:664,2017-11-23T00:00:00,15582,92,False,0.0,0.0,0.0,0.0,0.4962777563855731,0.9925555127711462,15466,24,92,0,0.0
zero_shot_s2027,2027,zero_shot,dominicamaria_s2_1114.nc,dominicamaria,dominicamaria:266:665,2018-02-01T00:00:00,16384,213,False,0.0,0.0,0.0,0.0,0.493499755859375,0.98699951171875,16171,0,213,0,0.0
zero_shot_s2027,2027,zero_shot,dominicamaria_s2_1115.nc,dominicamaria,dominicamaria:266:665,2018-02-01T00:00:00,16288,42,False,0.0,0.0,0.0,0.0,0.49871070726915523,0.9974214145383105,16246,0,42,0,0.0
zero_shot_s2027,2027,zero_shot,dominicamaria_s2_1116.nc,dominicamaria,dominicamaria:266:666,2018-02-01T00:00:00,16376,408,False,0.0,0.0,0.0,0.0,0.487542745481192,0.975085490962384,15968,0,408,0,0.0
zero_shot_s2027,2027,zero_shot,dominicamaria_s2_1117.nc,dominicamaria,dominicamaria:266:666,2018-02-01T00:00:00,16368,41,False,0.0,0.0,0.0,0.0,0.4987475562072336,0.9974951124144672,16327,0,41,0,0.0
zero_shot_s2027,2027,zero_shot,dominicamaria_s2_1118.nc,dominicamaria,dominicamaria:266:667,2018-02-01T00:00:00,16384,127,False,0.0,0.0,0.0,0.0,0.496124267578125,0.99224853515625,16257,0,127,0,0.0
zero_shot_s2027,2027,zero_shot,dominicamaria_s2_1119.nc,dominicamaria,dominicamaria:266:667,2018-02-01T00:00:00,16384,109,False,0.0,0.0,0.0,0.0,0.496673583984375,0.99334716796875,16275,0,109,0,0.0
zero_shot_s2027,2027,zero_shot,dominicamaria_s2_111.nc,dominicamaria,dominicamaria:257:657,2017-10-14T00:00:00,16384,0,True,0.0,0.0,0.0,0.0,0.5,1.0,16384,0,0,0,
zero_shot_s2027,2027,zero_shot,dominicamaria_s2_1120.nc,dominicamaria,dominicamaria:266:668,2018-02-01T00:00:00,16368,2,False,0.0,0.0,0.0,0.0,0.49993890518084066,0.9998778103616813,16366,0,2,0,0.0
zero_shot_s2027,2027,zero_shot,dominicamaria_s2_1121.nc,dominicamaria,dominicamaria:266:668,2018-02-01T00:00:00,16375,124,False,0.0,0.0,0.0,0.0,0.49621374045801525,0.9924274809160305,16251,0,124,0,0.0
zero_shot_s2027,2027,zero_shot,dominicamaria_s2_1122.nc,dominicamaria,dominicamaria:266:669,2018-02-01T00:00:00,16384,52,False,0.0,0.0,0.0,0.0,0.4984130859375,0.996826171875,16332,0,52,0,0.0
zero_shot_s2027,2027,zero_shot,dominicamaria_s2_1123.nc,dominicamaria,dominicamaria:266:669,2018-02-01T00:00:00,16380,27,False,0.0,0.0,0.0,0.0,0.4991758241758242,0.9983516483516484,16353,0,27,0,0.0
zero_shot_s2027,2027,zero_shot,dominicamaria_s2_1124.nc,dominicamaria,dominicamaria:266:670,2018-02-01T00:00:00,16384,204,False,0.0,0.0,0.0,0.0,0.4937744140625,0.987548828125,16180,0,204,0,0.0
zero_shot_s2027,2027,zero_shot,dominicamaria_s2_1127.nc,dominicamaria,dominicamaria:266:671,2017-11-18T00:00:00,16052,0,True,0.0,0.0,0.0,0.0,0.5,1.0,16052,0,0,0,
zero_shot_s2027,2027,zero_shot,dominicamaria_s2_1128.nc,dominicamaria,dominicamaria:266:672,2017-11-03T00:00:00,16161,0,True,0.0,0.0,0.0,0.0,0.4998453066023142,0.9996906132046284,16156,5,0,0,
zero_shot_s2027,2027,zero_shot,dominicamaria_s2_1129.nc,dominicamaria,dominicamaria:266:672,2017-10-09T00:00:00,16376,0,True,0.0,0.0,0.0,0.0,0.5,1.0,16376,0,0,0,
zero_shot_s2027,2027,zero_shot,dominicamaria_s2_1130.nc,dominicamaria,dominicamaria:266:673,2017-10-09T00:00:00,16384,0,True,0.0,0.0,0.0,0.0,0.5,1.0,16384,0,0,0,
zero_shot_s2027,2027,zero_shot,dominicamaria_s2_1131.nc,dominicamaria,dominicamaria:266:673,2017-10-09T00:00:00,16384,0,True,0.0,0.0,0.0,0.0,0.5,1.0,16384,0,0,0,
zero_shot_s2027,2027,zero_shot,dominicamaria_s2_1132.nc,dominicamaria,dominicamaria:266:674,2017-10-09T00:00:00,16384,0,True,0.0,0.0,0.0,0.0,0.5,1.0,16384,0,0,0,
zero_shot_s2027,2027,zero_shot,dominicamaria_s2_1134.nc,dominicamaria,dominicamaria:266:675,2017-10-09T00:00:00,16384,0,True,0.0,0.0,0.0,0.0,0.5,1.0,16384,0,0,0,
zero_shot_s2027,2027,zero_shot,dominicamaria_s2_1135.nc,dominicamaria,dominicamaria:266:675,2017-10-09T00:00:00,16384,0,True,0.0,0.0,0.0,0.0,0.5,1.0,16384,0,0,0,
zero_shot_s2027,2027,zero_shot,dominicamaria_s2_1136.nc,dominicamaria,dominicamaria:266:676,2017-10-09T00:00:00,16384,0,True,0.0,0.0,0.0,0.0,0.5,1.0,16384,0,0,0,
zero_shot_s2027,2027,zero_shot,dominicamaria_s2_1137.nc,dominicamaria,dominicamaria:266:676,2017-10-09T00:00:00,16384,0,True,0.0,0.0,0.0,0.0,0.5,1.0,16384,0,0,0,
zero_shot_s2027,2027,zero_shot,dominicamaria_s2_1138.nc,dominicamaria,dominicamaria:266:677,2017-10-09T00:00:00,16384,0,True,0.0,0.0,0.0,0.0,0.5,1.0,16384,0,0,0,
zero_shot_s2027,2027,zero_shot,dominicamaria_s2_1139.nc,dominicamaria,dominicamaria:266:677,2017-10-09T00:00:00,16384,0,True,0.0,0.0,0.0,0.0,0.5,1.0,16384,0,0,0,
zero_shot_s2027,2027,zero_shot,dominicamaria_s2_1140.nc,dominicamaria,dominicamaria:266:678,2017-10-09T00:00:00,16384,0,True,0.0,0.0,0.0,0.0,0.5,1.0,16384,0,0,0,
zero_shot_s2027,2027,zero_shot,dominicamaria_s2_1141.nc,dominicamaria,dominicamaria:266:678,2017-10-09T00:00:00,16384,0,True,0.0,0.0,0.0,0.0,0.5,1.0,16384,0,0,0,
zero_shot_s2027,2027,zero_shot,dominicamaria_s2_1142.nc,dominicamaria,dominicamaria:266:679,2017-10-09T00:00:00,16384,0,True,0.0,0.0,0.0,0.0,0.5,1.0,16384,0,0,0,
zero_shot_s2027,2027,zero_shot,dominicamaria_s2_1146.nc,dominicamaria,dominicamaria:267:655,2017-10-09T00:00:00,16384,0,True,0.0,0.0,0.0,0.0,0.5,1.0,16384,0,0,0,
zero_shot_s2027,2027,zero_shot,dominicamaria_s2_1147.nc,dominicamaria,dominicamaria:267:655,2017-10-09T00:00:00,16384,0,True,0.0,0.0,0.0,0.0,0.5,1.0,16384,0,0,0,
zero_shot_s2027,2027,zero_shot,dominicamaria_s2_1148.nc,dominicamaria,dominicamaria:267:656,2017-10-09T00:00:00,16384,0,True,0.0,0.0,0.0,0.0,0.5,1.0,16384,0,0,0,
zero_shot_s2027,2027,zero_shot,dominicamaria_s2_1149.nc,dominicamaria,dominicamaria:267:656,2017-10-09T00:00:00,16384,0,True,0.0,0.0,0.0,0.0,0.5,1.0,16384,0,0,0,
zero_shot_s2027,2027,zero_shot,dominicamaria_s2_1150.nc,dominicamaria,dominicamaria:267:657,2017-11-03T00:00:00,16384,0,True,0.0,0.0,0.0,0.0,0.5,1.0,16384,0,0,0,
zero_shot_s2027,2027,zero_shot,dominicamaria_s2_1151.nc,dominicamaria,dominicamaria:267:657,2017-11-03T00:00:00,16384,0,True,0.0,0.0,0.0,0.0,0.5,1.0,16384,0,0,0,
zero_shot_s2027,2027,zero_shot,dominicamaria_s2_1152.nc,dominicamaria,dominicamaria:267:658,2018-02-01T00:00:00,16384,0,True,0.0,0.0,0.0,0.0,0.5,1.0,16384,0,0,0,
zero_shot_s2027,2027,zero_shot,dominicamaria_s2_1153.nc,dominicamaria,dominicamaria:267:658,2017-11-23T00:00:00,16287,1501,False,0.006596306068601583,0.01310615989515072,0.4,0.006662225183211193,0.4570365569170802,0.9075336157671763,14771,15,1491,10,0.006596306068601583
zero_shot_s2027,2027,zero_shot,dominicamaria_s2_1154.nc,dominicamaria,dominicamaria:267:659,2018-02-01T00:00:00,16371,3096,False,0.0,0.0,0.0,0.0,0.40544255085211656,0.8108851017042331,13275,0,3096,0,0.0
zero_shot_s2027,2027,zero_shot,dominicamaria_s2_1155.nc,dominicamaria,dominicamaria:267:659,2018-02-01T00:00:00,16288,311,False,0.0,0.0,0.0,0.0,0.490453094302554,0.980906188605108,15977,0,311,0,0.0
zero_shot_s2027,2027,zero_shot,dominicamaria_s2_1156.nc,dominicamaria,dominicamaria:267:660,2018-02-01T00:00:00,16110,244,False,0.0,0.0,0.0,0.0,0.49242706393544383,0.9848541278708877,15866,0,244,0,0.0
zero_shot_s2027,2027,zero_shot,dominicamaria_s2_1157.nc,dominicamaria,dominicamaria:267:660,2018-02-01T00:00:00,16364,393,False,0.0,0.0,0.0,0.0,0.4879919335125886,0.9759838670251773,15971,0,393,0,0.0
zero_shot_s2027,2027,zero_shot,dominicamaria_s2_1158.nc,dominicamaria,dominicamaria:267:661,2018-02-01T00:00:00,16169,55,False,0.0,0.0,0.0,0.0,0.4932587049291855,0.986517409858371,15951,163,55,0,0.0
zero_shot_s2027,2027,zero_shot,dominicamaria_s2_115.nc,dominicamaria,dominicamaria:257:659,2017-10-09T00:00:00,16384,0,True,0.0,0.0,0.0,0.0,0.5,1.0,16384,0,0,0,
zero_shot_s2027,2027,zero_shot,dominicamaria_s2_1160.nc,dominicamaria,dominicamaria:267:662,2018-02-01T00:00:00,16299,421,False,0.0,0.0,0.0,0.0,0.4803362169458249,0.9606724338916498,15658,220,421,0,0.0
zero_shot_s2027,2027,zero_shot,dominicamaria_s2_1161.nc,dominicamaria,dominicamaria:267:662,2018-02-01T00:00:00,16380,298,False,0.0,0.0,0.0,0.0,0.4901098901098901,0.9802197802197802,16056,26,298,0,0.0
zero_shot_s2027,2027,zero_shot,dominicamaria_s2_1162.nc,dominicamaria,dominicamaria:267:663,2017-11-23T00:00:00,14633,1338,False,0.02600170502983802,0.05068550062318238,0.05706267539756782,0.045590433482810166,0.4345970644281773,0.8438461012779335,12287,1008,1277,61,0.02600170502983802
zero_shot_s2027,2027,zero_shot,dominicamaria_s2_1163.nc,dominicamaria,dominicamaria:267:663,2018-01-02T00:00:00,15726,808,False,0.0,0.0,0.0,0.0,0.46721989062698716,0.9344397812539743,14695,223,808,0,0.0
zero_shot_s2027,2027,zero_shot,dominicamaria_s2_1164.nc,dominicamaria,dominicamaria:267:664,2018-02-01T00:00:00,16356,642,False,0.0,0.0,0.0,0.0,0.48037417461482024,0.9607483492296405,15714,0,642,0,0.0
zero_shot_s2027,2027,zero_shot,dominicamaria_s2_1165.nc,dominicamaria,dominicamaria:267:664,2018-02-01T00:00:00,16384,119,False,0.0,0.0,0.0,0.0,0.496368408203125,0.99273681640625,16265,0,119,0,0.0
zero_shot_s2027,2027,zero_shot,dominicamaria_s2_1166.nc,dominicamaria,dominicamaria:267:665,2018-02-01T00:00:00,16384,50,False,0.0,0.0,0.0,0.0,0.49847412109375,0.9969482421875,16334,0,50,0,0.0
zero_shot_s2027,2027,zero_shot,dominicamaria_s2_1167.nc,dominicamaria,dominicamaria:267:665,2018-03-03T00:00:00,16357,0,True,0.0,0.0,0.0,0.0,0.5,1.0,16357,0,0,0,
zero_shot_s2027,2027,zero_shot,dominicamaria_s2_1169.nc,dominicamaria,dominicamaria:267:666,2017-11-23T00:00:00,16384,4,False,0.0,0.0,0.0,0.0,0.4998779296875,0.999755859375,16380,0,4,0,0.0
zero_shot_s2027,2027,zero_shot,dominicamaria_s2_1170.nc,dominicamaria,dominicamaria:267:667,2018-02-01T00:00:00,16376,311,False,0.0,0.0,0.0,0.0,0.49050439667806545,0.9810087933561309,16065,0,311,0,0.0
zero_shot_s2027,2027,zero_shot,dominicamaria_s2_1171.nc,dominicamaria,dominicamaria:267:667,2018-02-01T00:00:00,16358,462,False,0.0,0.0,0.0,0.0,0.48587846925051964,0.9717569385010393,15896,0,462,0,0.0
zero_shot_s2027,2027,zero_shot,dominicamaria_s2_1172.nc,dominicamaria,dominicamaria:267:668,2018-02-01T00:00:00,16355,142,False,0.0,0.0,0.0,0.0,0.4956588199327423,0.9913176398654846,16213,0,142,0,0.0
zero_shot_s2027,2027,zero_shot,dominicamaria_s2_1173.nc,dominicamaria,dominicamaria:267:668,2018-02-01T00:00:00,16360,42,False,0.0,0.0,0.0,0.0,0.49871638141809294,0.9974327628361859,16318,0,42,0,0.0
zero_shot_s2027,2027,zero_shot,dominicamaria_s2_1174.nc,dominicamaria,dominicamaria:267:669,2018-03-03T00:00:00,16384,139,False,0.0,0.0,0.0,0.0,0.495758056640625,0.99151611328125,16245,0,139,0,0.0
zero_shot_s2027,2027,zero_shot,dominicamaria_s2_1175.nc,dominicamaria,dominicamaria:267:669,2018-03-03T00:00:00,16367,30,False,0.0,0.0,0.0,0.0,0.4990835217205352,0.9981670434410704,16337,0,30,0,0.0
zero_shot_s2027,2027,zero_shot,dominicamaria_s2_1176.nc,dominicamaria,dominicamaria:267:670,2017-11-23T00:00:00,16380,0,True,0.0,0.0,0.0,0.0,0.5,1.0,16380,0,0,0,
zero_shot_s2027,2027,zero_shot,dominicamaria_s2_1177.nc,dominicamaria,dominicamaria:267:670,2017-11-23T00:00:00,16384,0,True,0.0,0.0,0.0,0.0,0.5,1.0,16384,0,0,0,
zero_shot_s2027,2027,zero_shot,dominicamaria_s2_1178.nc,dominicamaria,dominicamaria:267:671,2017-10-29T00:00:00,16236,0,True,0.0,0.0,0.0,0.0,0.5,1.0,16236,0,0,0,
zero_shot_s2027,2027,zero_shot,dominicamaria_s2_1179.nc,dominicamaria,dominicamaria:267:671,2018-01-02T00:00:00,16367,0,True,0.0,0.0,0.0,0.0,0.5,1.0,16367,0,0,0,
zero_shot_s2027,2027,zero_shot,dominicamaria_s2_1180.nc,dominicamaria,dominicamaria:267:672,2017-10-19T00:00:00,16384,0,True,0.0,0.0,0.0,0.0,0.5,1.0,16384,0,0,0,
zero_shot_s2027,2027,zero_shot,dominicamaria_s2_1181.nc,dominicamaria,dominicamaria:267:672,2017-10-09T00:00:00,16384,0,True,0.0,0.0,0.0,0.0,0.5,1.0,16384,0,0,0,
zero_shot_s2027,2027,zero_shot,dominicamaria_s2_1182.nc,dominicamaria,dominicamaria:267:673,2017-10-09T00:00:00,16384,0,True,0.0,0.0,0.0,0.0,0.5,1.0,16384,0,0,0,
zero_shot_s2027,2027,zero_shot,dominicamaria_s2_1183.nc,dominicamaria,dominicamaria:267:673,2017-10-09T00:00:00,16384,0,True,0.0,0.0,0.0,0.0,0.5,1.0,16384,0,0,0,
zero_shot_s2027,2027,zero_shot,dominicamaria_s2_1184.nc,dominicamaria,dominicamaria:267:674,2017-10-09T00:00:00,16384,0,True,0.0,0.0,0.0,0.0,0.5,1.0,16384,0,0,0,
zero_shot_s2027,2027,zero_shot,dominicamaria_s2_1186.nc,dominicamaria,dominicamaria:267:675,2017-10-19T00:00:00,16384,0,True,0.0,0.0,0.0,0.0,0.5,1.0,16384,0,0,0,
zero_shot_s2027,2027,zero_shot,dominicamaria_s2_1187.nc,dominicamaria,dominicamaria:267:675,2017-10-09T00:00:00,16384,0,True,0.0,0.0,0.0,0.0,0.5,1.0,16384,0,0,0,
zero_shot_s2027,2027,zero_shot,dominicamaria_s2_1188.nc,dominicamaria,dominicamaria:267:676,2017-10-09T00:00:00,16384,0,True,0.0,0.0,0.0,0.0,0.5,1.0,16384,0,0,0,
zero_shot_s2027,2027,zero_shot,dominicamaria_s2_1189.nc,dominicamaria,dominicamaria:267:676,2017-11-03T00:00:00,16384,0,True,0.0,0.0,0.0,0.0,0.5,1.0,16384,0,0,0,
zero_shot_s2027,2027,zero_shot,dominicamaria_s2_1191.nc,dominicamaria,dominicamaria:267:677,2017-10-09T00:00:00,16384,0,True,0.0,0.0,0.0,0.0,0.5,1.0,16384,0,0,0,
zero_shot_s2027,2027,zero_shot,dominicamaria_s2_1192.nc,dominicamaria,dominicamaria:267:678,2017-10-09T00:00:00,16384,0,True,0.0,0.0,0.0,0.0,0.5,1.0,16384,0,0,0,
zero_shot_s2027,2027,zero_shot,dominicamaria_s2_1194.nc,dominicamaria,dominicamaria:267:679,2017-10-09T00:00:00,16384,0,True,0.0,0.0,0.0,0.0,0.5,1.0,16384,0,0,0,
zero_shot_s2027,2027,zero_shot,dominicamaria_s2_119.nc,dominicamaria,dominicamaria:257:661,2017-10-14T00:00:00,16384,0,True,0.0,0.0,0.0,0.0,0.5,1.0,16384,0,0,0,
zero_shot_s2027,2027,zero_shot,dominicamaria_s2_1200.nc,dominicamaria,dominicamaria:267:656,2017-10-09T00:00:00,16384,0,True,0.0,0.0,0.0,0.0,0.5,1.0,16384,0,0,0,
zero_shot_s2027,2027,zero_shot,dominicamaria_s2_1202.nc,dominicamaria,dominicamaria:267:657,2017-11-03T00:00:00,16384,0,True,0.0,0.0,0.0,0.0,0.5,1.0,16384,0,0,0,
zero_shot_s2027,2027,zero_shot,dominicamaria_s2_1203.nc,dominicamaria,dominicamaria:267:657,2017-11-03T00:00:00,16384,0,True,0.0,0.0,0.0,0.0,0.5,1.0,16384,0,0,0,
zero_shot_s2027,2027,zero_shot,dominicamaria_s2_1205.nc,dominicamaria,dominicamaria:267:658,2017-12-13T00:00:00,16345,957,False,0.0,0.0,0.0,0.0,0.47072499235240134,0.9414499847048027,15388,0,957,0,0.0
zero_shot_s2027,2027,zero_shot,dominicamaria_s2_1206.nc,dominicamaria,dominicamaria:267:659,2018-02-01T00:00:00,16384,1977,False,0.0,0.0,0.0,0.0,0.439666748046875,0.87933349609375,14407,0,1977,0,0.0
zero_shot_s2027,2027,zero_shot,dominicamaria_s2_1207.nc,dominicamaria,dominicamaria:267:659,2018-02-01T00:00:00,16209,366,False,0.0,0.0,0.0,0.0,0.48796964649268926,0.9759392929853785,15819,24,366,0,0.0
zero_shot_s2027,2027,zero_shot,dominicamaria_s2_1208.nc,dominicamaria,dominicamaria:267:660,2018-02-01T00:00:00,16168,1877,False,0.0,0.0,0.0,0.0,0.44053067788223654,0.8810613557644731,14245,46,1877,0,0.0
zero_shot_s2027,2027,zero_shot,dominicamaria_s2_1209.nc,dominicamaria,dominicamaria:267:660,2018-02-01T00:00:00,16364,266,False,0.0,0.0,0.0,0.0,0.49187240283549255,0.9837448056709851,16098,0,266,0,0.0
zero_shot_s2027,2027,zero_shot,dominicamaria_s2_1210.nc,dominicamaria,dominicamaria:267:661,2018-02-01T00:00:00,16292,0,True,0.0,0.0,0.0,0.0,0.4833046894181193,0.9666093788362387,15748,544,0,0,
zero_shot_s2027,2027,zero_shot,dominicamaria_s2_1212.nc,dominicamaria,dominicamaria:267:662,2018-02-01T00:00:00,16283,354,False,0.0,0.0,0.0,0.0,0.48912976724190876,0.9782595344838175,15929,0,354,0,0.0
zero_shot_s2027,2027,zero_shot,dominicamaria_s2_1213.nc,dominicamaria,dominicamaria:267:662,2018-02-01T00:00:00,16384,204,False,0.0,0.0,0.0,0.0,0.4937744140625,0.987548828125,16180,0,204,0,0.0
zero_shot_s2027,2027,zero_shot,dominicamaria_s2_1214.nc,dominicamaria,dominicamaria:267:663,2018-02-01T00:00:00,16374,921,False,0.0,0.0,0.0,0.0,0.4718761451080982,0.9437522902161964,15453,0,921,0,0.0
zero_shot_s2027,2027,zero_shot,dominicamaria_s2_1215.nc,dominicamaria,dominicamaria:267:663,2018-02-01T00:00:00,16384,1169,False,0.0,0.0,0.0,0.0,0.464324951171875,0.92864990234375,15215,0,1169,0,0.0
zero_shot_s2027,2027,zero_shot,dominicamaria_s2_1216.nc,dominicamaria,dominicamaria:267:664,2018-02-01T00:00:00,16286,561,False,0.0,0.0,0.0,0.0,0.482776617954071,0.965553235908142,15725,0,561,0,0.0
zero_shot_s2027,2027,zero_shot,dominicamaria_s2_121.nc,dominicamaria,dominicamaria:257:662,2017-10-14T00:00:00,16384,0,True,0.0,0.0,0.0,0.0,0.5,1.0,16384,0,0,0,
zero_shot_s2027,2027,zero_shot,dominicamaria_s2_1220.nc,dominicamaria,dominicamaria:267:666,2018-02-01T00:00:00,16292,0,True,0.0,0.0,0.0,0.0,0.5,1.0,16292,0,0,0,
zero_shot_s2027,2027,zero_shot,dominicamaria_s2_1221.nc,dominicamaria,dominicamaria:267:666,2018-02-01T00:00:00,16383,0,True,0.0,0.0,0.0,0.0,0.5,1.0,16383,0,0,0,
zero_shot_s2027,2027,zero_shot,dominicamaria_s2_1222.nc,dominicamaria,dominicamaria:267:667,2018-02-01T00:00:00,16384,0,True,0.0,0.0,0.0,0.0,0.5,1.0,16384,0,0,0,
zero_shot_s2027,2027,zero_shot,dominicamaria_s2_1223.nc,dominicamaria,dominicamaria:267:667,2018-02-01T00:00:00,16374,692,False,0.0,0.0,0.0,0.0,0.4788689385611335,0.957737877122267,15682,0,692,0,0.0
zero_shot_s2027,2027,zero_shot,dominicamaria_s2_1224.nc,dominicamaria,dominicamaria:267:668,2018-02-01T00:00:00,16352,683,False,0.0,0.0,0.0,0.0,0.47911570450097846,0.9582314090019569,15669,0,683,0,0.0
zero_shot_s2027,2027,zero_shot,dominicamaria_s2_1225.nc,dominicamaria,dominicamaria:267:668,2018-02-16T00:00:00,16356,219,False,0.0,0.0,0.0,0.0,0.49330520909757886,0.9866104181951577,16137,0,219,0,0.0
zero_shot_s2027,2027,zero_shot,dominicamaria_s2_1226.nc,dominicamaria,dominicamaria:267:669,2018-02-01T00:00:00,16373,58,False,0.0,0.0,0.0,0.0,0.49822879130275455,0.9964575826055091,16315,0,58,0,0.0
zero_shot_s2027,2027,zero_shot,dominicamaria_s2_1227.nc,dominicamaria,dominicamaria:267:669,2018-02-01T00:00:00,16384,0,True,0.0,0.0,0.0,0.0,0.5,1.0,16384,0,0,0,
zero_shot_s2027,2027,zero_shot,dominicamaria_s2_1228.nc,dominicamaria,dominicamaria:267:670,2017-11-03T00:00:00,16145,4,False,0.0,0.0,0.0,0.0,0.49987612263858777,0.9997522452771755,16141,0,4,0,0.0
zero_shot_s2027,2027,zero_shot,dominicamaria_s2_1229.nc,dominicamaria,dominicamaria:267:670,2017-10-29T00:00:00,16078,0,True,0.0,0.0,0.0,0.0,0.4998134096280632,0.9996268192561264,16072,6,0,0,
zero_shot_s2027,2027,zero_shot,dominicamaria_s2_122.nc,dominicamaria,dominicamaria:257:663,2017-10-14T00:00:00,16384,0,True,0.0,0.0,0.0,0.0,0.5,1.0,16384,0,0,0,
zero_shot_s2027,2027,zero_shot,dominicamaria_s2_1231.nc,dominicamaria,dominicamaria:267:671,2017-10-09T00:00:00,16384,0,True,0.0,0.0,0.0,0.0,0.5,1.0,16384,0,0,0,
zero_shot_s2027,2027,zero_shot,dominicamaria_s2_1232.nc,dominicamaria,dominicamaria:267:672,2017-10-09T00:00:00,16384,0,True,0.0,0.0,0.0,0.0,0.5,1.0,16384,0,0,0,
zero_shot_s2027,2027,zero_shot,dominicamaria_s2_1233.nc,dominicamaria,dominicamaria:267:672,2017-10-09T00:00:00,16384,0,True,0.0,0.0,0.0,0.0,0.5,1.0,16384,0,0,0,
zero_shot_s2027,2027,zero_shot,dominicamaria_s2_1235.nc,dominicamaria,dominicamaria:267:673,2017-10-09T00:00:00,16384,0,True,0.0,0.0,0.0,0.0,0.5,1.0,16384,0,0,0,
zero_shot_s2027,2027,zero_shot,dominicamaria_s2_1239.nc,dominicamaria,dominicamaria:267:675,2017-11-03T00:00:00,16384,0,True,0.0,0.0,0.0,0.0,0.5,1.0,16384,0,0,0,
zero_shot_s2027,2027,zero_shot,dominicamaria_s2_123.nc,dominicamaria,dominicamaria:257:663,2017-10-14T00:00:00,16384,0,True,0.0,0.0,0.0,0.0,0.5,1.0,16384,0,0,0,
zero_shot_s2027,2027,zero_shot,dominicamaria_s2_1240.nc,dominicamaria,dominicamaria:267:676,2017-11-03T00:00:00,16384,0,True,0.0,0.0,0.0,0.0,0.5,1.0,16384,0,0,0,
zero_shot_s2027,2027,zero_shot,dominicamaria_s2_1241.nc,dominicamaria,dominicamaria:267:676,2017-10-09T00:00:00,16384,0,True,0.0,0.0,0.0,0.0,0.5,1.0,16384,0,0,0,
zero_shot_s2027,2027,zero_shot,dominicamaria_s2_1242.nc,dominicamaria,dominicamaria:267:677,2017-10-09T00:00:00,16384,0,True,0.0,0.0,0.0,0.0,0.5,1.0,16384,0,0,0,
zero_shot_s2027,2027,zero_shot,dominicamaria_s2_1244.nc,dominicamaria,dominicamaria:267:678,2017-10-09T00:00:00,16384,0,True,0.0,0.0,0.0,0.0,0.5,1.0,16384,0,0,0,
zero_shot_s2027,2027,zero_shot,dominicamaria_s2_1245.nc,dominicamaria,dominicamaria:267:678,2017-10-09T00:00:00,16384,0,True,0.0,0.0,0.0,0.0,0.5,1.0,16384,0,0,0,
zero_shot_s2027,2027,zero_shot,dominicamaria_s2_1246.nc,dominicamaria,dominicamaria:267:679,2017-10-09T00:00:00,16384,0,True,0.0,0.0,0.0,0.0,0.5,1.0,16384,0,0,0,
zero_shot_s2027,2027,zero_shot,dominicamaria_s2_1249.nc,dominicamaria,dominicamaria:268:654,2017-10-09T00:00:00,16384,0,True,0.0,0.0,0.0,0.0,0.5,1.0,16384,0,0,0,
zero_shot_s2027,2027,zero_shot,dominicamaria_s2_124.nc,dominicamaria,dominicamaria:257:664,2017-10-14T00:00:00,16384,0,True,0.0,0.0,0.0,0.0,0.5,1.0,16384,0,0,0,
zero_shot_s2027,2027,zero_shot,dominicamaria_s2_1250.nc,dominicamaria,dominicamaria:268:655,2017-10-09T00:00:00,16384,0,True,0.0,0.0,0.0,0.0,0.5,1.0,16384,0,0,0,
zero_shot_s2027,2027,zero_shot,dominicamaria_s2_1251.nc,dominicamaria,dominicamaria:268:655,2017-10-09T00:00:00,16384,0,True,0.0,0.0,0.0,0.0,0.5,1.0,16384,0,0,0,
zero_shot_s2027,2027,zero_shot,dominicamaria_s2_1252.nc,dominicamaria,dominicamaria:268:656,2017-10-09T00:00:00,16384,0,True,0.0,0.0,0.0,0.0,0.5,1.0,16384,0,0,0,
zero_shot_s2027,2027,zero_shot,dominicamaria_s2_1253.nc,dominicamaria,dominicamaria:268:656,2017-10-09T00:00:00,16384,0,True,0.0,0.0,0.0,0.0,0.5,1.0,16384,0,0,0,
zero_shot_s2028,2028,zero_shot,dominicamaria_s2_1000.nc,dominicamaria,dominicamaria:265:660,2018-02-01T00:00:00,16306,440,False,0.0,0.0,0.0,0.0,0.48650803385256963,0.9730160677051393,15866,0,440,0,0.0
zero_shot_s2028,2028,zero_shot,dominicamaria_s2_1001.nc,dominicamaria,dominicamaria:265:660,2018-02-01T00:00:00,15936,453,False,0.0,0.0,0.0,0.0,0.4857868975903614,0.9715737951807228,15483,0,453,0,0.0
zero_shot_s2028,2028,zero_shot,dominicamaria_s2_1002.nc,dominicamaria,dominicamaria:265:661,2018-02-01T00:00:00,16343,525,False,0.0,0.0,0.0,0.0,0.48393807746435785,0.9678761549287157,15818,0,525,0,0.0
zero_shot_s2028,2028,zero_shot,dominicamaria_s2_1003.nc,dominicamaria,dominicamaria:265:661,2018-02-01T00:00:00,16311,430,False,0.0,0.0,0.0,0.0,0.4868187112991233,0.9736374225982466,15881,0,430,0,0.0
zero_shot_s2028,2028,zero_shot,dominicamaria_s2_1004.nc,dominicamaria,dominicamaria:265:662,2018-02-01T00:00:00,16380,0,True,0.0,0.0,0.0,0.0,0.5,1.0,16380,0,0,0,
zero_shot_s2028,2028,zero_shot,dominicamaria_s2_1005.nc,dominicamaria,dominicamaria:265:662,2018-02-01T00:00:00,16261,11,False,0.0,0.0,0.0,0.0,0.49966176741897794,0.9993235348379559,16250,0,11,0,0.0
zero_shot_s2028,2028,zero_shot,dominicamaria_s2_1007.nc,dominicamaria,dominicamaria:265:663,2018-02-01T00:00:00,14528,0,True,0.0,0.0,0.0,0.0,0.5,1.0,14528,0,0,0,
zero_shot_s2028,2028,zero_shot,dominicamaria_s2_1009.nc,dominicamaria,dominicamaria:265:664,2018-02-01T00:00:00,15628,19,False,0.0,0.0,0.0,0.0,0.499392116713591,0.998784233427182,15609,0,19,0,0.0
zero_shot_s2028,2028,zero_shot,dominicamaria_s2_1010.nc,dominicamaria,dominicamaria:265:665,2018-02-01T00:00:00,16384,79,False,0.0,0.0,0.0,0.0,0.497589111328125,0.99517822265625,16305,0,79,0,0.0
zero_shot_s2028,2028,zero_shot,dominicamaria_s2_1011.nc,dominicamaria,dominicamaria:265:665,2018-02-01T00:00:00,16384,0,True,0.0,0.0,0.0,0.0,0.5,1.0,16384,0,0,0,
zero_shot_s2028,2028,zero_shot,dominicamaria_s2_1012.nc,dominicamaria,dominicamaria:265:666,2018-02-01T00:00:00,16336,16,False,0.0,0.0,0.0,0.0,0.49951028403525954,0.9990205680705191,16320,0,16,0,0.0
zero_shot_s2028,2028,zero_shot,dominicamaria_s2_1013.nc,dominicamaria,dominicamaria:265:666,2018-02-01T00:00:00,16380,68,False,0.0,0.0,0.0,0.0,0.49792429792429793,0.9958485958485959,16312,0,68,0,0.0
zero_shot_s2028,2028,zero_shot,dominicamaria_s2_1015.nc,dominicamaria,dominicamaria:265:667,2018-02-01T00:00:00,16384,70,False,0.0,0.0,0.0,0.0,0.49786376953125,0.9957275390625,16314,0,70,0,0.0
zero_shot_s2028,2028,zero_shot,dominicamaria_s2_1016.nc,dominicamaria,dominicamaria:265:668,2018-02-01T00:00:00,16384,417,False,0.0,0.0,0.0,0.0,0.487274169921875,0.97454833984375,15967,0,417,0,0.0
zero_shot_s2028,2028,zero_shot,dominicamaria_s2_1017.nc,dominicamaria,dominicamaria:265:668,2018-02-01T00:00:00,16384,131,False,0.0,0.0,0.0,0.0,0.496002197265625,0.99200439453125,16253,0,131,0,0.0
zero_shot_s2028,2028,zero_shot,dominicamaria_s2_1018.nc,dominicamaria,dominicamaria:265:669,2018-02-01T00:00:00,16380,623,False,0.0,0.0,0.0,0.0,0.480982905982906,0.961965811965812,15757,0,623,0,0.0
zero_shot_s2028,2028,zero_shot,dominicamaria_s2_1019.nc,dominicamaria,dominicamaria:265:669,2018-02-01T00:00:00,16080,90,False,0.005952380952380952,0.011834319526627219,0.008064516129032258,0.022222222222222223,0.49258932643837483,0.9792288557213931,15744,246,88,2,0.005952380952380952
zero_shot_s2028,2028,zero_shot,dominicamaria_s2_1020.nc,dominicamaria,dominicamaria:265:670,2017-10-09T00:00:00,16179,37,False,0.0,0.0,0.0,0.0,0.4988565424315471,0.9977130848630942,16142,0,37,0,0.0
zero_shot_s2028,2028,zero_shot,dominicamaria_s2_1021.nc,dominicamaria,dominicamaria:265:670,2017-11-18T00:00:00,16373,0,True,0.0,0.0,0.0,0.0,0.5,1.0,16373,0,0,0,
zero_shot_s2028,2028,zero_shot,dominicamaria_s2_1022.nc,dominicamaria,dominicamaria:265:671,2018-02-01T00:00:00,16305,24,False,0.0,0.0,0.0,0.0,0.4992640294388224,0.9985280588776448,16281,0,24,0,0.0
zero_shot_s2028,2028,zero_shot,dominicamaria_s2_1030.nc,dominicamaria,dominicamaria:265:675,2017-10-09T00:00:00,16384,0,True,0.0,0.0,0.0,0.0,0.5,1.0,16384,0,0,0,
zero_shot_s2028,2028,zero_shot,dominicamaria_s2_1031.nc,dominicamaria,dominicamaria:265:675,2017-10-09T00:00:00,16384,0,True,0.0,0.0,0.0,0.0,0.5,1.0,16384,0,0,0,
zero_shot_s2028,2028,zero_shot,dominicamaria_s2_1032.nc,dominicamaria,dominicamaria:265:676,2017-10-09T00:00:00,16384,0,True,0.0,0.0,0.0,0.0,0.5,1.0,16384,0,0,0,
zero_shot_s2028,2028,zero_shot,dominicamaria_s2_1034.nc,dominicamaria,dominicamaria:265:677,2017-10-09T00:00:00,16384,0,True,0.0,0.0,0.0,0.0,0.5,1.0,16384,0,0,0,
zero_shot_s2028,2028,zero_shot,dominicamaria_s2_1036.nc,dominicamaria,dominicamaria:265:678,2017-10-09T00:00:00,16384,0,True,0.0,0.0,0.0,0.0,0.5,1.0,16384,0,0,0,
zero_shot_s2028,2028,zero_shot,dominicamaria_s2_1038.nc,dominicamaria,dominicamaria:265:679,2017-10-09T00:00:00,16384,0,True,0.0,0.0,0.0,0.0,0.5,1.0,16384,0,0,0,
zero_shot_s2028,2028,zero_shot,dominicamaria_s2_1041.nc,dominicamaria,dominicamaria:266:654,2017-10-09T00:00:00,16384,0,True,0.0,0.0,0.0,0.0,0.5,1.0,16384,0,0,0,
zero_shot_s2028,2028,zero_shot,dominicamaria_s2_1043.nc,dominicamaria,dominicamaria:266:655,2017-10-09T00:00:00,16384,0,True,0.0,0.0,0.0,0.0,0.5,1.0,16384,0,0,0,
zero_shot_s2028,2028,zero_shot,dominicamaria_s2_1044.nc,dominicamaria,dominicamaria:266:656,2017-10-09T00:00:00,16384,0,True,0.0,0.0,0.0,0.0,0.5,1.0,16384,0,0,0,
zero_shot_s2028,2028,zero_shot,dominicamaria_s2_1047.nc,dominicamaria,dominicamaria:266:657,2017-11-23T00:00:00,16344,38,False,0.0,0.0,0.0,0.0,0.49883749388154675,0.9976749877630935,16306,0,38,0,0.0
zero_shot_s2028,2028,zero_shot,dominicamaria_s2_1048.nc,dominicamaria,dominicamaria:266:658,2017-12-13T00:00:00,16307,107,False,0.0,0.0,0.0,0.0,0.49628993683694117,0.9925798736738823,16186,14,107,0,0.0
zero_shot_s2028,2028,zero_shot,dominicamaria_s2_1049.nc,dominicamaria,dominicamaria:266:658,2018-02-01T00:00:00,16251,1404,False,0.0,0.0,0.0,0.0,0.4568026582979509,0.9136053165959018,14847,0,1404,0,0.0
zero_shot_s2028,2028,zero_shot,dominicamaria_s2_1050.nc,dominicamaria,dominicamaria:266:659,2018-02-01T00:00:00,15970,4528,False,0.0,0.0,0.0,0.0,0.35823418910457105,0.7164683782091421,11442,0,4528,0,0.0
zero_shot_s2028,2028,zero_shot,dominicamaria_s2_1051.nc,dominicamaria,dominicamaria:266:659,2018-02-01T00:00:00,16201,610,False,0.0,0.0,0.0,0.0,0.48086537868032836,0.9617307573606567,15581,10,610,0,0.0
zero_shot_s2028,2028,zero_shot,dominicamaria_s2_1052.nc,dominicamaria,dominicamaria:266:660,2018-02-01T00:00:00,16337,56,False,0.0,0.0,0.0,0.0,0.49828609903899124,0.9965721980779825,16281,0,56,0,0.0
zero_shot_s2028,2028,zero_shot,dominicamaria_s2_1053.nc,dominicamaria,dominicamaria:266:660,2018-02-01T00:00:00,16279,427,False,0.10039370078740158,0.18246869409660108,0.38636363636363635,0.11943793911007025,0.536116248964073,0.9719270225443823,15771,81,376,51,0.10039370078740158
zero_shot_s2028,2028,zero_shot,dominicamaria_s2_1054.nc,dominicamaria,dominicamaria:266:661,2018-02-01T00:00:00,15944,13,False,0.0,0.0,0.0,0.0,0.49720898143502257,0.9944179628700451,15855,76,13,0,0.0
zero_shot_s2028,2028,zero_shot,dominicamaria_s2_1055.nc,dominicamaria,dominicamaria:266:661,2018-02-01T00:00:00,16326,0,True,0.0,0.0,0.0,0.0,0.5,1.0,16326,0,0,0,
zero_shot_s2028,2028,zero_shot,dominicamaria_s2_1057.nc,dominicamaria,dominicamaria:266:662,2018-02-01T00:00:00,14233,0,True,0.0,0.0,0.0,0.0,0.5,1.0,14233,0,0,0,
zero_shot_s2028,2028,zero_shot,dominicamaria_s2_1058.nc,dominicamaria,dominicamaria:266:663,2018-02-01T00:00:00,14317,32,False,0.0,0.0,0.0,0.0,0.4980442830201858,0.9960885660403715,14261,24,32,0,0.0
zero_shot_s2028,2028,zero_shot,dominicamaria_s2_105.nc,dominicamaria,dominicamaria:257:654,2017-11-03T00:00:00,16384,0,True,0.0,0.0,0.0,0.0,0.5,1.0,16384,0,0,0,
zero_shot_s2028,2028,zero_shot,dominicamaria_s2_1061.nc,dominicamaria,dominicamaria:266:664,2018-01-02T00:00:00,16347,0,True,0.0,0.0,0.0,0.0,0.49963296017617914,0.9992659203523583,16335,12,0,0,
zero_shot_s2028,2028,zero_shot,dominicamaria_s2_1062.nc,dominicamaria,dominicamaria:266:665,2018-02-01T00:00:00,16370,131,False,0.0,0.0,0.0,0.0,0.4959987782529017,0.9919975565058033,16239,0,131,0,0.0
zero_shot_s2028,2028,zero_shot,dominicamaria_s2_1063.nc,dominicamaria,dominicamaria:266:665,2018-02-01T00:00:00,16380,143,False,0.0,0.0,0.0,0.0,0.49563492063492065,0.9912698412698413,16237,0,143,0,0.0
zero_shot_s2028,2028,zero_shot,dominicamaria_s2_1064.nc,dominicamaria,dominicamaria:266:666,2018-02-01T00:00:00,16384,371,False,0.0,0.0,0.0,0.0,0.488677978515625,0.97735595703125,16013,0,371,0,0.0
zero_shot_s2028,2028,zero_shot,dominicamaria_s2_1065.nc,dominicamaria,dominicamaria:266:666,2018-02-01T00:00:00,16362,212,False,0.0,0.0,0.0,0.0,0.4935215743796602,0.9870431487593204,16150,0,212,0,0.0
zero_shot_s2028,2028,zero_shot,dominicamaria_s2_1066.nc,dominicamaria,dominicamaria:266:667,2018-02-01T00:00:00,16380,17,False,0.0,0.0,0.0,0.0,0.4994810744810745,0.998962148962149,16363,0,17,0,0.0
zero_shot_s2028,2028,zero_shot,dominicamaria_s2_1067.nc,dominicamaria,dominicamaria:266:667,2018-02-01T00:00:00,16376,222,False,0.0,0.0,0.0,0.0,0.4932217879824133,0.9864435759648266,16154,0,222,0,0.0
zero_shot_s2028,2028,zero_shot,dominicamaria_s2_1068.nc,dominicamaria,dominicamaria:266:668,2018-02-01T00:00:00,16364,609,False,0.0,0.0,0.0,0.0,0.4813920801759961,0.9627841603519922,15755,0,609,0,0.0
zero_shot_s2028,2028,zero_shot,dominicamaria_s2_1069.nc,dominicamaria,dominicamaria:266:668,2018-02-01T00:00:00,16372,94,False,0.0,0.0,0.0,0.0,0.4971292450525287,0.9942584901050574,16278,0,94,0,0.0
zero_shot_s2028,2028,zero_shot,dominicamaria_s2_106.nc,dominicamaria,dominicamaria:257:655,2017-10-14T00:00:00,16384,0,True,0.0,0.0,0.0,0.0,0.5,1.0,16384,0,0,0,
zero_shot_s2028,2028,zero_shot,dominicamaria_s2_1070.nc,dominicamaria,dominicamaria:266:669,2018-02-01T00:00:00,16384,100,False,0.0,0.0,0.0,0.0,0.4969482421875,0.993896484375,16284,0,100,0,0.0
zero_shot_s2028,2028,zero_shot,dominicamaria_s2_1071.nc,dominicamaria,dominicamaria:266:669,2018-02-01T00:00:00,16376,343,False,0.0,0.0,0.0,0.0,0.48952735710796286,0.9790547142159257,16033,0,343,0,0.0
zero_shot_s2028,2028,zero_shot,dominicamaria_s2_1072.nc,dominicamaria,dominicamaria:266:670,2017-11-18T00:00:00,15940,70,False,0.0,0.0,0.0,0.0,0.4978042659974906,0.9956085319949812,15870,0,70,0,0.0
zero_shot_s2028,2028,zero_shot,dominicamaria_s2_1075.nc,dominicamaria,dominicamaria:266:671,2017-11-23T00:00:00,16297,0,True,0.0,0.0,0.0,0.0,0.5,1.0,16297,0,0,0,
zero_shot_s2028,2028,zero_shot,dominicamaria_s2_1076.nc,dominicamaria,dominicamaria:266:672,2017-12-13T00:00:00,16384,0,True,0.0,0.0,0.0,0.0,0.5,1.0,16384,0,0,0,
zero_shot_s2028,2028,zero_shot,dominicamaria_s2_1077.nc,dominicamaria,dominicamaria:266:672,2018-03-18T00:00:00,16243,0,True,0.0,0.0,0.0,0.0,0.5,1.0,16243,0,0,0,
zero_shot_s2028,2028,zero_shot,dominicamaria_s2_1078.nc,dominicamaria,dominicamaria:266:673,2017-10-09T00:00:00,16149,0,True,0.0,0.0,0.0,0.0,0.5,1.0,16149,0,0,0,
zero_shot_s2028,2028,zero_shot,dominicamaria_s2_1079.nc,dominicamaria,dominicamaria:266:673,2017-10-09T00:00:00,16384,0,True,0.0,0.0,0.0,0.0,0.5,1.0,16384,0,0,0,
zero_shot_s2028,2028,zero_shot,dominicamaria_s2_107.nc,dominicamaria,dominicamaria:257:655,2017-10-14T00:00:00,16384,0,True,0.0,0.0,0.0,0.0,0.5,1.0,16384,0,0,0,
zero_shot_s2028,2028,zero_shot,dominicamaria_s2_1080.nc,dominicamaria,dominicamaria:266:674,2017-10-09T00:00:00,16384,0,True,0.0,0.0,0.0,0.0,0.5,1.0,16384,0,0,0,
zero_shot_s2028,2028,zero_shot,dominicamaria_s2_1081.nc,dominicamaria,dominicamaria:266:674,2017-10-09T00:00:00,16384,0,True,0.0,0.0,0.0,0.0,0.5,1.0,16384,0,0,0,
zero_shot_s2028,2028,zero_shot,dominicamaria_s2_1082.nc,dominicamaria,dominicamaria:266:675,2017-10-09T00:00:00,16384,0,True,0.0,0.0,0.0,0.0,0.5,1.0,16384,0,0,0,
zero_shot_s2028,2028,zero_shot,dominicamaria_s2_1083.nc,dominicamaria,dominicamaria:266:675,2017-10-09T00:00:00,16384,0,True,0.0,0.0,0.0,0.0,0.5,1.0,16384,0,0,0,
zero_shot_s2028,2028,zero_shot,dominicamaria_s2_1084.nc,dominicamaria,dominicamaria:266:676,2017-10-09T00:00:00,16384,0,True,0.0,0.0,0.0,0.0,0.5,1.0,16384,0,0,0,
zero_shot_s2028,2028,zero_shot,dominicamaria_s2_1089.nc,dominicamaria,dominicamaria:266:678,2017-10-09T00:00:00,16384,0,True,0.0,0.0,0.0,0.0,0.5,1.0,16384,0,0,0,
zero_shot_s2028,2028,zero_shot,dominicamaria_s2_108.nc,dominicamaria,dominicamaria:257:656,2017-10-14T00:00:00,16384,0,True,0.0,0.0,0.0,0.0,0.5,1.0,16384,0,0,0,
zero_shot_s2028,2028,zero_shot,dominicamaria_s2_1090.nc,dominicamaria,dominicamaria:266:679,2017-10-09T00:00:00,16384,0,True,0.0,0.0,0.0,0.0,0.5,1.0,16384,0,0,0,
zero_shot_s2028,2028,zero_shot,dominicamaria_s2_1093.nc,dominicamaria,dominicamaria:266:654,2017-10-09T00:00:00,16384,0,True,0.0,0.0,0.0,0.0,0.5,1.0,16384,0,0,0,
zero_shot_s2028,2028,zero_shot,dominicamaria_s2_1094.nc,dominicamaria,dominicamaria:266:655,2017-10-09T00:00:00,16384,0,True,0.0,0.0,0.0,0.0,0.5,1.0,16384,0,0,0,
zero_shot_s2028,2028,zero_shot,dominicamaria_s2_1096.nc,dominicamaria,dominicamaria:266:656,2017-10-09T00:00:00,16384,0,True,0.0,0.0,0.0,0.0,0.5,1.0,16384,0,0,0,
zero_shot_s2028,2028,zero_shot,dominicamaria_s2_1097.nc,dominicamaria,dominicamaria:266:656,2017-10-09T00:00:00,16384,0,True,0.0,0.0,0.0,0.0,0.5,1.0,16384,0,0,0,
zero_shot_s2028,2028,zero_shot,dominicamaria_s2_1098.nc,dominicamaria,dominicamaria:266:657,2017-11-03T00:00:00,16384,0,True,0.0,0.0,0.0,0.0,0.5,1.0,16384,0,0,0,
zero_shot_s2028,2028,zero_shot,dominicamaria_s2_1099.nc,dominicamaria,dominicamaria:266:657,2017-11-03T00:00:00,16384,0,True,0.0,0.0,0.0,0.0,0.5,1.0,16384,0,0,0,
zero_shot_s2028,2028,zero_shot,dominicamaria_s2_109.nc,dominicamaria,dominicamaria:257:656,2017-10-14T00:00:00,16384,0,True,0.0,0.0,0.0,0.0,0.5,1.0,16384,0,0,0,
zero_shot_s2028,2028,zero_shot,dominicamaria_s2_1100.nc,dominicamaria,dominicamaria:266:658,2017-10-09T00:00:00,16384,0,True,0.0,0.0,0.0,0.0,0.5,1.0,16384,0,0,0,
zero_shot_s2028,2028,zero_shot,dominicamaria_s2_1101.nc,dominicamaria,dominicamaria:266:658,2017-11-23T00:00:00,16210,1451,False,0.00205620287868403,0.004103967168262654,0.2727272727272727,0.002067539627842867,0.4561092392193136,0.9101789019123998,14751,8,1448,3,0.00205620287868403
zero_shot_s2028,2028,zero_shot,dominicamaria_s2_1102.nc,dominicamaria,dominicamaria:266:659,2018-02-01T00:00:00,16352,2312,False,0.0,0.0,0.0,0.0,0.42930528375733856,0.8586105675146771,14040,0,2312,0,0.0
zero_shot_s2028,2028,zero_shot,dominicamaria_s2_1103.nc,dominicamaria,dominicamaria:266:659,2018-02-01T00:00:00,16008,772,False,0.0,0.0,0.0,0.0,0.4758870564717641,0.9517741129435282,15236,0,772,0,0.0
zero_shot_s2028,2028,zero_shot,dominicamaria_s2_1104.nc,dominicamaria,dominicamaria:266:660,2018-02-01T00:00:00,16376,111,False,0.0,0.0,0.0,0.0,0.49661089399120667,0.9932217879824133,16265,0,111,0,0.0
zero_shot_s2028,2028,zero_shot,dominicamaria_s2_1105.nc,dominicamaria,dominicamaria:266:660,2018-02-01T00:00:00,16380,193,False,0.0,0.0,0.0,0.0,0.4924908424908425,0.984981684981685,16134,53,193,0,0.0
zero_shot_s2028,2028,zero_shot,dominicamaria_s2_1106.nc,dominicamaria,dominicamaria:266:661,2018-02-01T00:00:00,16342,312,False,0.0,0.0,0.0,0.0,0.4904234487822788,0.9808468975645576,16029,1,312,0,0.0
zero_shot_s2028,2028,zero_shot,dominicamaria_s2_1107.nc,dominicamaria,dominicamaria:266:661,2018-02-01T00:00:00,15928,73,False,0.0,0.0,0.0,0.0,0.4773982923154194,0.9547965846308388,15208,647,73,0,0.0
zero_shot_s2028,2028,zero_shot,dominicamaria_s2_1108.nc,dominicamaria,dominicamaria:266:662,2018-02-01T00:00:00,14844,140,False,0.0,0.0,0.0,0.0,0.4839329021827001,0.9678658043654002,14367,337,140,0,0.0
zero_shot_s2028,2028,zero_shot,dominicamaria_s2_1110.nc,dominicamaria,dominicamaria:266:663,2018-02-01T00:00:00,14688,385,False,0.01694915254237288,0.03333333333333333,0.046511627906976744,0.025974025974025976,0.48871711612675256,0.960511982570806,14098,205,375,10,0.01694915254237288
zero_shot_s2028,2028,zero_shot,dominicamaria_s2_1111.nc,dominicamaria,dominicamaria:266:663,2017-11-23T00:00:00,14467,230,False,0.0,0.0,0.0,0.0,0.4777770097463192,0.9555540194926384,13824,413,230,0,0.0
zero_shot_s2028,2028,zero_shot,dominicamaria_s2_1112.nc,dominicamaria,dominicamaria:266:664,2017-11-23T00:00:00,15582,92,False,0.0,0.0,0.0,0.0,0.4887690925426775,0.977538185085355,15232,258,92,0,0.0
zero_shot_s2028,2028,zero_shot,dominicamaria_s2_1114.nc,dominicamaria,dominicamaria:266:665,2018-02-01T00:00:00,16384,213,False,0.0,0.0,0.0,0.0,0.493499755859375,0.98699951171875,16171,0,213,0,0.0
zero_shot_s2028,2028,zero_shot,dominicamaria_s2_1115.nc,dominicamaria,dominicamaria:266:665,2018-02-01T00:00:00,16288,42,False,0.0,0.0,0.0,0.0,0.49871070726915523,0.9974214145383105,16246,0,42,0,0.0
zero_shot_s2028,2028,zero_shot,dominicamaria_s2_1116.nc,dominicamaria,dominicamaria:266:666,2018-02-01T00:00:00,16376,408,False,0.0,0.0,0.0,0.0,0.487542745481192,0.975085490962384,15968,0,408,0,0.0
zero_shot_s2028,2028,zero_shot,dominicamaria_s2_1117.nc,dominicamaria,dominicamaria:266:666,2018-02-01T00:00:00,16368,41,False,0.0,0.0,0.0,0.0,0.4987475562072336,0.9974951124144672,16327,0,41,0,0.0
zero_shot_s2028,2028,zero_shot,dominicamaria_s2_1118.nc,dominicamaria,dominicamaria:266:667,2018-02-01T00:00:00,16384,127,False,0.0,0.0,0.0,0.0,0.496124267578125,0.99224853515625,16257,0,127,0,0.0
zero_shot_s2028,2028,zero_shot,dominicamaria_s2_1119.nc,dominicamaria,dominicamaria:266:667,2018-02-01T00:00:00,16384,109,False,0.0,0.0,0.0,0.0,0.496673583984375,0.99334716796875,16275,0,109,0,0.0
zero_shot_s2028,2028,zero_shot,dominicamaria_s2_111.nc,dominicamaria,dominicamaria:257:657,2017-10-14T00:00:00,16384,0,True,0.0,0.0,0.0,0.0,0.5,1.0,16384,0,0,0,
zero_shot_s2028,2028,zero_shot,dominicamaria_s2_1120.nc,dominicamaria,dominicamaria:266:668,2018-02-01T00:00:00,16368,2,False,0.0,0.0,0.0,0.0,0.49993890518084066,0.9998778103616813,16366,0,2,0,0.0
zero_shot_s2028,2028,zero_shot,dominicamaria_s2_1121.nc,dominicamaria,dominicamaria:266:668,2018-02-01T00:00:00,16375,124,False,0.0,0.0,0.0,0.0,0.49621374045801525,0.9924274809160305,16251,0,124,0,0.0
zero_shot_s2028,2028,zero_shot,dominicamaria_s2_1122.nc,dominicamaria,dominicamaria:266:669,2018-02-01T00:00:00,16384,52,False,0.0,0.0,0.0,0.0,0.4984130859375,0.996826171875,16332,0,52,0,0.0
zero_shot_s2028,2028,zero_shot,dominicamaria_s2_1123.nc,dominicamaria,dominicamaria:266:669,2018-02-01T00:00:00,16380,27,False,0.0,0.0,0.0,0.0,0.4991758241758242,0.9983516483516484,16353,0,27,0,0.0
zero_shot_s2028,2028,zero_shot,dominicamaria_s2_1124.nc,dominicamaria,dominicamaria:266:670,2018-02-01T00:00:00,16384,204,False,0.0,0.0,0.0,0.0,0.4937744140625,0.987548828125,16180,0,204,0,0.0
zero_shot_s2028,2028,zero_shot,dominicamaria_s2_1127.nc,dominicamaria,dominicamaria:266:671,2017-11-18T00:00:00,16052,0,True,0.0,0.0,0.0,0.0,0.5,1.0,16052,0,0,0,
zero_shot_s2028,2028,zero_shot,dominicamaria_s2_1128.nc,dominicamaria,dominicamaria:266:672,2017-11-03T00:00:00,16161,0,True,0.0,0.0,0.0,0.0,0.5,1.0,16161,0,0,0,
zero_shot_s2028,2028,zero_shot,dominicamaria_s2_1129.nc,dominicamaria,dominicamaria:266:672,2017-10-09T00:00:00,16376,0,True,0.0,0.0,0.0,0.0,0.5,1.0,16376,0,0,0,
zero_shot_s2028,2028,zero_shot,dominicamaria_s2_1130.nc,dominicamaria,dominicamaria:266:673,2017-10-09T00:00:00,16384,0,True,0.0,0.0,0.0,0.0,0.5,1.0,16384,0,0,0,
zero_shot_s2028,2028,zero_shot,dominicamaria_s2_1131.nc,dominicamaria,dominicamaria:266:673,2017-10-09T00:00:00,16384,0,True,0.0,0.0,0.0,0.0,0.5,1.0,16384,0,0,0,
zero_shot_s2028,2028,zero_shot,dominicamaria_s2_1132.nc,dominicamaria,dominicamaria:266:674,2017-10-09T00:00:00,16384,0,True,0.0,0.0,0.0,0.0,0.5,1.0,16384,0,0,0,
zero_shot_s2028,2028,zero_shot,dominicamaria_s2_1134.nc,dominicamaria,dominicamaria:266:675,2017-10-09T00:00:00,16384,0,True,0.0,0.0,0.0,0.0,0.5,1.0,16384,0,0,0,
zero_shot_s2028,2028,zero_shot,dominicamaria_s2_1135.nc,dominicamaria,dominicamaria:266:675,2017-10-09T00:00:00,16384,0,True,0.0,0.0,0.0,0.0,0.5,1.0,16384,0,0,0,
zero_shot_s2028,2028,zero_shot,dominicamaria_s2_1136.nc,dominicamaria,dominicamaria:266:676,2017-10-09T00:00:00,16384,0,True,0.0,0.0,0.0,0.0,0.5,1.0,16384,0,0,0,
zero_shot_s2028,2028,zero_shot,dominicamaria_s2_1137.nc,dominicamaria,dominicamaria:266:676,2017-10-09T00:00:00,16384,0,True,0.0,0.0,0.0,0.0,0.5,1.0,16384,0,0,0,
zero_shot_s2028,2028,zero_shot,dominicamaria_s2_1138.nc,dominicamaria,dominicamaria:266:677,2017-10-09T00:00:00,16384,0,True,0.0,0.0,0.0,0.0,0.5,1.0,16384,0,0,0,
zero_shot_s2028,2028,zero_shot,dominicamaria_s2_1139.nc,dominicamaria,dominicamaria:266:677,2017-10-09T00:00:00,16384,0,True,0.0,0.0,0.0,0.0,0.5,1.0,16384,0,0,0,
zero_shot_s2028,2028,zero_shot,dominicamaria_s2_1140.nc,dominicamaria,dominicamaria:266:678,2017-10-09T00:00:00,16384,0,True,0.0,0.0,0.0,0.0,0.5,1.0,16384,0,0,0,
zero_shot_s2028,2028,zero_shot,dominicamaria_s2_1141.nc,dominicamaria,dominicamaria:266:678,2017-10-09T00:00:00,16384,0,True,0.0,0.0,0.0,0.0,0.5,1.0,16384,0,0,0,
zero_shot_s2028,2028,zero_shot,dominicamaria_s2_1142.nc,dominicamaria,dominicamaria:266:679,2017-10-09T00:00:00,16384,0,True,0.0,0.0,0.0,0.0,0.5,1.0,16384,0,0,0,
zero_shot_s2028,2028,zero_shot,dominicamaria_s2_1146.nc,dominicamaria,dominicamaria:267:655,2017-10-09T00:00:00,16384,0,True,0.0,0.0,0.0,0.0,0.5,1.0,16384,0,0,0,
zero_shot_s2028,2028,zero_shot,dominicamaria_s2_1147.nc,dominicamaria,dominicamaria:267:655,2017-10-09T00:00:00,16384,0,True,0.0,0.0,0.0,0.0,0.5,1.0,16384,0,0,0,
zero_shot_s2028,2028,zero_shot,dominicamaria_s2_1148.nc,dominicamaria,dominicamaria:267:656,2017-10-09T00:00:00,16384,0,True,0.0,0.0,0.0,0.0,0.5,1.0,16384,0,0,0,
zero_shot_s2028,2028,zero_shot,dominicamaria_s2_1149.nc,dominicamaria,dominicamaria:267:656,2017-10-09T00:00:00,16384,0,True,0.0,0.0,0.0,0.0,0.5,1.0,16384,0,0,0,
zero_shot_s2028,2028,zero_shot,dominicamaria_s2_1150.nc,dominicamaria,dominicamaria:267:657,2017-11-03T00:00:00,16384,0,True,0.0,0.0,0.0,0.0,0.5,1.0,16384,0,0,0,
zero_shot_s2028,2028,zero_shot,dominicamaria_s2_1151.nc,dominicamaria,dominicamaria:267:657,2017-11-03T00:00:00,16384,0,True,0.0,0.0,0.0,0.0,0.5,1.0,16384,0,0,0,
zero_shot_s2028,2028,zero_shot,dominicamaria_s2_1152.nc,dominicamaria,dominicamaria:267:658,2018-02-01T00:00:00,16384,0,True,0.0,0.0,0.0,0.0,0.5,1.0,16384,0,0,0,
zero_shot_s2028,2028,zero_shot,dominicamaria_s2_1153.nc,dominicamaria,dominicamaria:267:658,2017-11-23T00:00:00,16287,1501,False,0.0,0.0,0.0,0.0,0.4539203045373611,0.9078406090747222,14786,0,1501,0,0.0
zero_shot_s2028,2028,zero_shot,dominicamaria_s2_1154.nc,dominicamaria,dominicamaria:267:659,2018-02-01T00:00:00,16371,3096,False,0.0,0.0,0.0,0.0,0.40544255085211656,0.8108851017042331,13275,0,3096,0,0.0
zero_shot_s2028,2028,zero_shot,dominicamaria_s2_1155.nc,dominicamaria,dominicamaria:267:659,2018-02-01T00:00:00,16288,311,False,0.022727272727272728,0.044444444444444446,0.16326530612244897,0.02572347266881029,0.5007985257985258,0.9788801571709234,15936,41,303,8,0.022727272727272728
zero_shot_s2028,2028,zero_shot,dominicamaria_s2_1156.nc,dominicamaria,dominicamaria:267:660,2018-02-01T00:00:00,16110,244,False,0.0,0.0,0.0,0.0,0.49242706393544383,0.9848541278708877,15866,0,244,0,0.0
zero_shot_s2028,2028,zero_shot,dominicamaria_s2_1157.nc,dominicamaria,dominicamaria:267:660,2018-02-01T00:00:00,16364,393,False,0.0,0.0,0.0,0.0,0.4879919335125886,0.9759838670251773,15971,0,393,0,0.0
zero_shot_s2028,2028,zero_shot,dominicamaria_s2_1158.nc,dominicamaria,dominicamaria:267:661,2018-02-01T00:00:00,16169,55,False,0.0,0.0,0.0,0.0,0.4970622796709753,0.9941245593419507,16074,40,55,0,0.0
zero_shot_s2028,2028,zero_shot,dominicamaria_s2_115.nc,dominicamaria,dominicamaria:257:659,2017-10-09T00:00:00,16384,0,True,0.0,0.0,0.0,0.0,0.5,1.0,16384,0,0,0,
zero_shot_s2028,2028,zero_shot,dominicamaria_s2_1160.nc,dominicamaria,dominicamaria:267:662,2018-02-01T00:00:00,16299,421,False,0.0,0.0,0.0,0.0,0.4804282471317259,0.9608564942634518,15661,217,421,0,0.0
zero_shot_s2028,2028,zero_shot,dominicamaria_s2_1161.nc,dominicamaria,dominicamaria:267:662,2018-02-01T00:00:00,16380,298,False,0.0,0.0,0.0,0.0,0.49047619047619045,0.9809523809523809,16068,14,298,0,0.0
zero_shot_s2028,2028,zero_shot,dominicamaria_s2_1162.nc,dominicamaria,dominicamaria:267:663,2017-11-23T00:00:00,14633,1338,False,0.016475287069395907,0.03241650294695481,0.04727793696275072,0.02466367713004484,0.4407718901100404,0.8653727875350236,12630,665,1305,33,0.016475287069395907
zero_shot_s2028,2028,zero_shot,dominicamaria_s2_1163.nc,dominicamaria,dominicamaria:267:663,2018-01-02T00:00:00,15726,808,False,0.0,0.0,0.0,0.0,0.45628258934249016,0.9125651786849803,14351,567,808,0,0.0
zero_shot_s2028,2028,zero_shot,dominicamaria_s2_1164.nc,dominicamaria,dominicamaria:267:664,2018-02-01T00:00:00,16356,642,False,0.0,0.0,0.0,0.0,0.48037417461482024,0.9607483492296405,15714,0,642,0,0.0
zero_shot_s2028,2028,zero_shot,dominicamaria_s2_1165.nc,dominicamaria,dominicamaria:267:664,2018-02-01T00:00:00,16384,119,False,0.0,0.0,0.0,0.0,0.496368408203125,0.99273681640625,16265,0,119,0,0.0
zero_shot_s2028,2028,zero_shot,dominicamaria_s2_1166.nc,dominicamaria,dominicamaria:267:665,2018-02-01T00:00:00,16384,50,False,0.0,0.0,0.0,0.0,0.49847412109375,0.9969482421875,16334,0,50,0,0.0
zero_shot_s2028,2028,zero_shot,dominicamaria_s2_1167.nc,dominicamaria,dominicamaria:267:665,2018-03-03T00:00:00,16357,0,True,0.0,0.0,0.0,0.0,0.5,1.0,16357,0,0,0,
zero_shot_s2028,2028,zero_shot,dominicamaria_s2_1169.nc,dominicamaria,dominicamaria:267:666,2017-11-23T00:00:00,16384,4,False,0.0,0.0,0.0,0.0,0.4998779296875,0.999755859375,16380,0,4,0,0.0
zero_shot_s2028,2028,zero_shot,dominicamaria_s2_1170.nc,dominicamaria,dominicamaria:267:667,2018-02-01T00:00:00,16376,311,False,0.0,0.0,0.0,0.0,0.49050439667806545,0.9810087933561309,16065,0,311,0,0.0
zero_shot_s2028,2028,zero_shot,dominicamaria_s2_1171.nc,dominicamaria,dominicamaria:267:667,2018-02-01T00:00:00,16358,462,False,0.0,0.0,0.0,0.0,0.48581733708277297,0.9716346741655459,15894,2,462,0,0.0
zero_shot_s2028,2028,zero_shot,dominicamaria_s2_1172.nc,dominicamaria,dominicamaria:267:668,2018-02-01T00:00:00,16355,142,False,0.0,0.0,0.0,0.0,0.4956588199327423,0.9913176398654846,16213,0,142,0,0.0
zero_shot_s2028,2028,zero_shot,dominicamaria_s2_1173.nc,dominicamaria,dominicamaria:267:668,2018-02-01T00:00:00,16360,42,False,0.0,0.0,0.0,0.0,0.49871638141809294,0.9974327628361859,16318,0,42,0,0.0
zero_shot_s2028,2028,zero_shot,dominicamaria_s2_1174.nc,dominicamaria,dominicamaria:267:669,2018-03-03T00:00:00,16384,139,False,0.0,0.0,0.0,0.0,0.495758056640625,0.99151611328125,16245,0,139,0,0.0
zero_shot_s2028,2028,zero_shot,dominicamaria_s2_1175.nc,dominicamaria,dominicamaria:267:669,2018-03-03T00:00:00,16367,30,False,0.0,0.0,0.0,0.0,0.4990835217205352,0.9981670434410704,16337,0,30,0,0.0
zero_shot_s2028,2028,zero_shot,dominicamaria_s2_1176.nc,dominicamaria,dominicamaria:267:670,2017-11-23T00:00:00,16380,0,True,0.0,0.0,0.0,0.0,0.5,1.0,16380,0,0,0,
zero_shot_s2028,2028,zero_shot,dominicamaria_s2_1177.nc,dominicamaria,dominicamaria:267:670,2017-11-23T00:00:00,16384,0,True,0.0,0.0,0.0,0.0,0.5,1.0,16384,0,0,0,
zero_shot_s2028,2028,zero_shot,dominicamaria_s2_1178.nc,dominicamaria,dominicamaria:267:671,2017-10-29T00:00:00,16236,0,True,0.0,0.0,0.0,0.0,0.5,1.0,16236,0,0,0,
zero_shot_s2028,2028,zero_shot,dominicamaria_s2_1179.nc,dominicamaria,dominicamaria:267:671,2018-01-02T00:00:00,16367,0,True,0.0,0.0,0.0,0.0,0.5,1.0,16367,0,0,0,
zero_shot_s2028,2028,zero_shot,dominicamaria_s2_1180.nc,dominicamaria,dominicamaria:267:672,2017-10-19T00:00:00,16384,0,True,0.0,0.0,0.0,0.0,0.5,1.0,16384,0,0,0,
zero_shot_s2028,2028,zero_shot,dominicamaria_s2_1181.nc,dominicamaria,dominicamaria:267:672,2017-10-09T00:00:00,16384,0,True,0.0,0.0,0.0,0.0,0.5,1.0,16384,0,0,0,
zero_shot_s2028,2028,zero_shot,dominicamaria_s2_1182.nc,dominicamaria,dominicamaria:267:673,2017-10-09T00:00:00,16384,0,True,0.0,0.0,0.0,0.0,0.5,1.0,16384,0,0,0,
zero_shot_s2028,2028,zero_shot,dominicamaria_s2_1183.nc,dominicamaria,dominicamaria:267:673,2017-10-09T00:00:00,16384,0,True,0.0,0.0,0.0,0.0,0.5,1.0,16384,0,0,0,
zero_shot_s2028,2028,zero_shot,dominicamaria_s2_1184.nc,dominicamaria,dominicamaria:267:674,2017-10-09T00:00:00,16384,0,True,0.0,0.0,0.0,0.0,0.5,1.0,16384,0,0,0,
zero_shot_s2028,2028,zero_shot,dominicamaria_s2_1186.nc,dominicamaria,dominicamaria:267:675,2017-10-19T00:00:00,16384,0,True,0.0,0.0,0.0,0.0,0.5,1.0,16384,0,0,0,
zero_shot_s2028,2028,zero_shot,dominicamaria_s2_1187.nc,dominicamaria,dominicamaria:267:675,2017-10-09T00:00:00,16384,0,True,0.0,0.0,0.0,0.0,0.5,1.0,16384,0,0,0,
zero_shot_s2028,2028,zero_shot,dominicamaria_s2_1188.nc,dominicamaria,dominicamaria:267:676,2017-10-09T00:00:00,16384,0,True,0.0,0.0,0.0,0.0,0.5,1.0,16384,0,0,0,
zero_shot_s2028,2028,zero_shot,dominicamaria_s2_1189.nc,dominicamaria,dominicamaria:267:676,2017-11-03T00:00:00,16384,0,True,0.0,0.0,0.0,0.0,0.5,1.0,16384,0,0,0,
zero_shot_s2028,2028,zero_shot,dominicamaria_s2_1191.nc,dominicamaria,dominicamaria:267:677,2017-10-09T00:00:00,16384,0,True,0.0,0.0,0.0,0.0,0.5,1.0,16384,0,0,0,
zero_shot_s2028,2028,zero_shot,dominicamaria_s2_1192.nc,dominicamaria,dominicamaria:267:678,2017-10-09T00:00:00,16384,0,True,0.0,0.0,0.0,0.0,0.5,1.0,16384,0,0,0,
zero_shot_s2028,2028,zero_shot,dominicamaria_s2_1194.nc,dominicamaria,dominicamaria:267:679,2017-10-09T00:00:00,16384,0,True,0.0,0.0,0.0,0.0,0.5,1.0,16384,0,0,0,
zero_shot_s2028,2028,zero_shot,dominicamaria_s2_119.nc,dominicamaria,dominicamaria:257:661,2017-10-14T00:00:00,16384,0,True,0.0,0.0,0.0,0.0,0.5,1.0,16384,0,0,0,
zero_shot_s2028,2028,zero_shot,dominicamaria_s2_1200.nc,dominicamaria,dominicamaria:267:656,2017-10-09T00:00:00,16384,0,True,0.0,0.0,0.0,0.0,0.5,1.0,16384,0,0,0,
zero_shot_s2028,2028,zero_shot,dominicamaria_s2_1202.nc,dominicamaria,dominicamaria:267:657,2017-11-03T00:00:00,16384,0,True,0.0,0.0,0.0,0.0,0.5,1.0,16384,0,0,0,
zero_shot_s2028,2028,zero_shot,dominicamaria_s2_1203.nc,dominicamaria,dominicamaria:267:657,2017-11-03T00:00:00,16384,0,True,0.0,0.0,0.0,0.0,0.5,1.0,16384,0,0,0,
zero_shot_s2028,2028,zero_shot,dominicamaria_s2_1205.nc,dominicamaria,dominicamaria:267:658,2017-12-13T00:00:00,16345,957,False,0.0,0.0,0.0,0.0,0.47029672682777607,0.9405934536555521,15374,14,957,0,0.0
zero_shot_s2028,2028,zero_shot,dominicamaria_s2_1206.nc,dominicamaria,dominicamaria:267:659,2018-02-01T00:00:00,16384,1977,False,0.0,0.0,0.0,0.0,0.439666748046875,0.87933349609375,14407,0,1977,0,0.0
zero_shot_s2028,2028,zero_shot,dominicamaria_s2_1207.nc,dominicamaria,dominicamaria:267:659,2018-02-01T00:00:00,16209,366,False,0.0,0.0,0.0,0.0,0.488709975939293,0.977419951878586,15843,0,366,0,0.0
zero_shot_s2028,2028,zero_shot,dominicamaria_s2_1208.nc,dominicamaria,dominicamaria:267:660,2018-02-01T00:00:00,16168,1877,False,0.0,0.0,0.0,0.0,0.4419532409698169,0.8839064819396338,14291,0,1877,0,0.0
zero_shot_s2028,2028,zero_shot,dominicamaria_s2_1209.nc,dominicamaria,dominicamaria:267:660,2018-02-01T00:00:00,16364,266,False,0.0,0.0,0.0,0.0,0.49187240283549255,0.9837448056709851,16098,0,266,0,0.0
zero_shot_s2028,2028,zero_shot,dominicamaria_s2_1210.nc,dominicamaria,dominicamaria:267:661,2018-02-01T00:00:00,16292,0,True,0.0,0.0,0.0,0.0,0.499294132089369,0.998588264178738,16269,23,0,0,
zero_shot_s2028,2028,zero_shot,dominicamaria_s2_1212.nc,dominicamaria,dominicamaria:267:662,2018-02-01T00:00:00,16283,354,False,0.0,0.0,0.0,0.0,0.48912976724190876,0.9782595344838175,15929,0,354,0,0.0
zero_shot_s2028,2028,zero_shot,dominicamaria_s2_1213.nc,dominicamaria,dominicamaria:267:662,2018-02-01T00:00:00,16384,204,False,0.0,0.0,0.0,0.0,0.4937744140625,0.987548828125,16180,0,204,0,0.0
zero_shot_s2028,2028,zero_shot,dominicamaria_s2_1214.nc,dominicamaria,dominicamaria:267:663,2018-02-01T00:00:00,16374,921,False,0.0,0.0,0.0,0.0,0.4718761451080982,0.9437522902161964,15453,0,921,0,0.0
zero_shot_s2028,2028,zero_shot,dominicamaria_s2_1215.nc,dominicamaria,dominicamaria:267:663,2018-02-01T00:00:00,16384,1169,False,0.0,0.0,0.0,0.0,0.464324951171875,0.92864990234375,15215,0,1169,0,0.0
zero_shot_s2028,2028,zero_shot,dominicamaria_s2_1216.nc,dominicamaria,dominicamaria:267:664,2018-02-01T00:00:00,16286,561,False,0.0,0.0,0.0,0.0,0.482776617954071,0.965553235908142,15725,0,561,0,0.0
zero_shot_s2028,2028,zero_shot,dominicamaria_s2_121.nc,dominicamaria,dominicamaria:257:662,2017-10-14T00:00:00,16384,0,True,0.0,0.0,0.0,0.0,0.5,1.0,16384,0,0,0,
zero_shot_s2028,2028,zero_shot,dominicamaria_s2_1220.nc,dominicamaria,dominicamaria:267:666,2018-02-01T00:00:00,16292,0,True,0.0,0.0,0.0,0.0,0.5,1.0,16292,0,0,0,
zero_shot_s2028,2028,zero_shot,dominicamaria_s2_1221.nc,dominicamaria,dominicamaria:267:666,2018-02-01T00:00:00,16383,0,True,0.0,0.0,0.0,0.0,0.5,1.0,16383,0,0,0,
zero_shot_s2028,2028,zero_shot,dominicamaria_s2_1222.nc,dominicamaria,dominicamaria:267:667,2018-02-01T00:00:00,16384,0,True,0.0,0.0,0.0,0.0,0.499664306640625,0.99932861328125,16373,11,0,0,
zero_shot_s2028,2028,zero_shot,dominicamaria_s2_1223.nc,dominicamaria,dominicamaria:267:667,2018-02-01T00:00:00,16374,692,False,0.0,0.0,0.0,0.0,0.4788689385611335,0.957737877122267,15682,0,692,0,0.0
zero_shot_s2028,2028,zero_shot,dominicamaria_s2_1224.nc,dominicamaria,dominicamaria:267:668,2018-02-01T00:00:00,16352,683,False,0.0,0.0,0.0,0.0,0.47911570450097846,0.9582314090019569,15669,0,683,0,0.0
zero_shot_s2028,2028,zero_shot,dominicamaria_s2_1225.nc,dominicamaria,dominicamaria:267:668,2018-02-16T00:00:00,16356,219,False,0.0,0.0,0.0,0.0,0.49330520909757886,0.9866104181951577,16137,0,219,0,0.0
zero_shot_s2028,2028,zero_shot,dominicamaria_s2_1226.nc,dominicamaria,dominicamaria:267:669,2018-02-01T00:00:00,16373,58,False,0.0,0.0,0.0,0.0,0.49822879130275455,0.9964575826055091,16315,0,58,0,0.0
zero_shot_s2028,2028,zero_shot,dominicamaria_s2_1227.nc,dominicamaria,dominicamaria:267:669,2018-02-01T00:00:00,16384,0,True,0.0,0.0,0.0,0.0,0.5,1.0,16384,0,0,0,
zero_shot_s2028,2028,zero_shot,dominicamaria_s2_1228.nc,dominicamaria,dominicamaria:267:670,2017-11-03T00:00:00,16145,4,False,0.0,0.0,0.0,0.0,0.49987612263858777,0.9997522452771755,16141,0,4,0,0.0
zero_shot_s2028,2028,zero_shot,dominicamaria_s2_1229.nc,dominicamaria,dominicamaria:267:670,2017-10-29T00:00:00,16078,0,True,0.0,0.0,0.0,0.0,0.5,1.0,16078,0,0,0,
zero_shot_s2028,2028,zero_shot,dominicamaria_s2_122.nc,dominicamaria,dominicamaria:257:663,2017-10-14T00:00:00,16384,0,True,0.0,0.0,0.0,0.0,0.5,1.0,16384,0,0,0,
zero_shot_s2028,2028,zero_shot,dominicamaria_s2_1231.nc,dominicamaria,dominicamaria:267:671,2017-10-09T00:00:00,16384,0,True,0.0,0.0,0.0,0.0,0.5,1.0,16384,0,0,0,
zero_shot_s2028,2028,zero_shot,dominicamaria_s2_1232.nc,dominicamaria,dominicamaria:267:672,2017-10-09T00:00:00,16384,0,True,0.0,0.0,0.0,0.0,0.5,1.0,16384,0,0,0,
zero_shot_s2028,2028,zero_shot,dominicamaria_s2_1233.nc,dominicamaria,dominicamaria:267:672,2017-10-09T00:00:00,16384,0,True,0.0,0.0,0.0,0.0,0.5,1.0,16384,0,0,0,
zero_shot_s2028,2028,zero_shot,dominicamaria_s2_1235.nc,dominicamaria,dominicamaria:267:673,2017-10-09T00:00:00,16384,0,True,0.0,0.0,0.0,0.0,0.5,1.0,16384,0,0,0,
zero_shot_s2028,2028,zero_shot,dominicamaria_s2_1239.nc,dominicamaria,dominicamaria:267:675,2017-11-03T00:00:00,16384,0,True,0.0,0.0,0.0,0.0,0.5,1.0,16384,0,0,0,
zero_shot_s2028,2028,zero_shot,dominicamaria_s2_123.nc,dominicamaria,dominicamaria:257:663,2017-10-14T00:00:00,16384,0,True,0.0,0.0,0.0,0.0,0.5,1.0,16384,0,0,0,
zero_shot_s2028,2028,zero_shot,dominicamaria_s2_1240.nc,dominicamaria,dominicamaria:267:676,2017-11-03T00:00:00,16384,0,True,0.0,0.0,0.0,0.0,0.5,1.0,16384,0,0,0,
zero_shot_s2028,2028,zero_shot,dominicamaria_s2_1241.nc,dominicamaria,dominicamaria:267:676,2017-10-09T00:00:00,16384,0,True,0.0,0.0,0.0,0.0,0.5,1.0,16384,0,0,0,
zero_shot_s2028,2028,zero_shot,dominicamaria_s2_1242.nc,dominicamaria,dominicamaria:267:677,2017-10-09T00:00:00,16384,0,True,0.0,0.0,0.0,0.0,0.5,1.0,16384,0,0,0,
zero_shot_s2028,2028,zero_shot,dominicamaria_s2_1244.nc,dominicamaria,dominicamaria:267:678,2017-10-09T00:00:00,16384,0,True,0.0,0.0,0.0,0.0,0.5,1.0,16384,0,0,0,
zero_shot_s2028,2028,zero_shot,dominicamaria_s2_1245.nc,dominicamaria,dominicamaria:267:678,2017-10-09T00:00:00,16384,0,True,0.0,0.0,0.0,0.0,0.5,1.0,16384,0,0,0,
zero_shot_s2028,2028,zero_shot,dominicamaria_s2_1246.nc,dominicamaria,dominicamaria:267:679,2017-10-09T00:00:00,16384,0,True,0.0,0.0,0.0,0.0,0.5,1.0,16384,0,0,0,
zero_shot_s2028,2028,zero_shot,dominicamaria_s2_1249.nc,dominicamaria,dominicamaria:268:654,2017-10-09T00:00:00,16384,0,True,0.0,0.0,0.0,0.0,0.5,1.0,16384,0,0,0,
zero_shot_s2028,2028,zero_shot,dominicamaria_s2_124.nc,dominicamaria,dominicamaria:257:664,2017-10-14T00:00:00,16384,0,True,0.0,0.0,0.0,0.0,0.5,1.0,16384,0,0,0,
zero_shot_s2028,2028,zero_shot,dominicamaria_s2_1250.nc,dominicamaria,dominicamaria:268:655,2017-10-09T00:00:00,16384,0,True,0.0,0.0,0.0,0.0,0.5,1.0,16384,0,0,0,
zero_shot_s2028,2028,zero_shot,dominicamaria_s2_1251.nc,dominicamaria,dominicamaria:268:655,2017-10-09T00:00:00,16384,0,True,0.0,0.0,0.0,0.0,0.5,1.0,16384,0,0,0,
zero_shot_s2028,2028,zero_shot,dominicamaria_s2_1252.nc,dominicamaria,dominicamaria:268:656,2017-10-09T00:00:00,16384,0,True,0.0,0.0,0.0,0.0,0.5,1.0,16384,0,0,0,
zero_shot_s2028,2028,zero_shot,dominicamaria_s2_1253.nc,dominicamaria,dominicamaria:268:656,2017-10-09T00:00:00,16384,0,True,0.0,0.0,0.0,0.0,0.5,1.0,16384,0,0,0,
few_shot_s2026,2026,few_shot,dominicamaria_s2_1000.nc,dominicamaria,dominicamaria:265:660,2018-02-01T00:00:00,16306,440,False,0.12364130434782608,0.22007255139056833,0.2351421188630491,0.20681818181818182,0.5419316604995374,0.9604440083404882,15570,296,349,91,0.12364130434782608
few_shot_s2026,2026,few_shot,dominicamaria_s2_1001.nc,dominicamaria,dominicamaria:265:660,2018-02-01T00:00:00,15936,453,False,0.007132667617689016,0.014164305949008499,0.019762845849802372,0.011037527593818985,0.48172213068286374,0.9563253012048193,15235,248,448,5,0.007132667617689016
few_shot_s2026,2026,few_shot,dominicamaria_s2_1002.nc,dominicamaria,dominicamaria:265:661,2018-02-01T00:00:00,16343,525,False,0.11942675159235669,0.21337126600284495,0.42134831460674155,0.14285714285714285,0.54271681813697,0.9661628831915805,15715,103,450,75,0.11942675159235669
few_shot_s2026,2026,few_shot,dominicamaria_s2_1003.nc,dominicamaria,dominicamaria:265:661,2018-02-01T00:00:00,16311,430,False,0.0,0.0,0.0,0.0,0.4789099380785973,0.9578198761571945,15623,258,430,0,0.0
few_shot_s2026,2026,few_shot,dominicamaria_s2_1004.nc,dominicamaria,dominicamaria:265:662,2018-02-01T00:00:00,16380,0,True,0.0,0.0,0.0,0.0,0.4991758241758242,0.9983516483516484,16353,27,0,0,
few_shot_s2026,2026,few_shot,dominicamaria_s2_1005.nc,dominicamaria,dominicamaria:265:662,2018-02-01T00:00:00,16261,11,False,0.0,0.0,0.0,0.0,0.496771416272062,0.993542832544124,16156,94,11,0,0.0
few_shot_s2026,2026,few_shot,dominicamaria_s2_1007.nc,dominicamaria,dominicamaria:265:663,2018-02-01T00:00:00,14528,0,True,0.0,0.0,0.0,0.0,0.5,1.0,14528,0,0,0,
few_shot_s2026,2026,few_shot,dominicamaria_s2_1009.nc,dominicamaria,dominicamaria:265:664,2018-02-01T00:00:00,15628,19,False,0.0,0.0,0.0,0.0,0.4970565651394932,0.9941131302789864,15536,73,19,0,0.0
few_shot_s2026,2026,few_shot,dominicamaria_s2_1010.nc,dominicamaria,dominicamaria:265:665,2018-02-01T00:00:00,16384,79,False,0.0759493670886076,0.1411764705882353,1.0,0.0759493670886076,0.5357460842037249,0.99554443359375,16305,0,73,6,0.0759493670886076
few_shot_s2026,2026,few_shot,dominicamaria_s2_1011.nc,dominicamaria,dominicamaria:265:665,2018-02-01T00:00:00,16384,0,True,0.0,0.0,0.0,0.0,0.5,1.0,16384,0,0,0,
few_shot_s2026,2026,few_shot,dominicamaria_s2_1012.nc,dominicamaria,dominicamaria:265:666,2018-02-01T00:00:00,16336,16,False,0.0,0.0,0.0,0.0,0.49951028403525954,0.9990205680705191,16320,0,16,0,0.0
few_shot_s2026,2026,few_shot,dominicamaria_s2_1013.nc,dominicamaria,dominicamaria:265:666,2018-02-01T00:00:00,16380,68,False,0.0,0.0,0.0,0.0,0.49792429792429793,0.9958485958485959,16312,0,68,0,0.0
few_shot_s2026,2026,few_shot,dominicamaria_s2_1015.nc,dominicamaria,dominicamaria:265:667,2018-02-01T00:00:00,16384,70,False,0.0,0.0,0.0,0.0,0.49786376953125,0.9957275390625,16314,0,70,0,0.0
few_shot_s2026,2026,few_shot,dominicamaria_s2_1016.nc,dominicamaria,dominicamaria:265:668,2018-02-01T00:00:00,16384,417,False,0.004750593824228029,0.009456264775413711,0.3333333333333333,0.004796163069544364,0.48958687059054157,0.97442626953125,15963,4,415,2,0.004750593824228029
few_shot_s2026,2026,few_shot,dominicamaria_s2_1017.nc,dominicamaria,dominicamaria:265:668,2018-02-01T00:00:00,16384,131,False,0.0,0.0,0.0,0.0,0.496002197265625,0.99200439453125,16253,0,131,0,0.0
few_shot_s2026,2026,few_shot,dominicamaria_s2_1018.nc,dominicamaria,dominicamaria:265:669,2018-02-01T00:00:00,16380,623,False,0.1456876456876457,0.254323499491353,0.3472222222222222,0.20064205457463885,0.5502969142003286,0.9552503052503053,15522,235,498,125,0.1456876456876457
few_shot_s2026,2026,few_shot,dominicamaria_s2_1019.nc,dominicamaria,dominicamaria:265:669,2018-02-01T00:00:00,16080,90,False,0.0,0.0,0.0,0.0,0.48927238805970147,0.9785447761194029,15735,255,90,0,0.0
few_shot_s2026,2026,few_shot,dominicamaria_s2_1020.nc,dominicamaria,dominicamaria:265:670,2017-10-09T00:00:00,16179,37,False,0.0,0.0,0.0,0.0,0.4988565424315471,0.9977130848630942,16142,0,37,0,0.0
few_shot_s2026,2026,few_shot,dominicamaria_s2_1021.nc,dominicamaria,dominicamaria:265:670,2017-11-18T00:00:00,16373,0,True,0.0,0.0,0.0,0.0,0.5,1.0,16373,0,0,0,
few_shot_s2026,2026,few_shot,dominicamaria_s2_1022.nc,dominicamaria,dominicamaria:265:671,2018-02-01T00:00:00,16305,24,False,0.32432432432432434,0.4897959183673469,0.48,0.5,0.6613949615238512,0.9984667279975468,16268,13,12,12,0.32432432432432434
few_shot_s2026,2026,few_shot,dominicamaria_s2_1030.nc,dominicamaria,dominicamaria:265:675,2017-10-09T00:00:00,16384,0,True,0.0,0.0,0.0,0.0,0.5,1.0,16384,0,0,0,
few_shot_s2026,2026,few_shot,dominicamaria_s2_1031.nc,dominicamaria,dominicamaria:265:675,2017-10-09T00:00:00,16384,0,True,0.0,0.0,0.0,0.0,0.5,1.0,16384,0,0,0,
few_shot_s2026,2026,few_shot,dominicamaria_s2_1032.nc,dominicamaria,dominicamaria:265:676,2017-10-09T00:00:00,16384,0,True,0.0,0.0,0.0,0.0,0.5,1.0,16384,0,0,0,
few_shot_s2026,2026,few_shot,dominicamaria_s2_1034.nc,dominicamaria,dominicamaria:265:677,2017-10-09T00:00:00,16384,0,True,0.0,0.0,0.0,0.0,0.5,1.0,16384,0,0,0,
few_shot_s2026,2026,few_shot,dominicamaria_s2_1036.nc,dominicamaria,dominicamaria:265:678,2017-10-09T00:00:00,16384,0,True,0.0,0.0,0.0,0.0,0.5,1.0,16384,0,0,0,
few_shot_s2026,2026,few_shot,dominicamaria_s2_1038.nc,dominicamaria,dominicamaria:265:679,2017-10-09T00:00:00,16384,0,True,0.0,0.0,0.0,0.0,0.5,1.0,16384,0,0,0,
few_shot_s2026,2026,few_shot,dominicamaria_s2_1041.nc,dominicamaria,dominicamaria:266:654,2017-10-09T00:00:00,16384,0,True,0.0,0.0,0.0,0.0,0.5,1.0,16384,0,0,0,
few_shot_s2026,2026,few_shot,dominicamaria_s2_1043.nc,dominicamaria,dominicamaria:266:655,2017-10-09T00:00:00,16384,0,True,0.0,0.0,0.0,0.0,0.5,1.0,16384,0,0,0,
few_shot_s2026,2026,few_shot,dominicamaria_s2_1044.nc,dominicamaria,dominicamaria:266:656,2017-10-09T00:00:00,16384,0,True,0.0,0.0,0.0,0.0,0.5,1.0,16384,0,0,0,
few_shot_s2026,2026,few_shot,dominicamaria_s2_1047.nc,dominicamaria,dominicamaria:266:657,2017-11-23T00:00:00,16344,38,False,0.13725490196078433,0.2413793103448276,0.35,0.18421052631578946,0.5672808145110282,0.9973078805677925,16293,13,31,7,0.13725490196078433
few_shot_s2026,2026,few_shot,dominicamaria_s2_1048.nc,dominicamaria,dominicamaria:266:658,2017-12-13T00:00:00,16307,107,False,0.0,0.0,0.0,0.0,0.49478751456429754,0.9895750291285951,16137,63,107,0,0.0
few_shot_s2026,2026,few_shot,dominicamaria_s2_1049.nc,dominicamaria,dominicamaria:266:658,2018-02-01T00:00:00,16251,1404,False,0.012702893436838392,0.025087108013937282,0.5806451612903226,0.01282051282051282,0.46326021281217883,0.913912989969848,14834,13,1386,18,0.012702893436838392
few_shot_s2026,2026,few_shot,dominicamaria_s2_1050.nc,dominicamaria,dominicamaria:266:659,2018-02-01T00:00:00,15970,4528,False,0.032157676348547715,0.062311557788944726,0.34675615212527966,0.034231448763250884,0.3685922747850864,0.7078897933625548,11150,292,4373,155,0.032157676348547715
few_shot_s2026,2026,few_shot,dominicamaria_s2_1051.nc,dominicamaria,dominicamaria:266:659,2018-02-01T00:00:00,16201,610,False,0.02478134110787172,0.04836415362731152,0.1827956989247312,0.027868852459016394,0.49172210901167185,0.9587062527004506,15515,76,593,17,0.02478134110787172
few_shot_s2026,2026,few_shot,dominicamaria_s2_1052.nc,dominicamaria,dominicamaria:266:660,2018-02-01T00:00:00,16337,56,False,0.013245033112582781,0.026143790849673203,0.014388489208633094,0.14285714285714285,0.48837277682942504,0.9635183938299565,15733,548,48,8,0.013245033112582781
few_shot_s2026,2026,few_shot,dominicamaria_s2_1053.nc,dominicamaria,dominicamaria:266:660,2018-02-01T00:00:00,16279,427,False,0.10471976401179942,0.18958611481975968,0.2204968944099379,0.16627634660421545,0.5336345611766796,0.9627126973401314,15601,251,356,71,0.10471976401179942
few_shot_s2026,2026,few_shot,dominicamaria_s2_1054.nc,dominicamaria,dominicamaria:266:661,2018-02-01T00:00:00,15944,13,False,0.0,0.0,0.0,0.0,0.47980431510286004,0.9596086302057201,15300,631,13,0,0.0
few_shot_s2026,2026,few_shot,dominicamaria_s2_1055.nc,dominicamaria,dominicamaria:266:661,2018-02-01T00:00:00,16326,0,True,0.0,0.0,0.0,0.0,0.4965392625260321,0.9930785250520642,16213,113,0,0,
few_shot_s2026,2026,few_shot,dominicamaria_s2_1057.nc,dominicamaria,dominicamaria:266:662,2018-02-01T00:00:00,14233,0,True,0.0,0.0,0.0,0.0,0.5,1.0,14233,0,0,0,
few_shot_s2026,2026,few_shot,dominicamaria_s2_1058.nc,dominicamaria,dominicamaria:266:663,2018-02-01T00:00:00,14317,32,False,0.0,0.0,0.0,0.0,0.49224697911573656,0.9844939582314731,14095,190,32,0,0.0
few_shot_s2026,2026,few_shot,dominicamaria_s2_105.nc,dominicamaria,dominicamaria:257:654,2017-11-03T00:00:00,16384,0,True,0.0,0.0,0.0,0.0,0.5,1.0,16384,0,0,0,
few_shot_s2026,2026,few_shot,dominicamaria_s2_1061.nc,dominicamaria,dominicamaria:266:664,2018-01-02T00:00:00,16347,0,True,0.0,0.0,0.0,0.0,0.4984706674007463,0.9969413348014926,16297,50,0,0,
few_shot_s2026,2026,few_shot,dominicamaria_s2_1062.nc,dominicamaria,dominicamaria:266:665,2018-02-01T00:00:00,16370,131,False,0.0,0.0,0.0,0.0,0.4939218081857056,0.9878436163714112,16171,68,131,0,0.0
few_shot_s2026,2026,few_shot,dominicamaria_s2_1063.nc,dominicamaria,dominicamaria:266:665,2018-02-01T00:00:00,16380,143,False,0.0,0.0,0.0,0.0,0.49563492063492065,0.9912698412698413,16237,0,143,0,0.0
few_shot_s2026,2026,few_shot,dominicamaria_s2_1064.nc,dominicamaria,dominicamaria:266:666,2018-02-01T00:00:00,16384,371,False,0.01707317073170732,0.03357314148681055,0.15217391304347827,0.018867924528301886,0.49623274461357914,0.97540283203125,15974,39,364,7,0.01707317073170732
few_shot_s2026,2026,few_shot,dominicamaria_s2_1065.nc,dominicamaria,dominicamaria:266:666,2018-02-01T00:00:00,16362,212,False,0.1746031746031746,0.2972972972972973,0.5238095238095238,0.20754716981132076,0.5809282572366283,0.987287617650654,16110,40,168,44,0.1746031746031746
few_shot_s2026,2026,few_shot,dominicamaria_s2_1066.nc,dominicamaria,dominicamaria:266:667,2018-02-01T00:00:00,16380,17,False,0.0,0.0,0.0,0.0,0.498992673992674,0.997985347985348,16347,16,17,0,0.0
few_shot_s2026,2026,few_shot,dominicamaria_s2_1067.nc,dominicamaria,dominicamaria:266:667,2018-02-01T00:00:00,16376,222,False,0.0,0.0,0.0,0.0,0.4932217879824133,0.9864435759648266,16154,0,222,0,0.0
few_shot_s2026,2026,few_shot,dominicamaria_s2_1068.nc,dominicamaria,dominicamaria:266:668,2018-02-01T00:00:00,16364,609,False,0.0,0.0,0.0,0.0,0.4813920801759961,0.9627841603519922,15755,0,609,0,0.0
few_shot_s2026,2026,few_shot,dominicamaria_s2_1069.nc,dominicamaria,dominicamaria:266:668,2018-02-01T00:00:00,16372,94,False,0.11764705882352941,0.21052631578947367,0.358974358974359,0.14893617021276595,0.5556140906050646,0.9935866112875641,16253,25,80,14,0.11764705882352941
few_shot_s2026,2026,few_shot,dominicamaria_s2_106.nc,dominicamaria,dominicamaria:257:655,2017-10-14T00:00:00,16384,0,True,0.0,0.0,0.0,0.0,0.5,1.0,16384,0,0,0,
few_shot_s2026,2026,few_shot,dominicamaria_s2_1070.nc,dominicamaria,dominicamaria:266:669,2018-02-01T00:00:00,16384,100,False,0.0,0.0,0.0,0.0,0.4969482421875,0.993896484375,16284,0,100,0,0.0
few_shot_s2026,2026,few_shot,dominicamaria_s2_1071.nc,dominicamaria,dominicamaria:266:669,2018-02-01T00:00:00,16376,343,False,0.17079889807162535,0.2917647058823529,0.7560975609756098,0.18075801749271136,0.5761742436907104,0.9816194430874451,16013,20,281,62,0.17079889807162535
few_shot_s2026,2026,few_shot,dominicamaria_s2_1072.nc,dominicamaria,dominicamaria:266:670,2017-11-18T00:00:00,15940,70,False,0.0,0.0,0.0,0.0,0.4978042659974906,0.9956085319949812,15870,0,70,0,0.0
few_shot_s2026,2026,few_shot,dominicamaria_s2_1075.nc,dominicamaria,dominicamaria:266:671,2017-11-23T00:00:00,16297,0,True,0.0,0.0,0.0,0.0,0.5,1.0,16297,0,0,0,
few_shot_s2026,2026,few_shot,dominicamaria_s2_1076.nc,dominicamaria,dominicamaria:266:672,2017-12-13T00:00:00,16384,0,True,0.0,0.0,0.0,0.0,0.499786376953125,0.99957275390625,16377,7,0,0,
few_shot_s2026,2026,few_shot,dominicamaria_s2_1077.nc,dominicamaria,dominicamaria:266:672,2018-03-18T00:00:00,16243,0,True,0.0,0.0,0.0,0.0,0.4948593240164994,0.9897186480329988,16076,167,0,0,
few_shot_s2026,2026,few_shot,dominicamaria_s2_1078.nc,dominicamaria,dominicamaria:266:673,2017-10-09T00:00:00,16149,0,True,0.0,0.0,0.0,0.0,0.48780110223543255,0.9756022044708651,15755,394,0,0,
few_shot_s2026,2026,few_shot,dominicamaria_s2_1079.nc,dominicamaria,dominicamaria:266:673,2017-10-09T00:00:00,16384,0,True,0.0,0.0,0.0,0.0,0.5,1.0,16384,0,0,0,
few_shot_s2026,2026,few_shot,dominicamaria_s2_107.nc,dominicamaria,dominicamaria:257:655,2017-10-14T00:00:00,16384,0,True,0.0,0.0,0.0,0.0,0.5,1.0,16384,0,0,0,
few_shot_s2026,2026,few_shot,dominicamaria_s2_1080.nc,dominicamaria,dominicamaria:266:674,2017-10-09T00:00:00,16384,0,True,0.0,0.0,0.0,0.0,0.5,1.0,16384,0,0,0,
few_shot_s2026,2026,few_shot,dominicamaria_s2_1081.nc,dominicamaria,dominicamaria:266:674,2017-10-09T00:00:00,16384,0,True,0.0,0.0,0.0,0.0,0.5,1.0,16384,0,0,0,
few_shot_s2026,2026,few_shot,dominicamaria_s2_1082.nc,dominicamaria,dominicamaria:266:675,2017-10-09T00:00:00,16384,0,True,0.0,0.0,0.0,0.0,0.5,1.0,16384,0,0,0,
few_shot_s2026,2026,few_shot,dominicamaria_s2_1083.nc,dominicamaria,dominicamaria:266:675,2017-10-09T00:00:00,16384,0,True,0.0,0.0,0.0,0.0,0.5,1.0,16384,0,0,0,
few_shot_s2026,2026,few_shot,dominicamaria_s2_1084.nc,dominicamaria,dominicamaria:266:676,2017-10-09T00:00:00,16384,0,True,0.0,0.0,0.0,0.0,0.5,1.0,16384,0,0,0,
few_shot_s2026,2026,few_shot,dominicamaria_s2_1089.nc,dominicamaria,dominicamaria:266:678,2017-10-09T00:00:00,16384,0,True,0.0,0.0,0.0,0.0,0.5,1.0,16384,0,0,0,
few_shot_s2026,2026,few_shot,dominicamaria_s2_108.nc,dominicamaria,dominicamaria:257:656,2017-10-14T00:00:00,16384,0,True,0.0,0.0,0.0,0.0,0.5,1.0,16384,0,0,0,
few_shot_s2026,2026,few_shot,dominicamaria_s2_1090.nc,dominicamaria,dominicamaria:266:679,2017-10-09T00:00:00,16384,0,True,0.0,0.0,0.0,0.0,0.5,1.0,16384,0,0,0,
few_shot_s2026,2026,few_shot,dominicamaria_s2_1093.nc,dominicamaria,dominicamaria:266:654,2017-10-09T00:00:00,16384,0,True,0.0,0.0,0.0,0.0,0.5,1.0,16384,0,0,0,
few_shot_s2026,2026,few_shot,dominicamaria_s2_1094.nc,dominicamaria,dominicamaria:266:655,2017-10-09T00:00:00,16384,0,True,0.0,0.0,0.0,0.0,0.5,1.0,16384,0,0,0,
few_shot_s2026,2026,few_shot,dominicamaria_s2_1096.nc,dominicamaria,dominicamaria:266:656,2017-10-09T00:00:00,16384,0,True,0.0,0.0,0.0,0.0,0.5,1.0,16384,0,0,0,
few_shot_s2026,2026,few_shot,dominicamaria_s2_1097.nc,dominicamaria,dominicamaria:266:656,2017-10-09T00:00:00,16384,0,True,0.0,0.0,0.0,0.0,0.5,1.0,16384,0,0,0,
few_shot_s2026,2026,few_shot,dominicamaria_s2_1098.nc,dominicamaria,dominicamaria:266:657,2017-11-03T00:00:00,16384,0,True,0.0,0.0,0.0,0.0,0.5,1.0,16384,0,0,0,
few_shot_s2026,2026,few_shot,dominicamaria_s2_1099.nc,dominicamaria,dominicamaria:266:657,2017-11-03T00:00:00,16384,0,True,0.0,0.0,0.0,0.0,0.5,1.0,16384,0,0,0,
few_shot_s2026,2026,few_shot,dominicamaria_s2_109.nc,dominicamaria,dominicamaria:257:656,2017-10-14T00:00:00,16384,0,True,0.0,0.0,0.0,0.0,0.5,1.0,16384,0,0,0,
few_shot_s2026,2026,few_shot,dominicamaria_s2_1100.nc,dominicamaria,dominicamaria:266:658,2017-10-09T00:00:00,16384,0,True,0.0,0.0,0.0,0.0,0.5,1.0,16384,0,0,0,
few_shot_s2026,2026,few_shot,dominicamaria_s2_1101.nc,dominicamaria,dominicamaria:266:658,2017-11-23T00:00:00,16210,1451,False,0.0734006734006734,0.13676286072772897,0.7622377622377622,0.07512060647829083,0.49397007149941746,0.9151141270820481,14725,34,1342,109,0.0734006734006734
few_shot_s2026,2026,few_shot,dominicamaria_s2_1102.nc,dominicamaria,dominicamaria:266:659,2018-02-01T00:00:00,16352,2312,False,0.13095714857829396,0.23158640226628896,0.638671875,0.14143598615916955,0.49777186602081624,0.8672945205479452,13855,185,1985,327,0.13095714857829396
few_shot_s2026,2026,few_shot,dominicamaria_s2_1103.nc,dominicamaria,dominicamaria:266:659,2018-02-01T00:00:00,16008,772,False,0.008466603951081843,0.016791044776119403,0.03,0.011658031088082901,0.4712937432531208,0.9341579210394803,14945,291,763,9,0.008466603951081843
few_shot_s2026,2026,few_shot,dominicamaria_s2_1104.nc,dominicamaria,dominicamaria:266:660,2018-02-01T00:00:00,16376,111,False,0.0,0.0,0.0,0.0,0.491176111382511,0.982352222765022,16087,178,111,0,0.0
few_shot_s2026,2026,few_shot,dominicamaria_s2_1105.nc,dominicamaria,dominicamaria:266:660,2018-02-01T00:00:00,16380,193,False,0.04986149584487535,0.09498680738786279,0.0967741935483871,0.09326424870466321,0.5144491442065106,0.979059829059829,16019,168,175,18,0.04986149584487535
few_shot_s2026,2026,few_shot,dominicamaria_s2_1106.nc,dominicamaria,dominicamaria:266:661,2018-02-01T00:00:00,16342,312,False,0.0071794871794871795,0.014256619144602852,0.010447761194029851,0.022435897435897436,0.47396011396011395,0.9407661240974177,15367,663,305,7,0.0071794871794871795
few_shot_s2026,2026,few_shot,dominicamaria_s2_1107.nc,dominicamaria,dominicamaria:266:661,2018-02-01T00:00:00,15928,73,False,0.010498687664041995,0.02077922077922078,0.011477761836441894,0.1095890410958904,0.48156843930940796,0.9526619789050729,15166,689,65,8,0.010498687664041995
few_shot_s2026,2026,few_shot,dominicamaria_s2_1108.nc,dominicamaria,dominicamaria:266:662,2018-02-01T00:00:00,14844,140,False,0.024154589371980676,0.04716981132075472,0.06944444444444445,0.03571428571428571,0.505270906115332,0.9863918081379682,14637,67,135,5,0.024154589371980676
few_shot_s2026,2026,few_shot,dominicamaria_s2_1110.nc,dominicamaria,dominicamaria:266:663,2018-02-01T00:00:00,14688,385,False,0.007712082262210797,0.015306122448979591,0.42857142857142855,0.007792207792207792,0.49071337855024055,0.9737200435729847,14299,4,382,3,0.007712082262210797
few_shot_s2026,2026,few_shot,dominicamaria_s2_1111.nc,dominicamaria,dominicamaria:266:663,2017-11-23T00:00:00,14467,230,False,0.0,0.0,0.0,0.0,0.49146333033801065,0.9829266606760213,14220,17,230,0,0.0
few_shot_s2026,2026,few_shot,dominicamaria_s2_1112.nc,dominicamaria,dominicamaria:266:664,2017-11-23T00:00:00,15582,92,False,0.09045226130653267,0.16589861751152074,0.144,0.1956521739130435,0.5394114300621586,0.9883840328584264,15383,107,74,18,0.09045226130653267
few_shot_s2026,2026,few_shot,dominicamaria_s2_1114.nc,dominicamaria,dominicamaria:266:665,2018-02-01T00:00:00,16384,213,False,0.0,0.0,0.0,0.0,0.493499755859375,0.98699951171875,16171,0,213,0,0.0
few_shot_s2026,2026,few_shot,dominicamaria_s2_1115.nc,dominicamaria,dominicamaria:266:665,2018-02-01T00:00:00,16288,42,False,0.0,0.0,0.0,0.0,0.49840373280943023,0.9968074656188605,16236,10,42,0,0.0
few_shot_s2026,2026,few_shot,dominicamaria_s2_1116.nc,dominicamaria,dominicamaria:266:666,2018-02-01T00:00:00,16376,408,False,0.0,0.0,0.0,0.0,0.48729848558866634,0.9745969711773327,15960,8,408,0,0.0
few_shot_s2026,2026,few_shot,dominicamaria_s2_1117.nc,dominicamaria,dominicamaria:266:666,2018-02-01T00:00:00,16368,41,False,0.0975609756097561,0.17777777777777778,0.10218978102189781,0.6829268292682927,0.5408551512075709,0.9841764418377321,16081,246,13,28,0.0975609756097561
few_shot_s2026,2026,few_shot,dominicamaria_s2_1118.nc,dominicamaria,dominicamaria:266:667,2018-02-01T00:00:00,16384,127,False,0.0,0.0,0.0,0.0,0.496124267578125,0.99224853515625,16257,0,127,0,0.0
few_shot_s2026,2026,few_shot,dominicamaria_s2_1119.nc,dominicamaria,dominicamaria:266:667,2018-02-01T00:00:00,16384,109,False,0.0,0.0,0.0,0.0,0.496673583984375,0.99334716796875,16275,0,109,0,0.0
few_shot_s2026,2026,few_shot,dominicamaria_s2_111.nc,dominicamaria,dominicamaria:257:657,2017-10-14T00:00:00,16384,0,True,0.0,0.0,0.0,0.0,0.5,1.0,16384,0,0,0,
few_shot_s2026,2026,few_shot,dominicamaria_s2_1120.nc,dominicamaria,dominicamaria:266:668,2018-02-01T00:00:00,16368,2,False,0.0,0.0,0.0,0.0,0.49993890518084066,0.9998778103616813,16366,0,2,0,0.0
few_shot_s2026,2026,few_shot,dominicamaria_s2_1121.nc,dominicamaria,dominicamaria:266:668,2018-02-01T00:00:00,16375,124,False,0.0234375,0.04580152671755725,0.42857142857142855,0.024193548387096774,0.5079012567187882,0.9923664122137404,16247,4,121,3,0.0234375
few_shot_s2026,2026,few_shot,dominicamaria_s2_1122.nc,dominicamaria,dominicamaria:266:669,2018-02-01T00:00:00,16384,52,False,0.017857142857142856,0.03508771929824561,0.2,0.019230769230769232,0.5072500021799601,0.99664306640625,16328,4,51,1,0.017857142857142856
few_shot_s2026,2026,few_shot,dominicamaria_s2_1123.nc,dominicamaria,dominicamaria:266:669,2018-02-01T00:00:00,16380,27,False,0.0,0.0,0.0,0.0,0.4991758241758242,0.9983516483516484,16353,0,27,0,0.0
few_shot_s2026,2026,few_shot,dominicamaria_s2_1124.nc,dominicamaria,dominicamaria:266:670,2018-02-01T00:00:00,16384,204,False,0.11428571428571428,0.20512820512820512,0.14814814814814814,0.3333333333333333,0.5409930655272651,0.96783447265625,15789,391,136,68,0.11428571428571428
few_shot_s2026,2026,few_shot,dominicamaria_s2_1127.nc,dominicamaria,dominicamaria:266:671,2017-11-18T00:00:00,16052,0,True,0.0,0.0,0.0,0.0,0.5,1.0,16052,0,0,0,
few_shot_s2026,2026,few_shot,dominicamaria_s2_1128.nc,dominicamaria,dominicamaria:266:672,2017-11-03T00:00:00,16161,0,True,0.0,0.0,0.0,0.0,0.49981436792277706,0.9996287358455541,16155,6,0,0,
few_shot_s2026,2026,few_shot,dominicamaria_s2_1129.nc,dominicamaria,dominicamaria:266:672,2017-10-09T00:00:00,16376,0,True,0.0,0.0,0.0,0.0,0.5,1.0,16376,0,0,0,
few_shot_s2026,2026,few_shot,dominicamaria_s2_1130.nc,dominicamaria,dominicamaria:266:673,2017-10-09T00:00:00,16384,0,True,0.0,0.0,0.0,0.0,0.5,1.0,16384,0,0,0,
few_shot_s2026,2026,few_shot,dominicamaria_s2_1131.nc,dominicamaria,dominicamaria:266:673,2017-10-09T00:00:00,16384,0,True,0.0,0.0,0.0,0.0,0.5,1.0,16384,0,0,0,
few_shot_s2026,2026,few_shot,dominicamaria_s2_1132.nc,dominicamaria,dominicamaria:266:674,2017-10-09T00:00:00,16384,0,True,0.0,0.0,0.0,0.0,0.5,1.0,16384,0,0,0,
few_shot_s2026,2026,few_shot,dominicamaria_s2_1134.nc,dominicamaria,dominicamaria:266:675,2017-10-09T00:00:00,16384,0,True,0.0,0.0,0.0,0.0,0.5,1.0,16384,0,0,0,
few_shot_s2026,2026,few_shot,dominicamaria_s2_1135.nc,dominicamaria,dominicamaria:266:675,2017-10-09T00:00:00,16384,0,True,0.0,0.0,0.0,0.0,0.5,1.0,16384,0,0,0,
few_shot_s2026,2026,few_shot,dominicamaria_s2_1136.nc,dominicamaria,dominicamaria:266:676,2017-10-09T00:00:00,16384,0,True,0.0,0.0,0.0,0.0,0.5,1.0,16384,0,0,0,
few_shot_s2026,2026,few_shot,dominicamaria_s2_1137.nc,dominicamaria,dominicamaria:266:676,2017-10-09T00:00:00,16384,0,True,0.0,0.0,0.0,0.0,0.5,1.0,16384,0,0,0,
few_shot_s2026,2026,few_shot,dominicamaria_s2_1138.nc,dominicamaria,dominicamaria:266:677,2017-10-09T00:00:00,16384,0,True,0.0,0.0,0.0,0.0,0.5,1.0,16384,0,0,0,
few_shot_s2026,2026,few_shot,dominicamaria_s2_1139.nc,dominicamaria,dominicamaria:266:677,2017-10-09T00:00:00,16384,0,True,0.0,0.0,0.0,0.0,0.5,1.0,16384,0,0,0,
few_shot_s2026,2026,few_shot,dominicamaria_s2_1140.nc,dominicamaria,dominicamaria:266:678,2017-10-09T00:00:00,16384,0,True,0.0,0.0,0.0,0.0,0.5,1.0,16384,0,0,0,
few_shot_s2026,2026,few_shot,dominicamaria_s2_1141.nc,dominicamaria,dominicamaria:266:678,2017-10-09T00:00:00,16384,0,True,0.0,0.0,0.0,0.0,0.5,1.0,16384,0,0,0,
few_shot_s2026,2026,few_shot,dominicamaria_s2_1142.nc,dominicamaria,dominicamaria:266:679,2017-10-09T00:00:00,16384,0,True,0.0,0.0,0.0,0.0,0.5,1.0,16384,0,0,0,
few_shot_s2026,2026,few_shot,dominicamaria_s2_1146.nc,dominicamaria,dominicamaria:267:655,2017-10-09T00:00:00,16384,0,True,0.0,0.0,0.0,0.0,0.5,1.0,16384,0,0,0,
few_shot_s2026,2026,few_shot,dominicamaria_s2_1147.nc,dominicamaria,dominicamaria:267:655,2017-10-09T00:00:00,16384,0,True,0.0,0.0,0.0,0.0,0.5,1.0,16384,0,0,0,
few_shot_s2026,2026,few_shot,dominicamaria_s2_1148.nc,dominicamaria,dominicamaria:267:656,2017-10-09T00:00:00,16384,0,True,0.0,0.0,0.0,0.0,0.5,1.0,16384,0,0,0,
few_shot_s2026,2026,few_shot,dominicamaria_s2_1149.nc,dominicamaria,dominicamaria:267:656,2017-10-09T00:00:00,16384,0,True,0.0,0.0,0.0,0.0,0.5,1.0,16384,0,0,0,
few_shot_s2026,2026,few_shot,dominicamaria_s2_1150.nc,dominicamaria,dominicamaria:267:657,2017-11-03T00:00:00,16384,0,True,0.0,0.0,0.0,0.0,0.5,1.0,16384,0,0,0,
few_shot_s2026,2026,few_shot,dominicamaria_s2_1151.nc,dominicamaria,dominicamaria:267:657,2017-11-03T00:00:00,16384,0,True,0.0,0.0,0.0,0.0,0.5,1.0,16384,0,0,0,
few_shot_s2026,2026,few_shot,dominicamaria_s2_1152.nc,dominicamaria,dominicamaria:267:658,2018-02-01T00:00:00,16384,0,True,0.0,0.0,0.0,0.0,0.5,1.0,16384,0,0,0,
few_shot_s2026,2026,few_shot,dominicamaria_s2_1153.nc,dominicamaria,dominicamaria:267:658,2017-11-23T00:00:00,16287,1501,False,0.035783994795055306,0.06909547738693467,0.6043956043956044,0.03664223850766156,0.4722414306158618,0.9090071836433966,14750,36,1446,55,0.035783994795055306
few_shot_s2026,2026,few_shot,dominicamaria_s2_1154.nc,dominicamaria,dominicamaria:267:659,2018-02-01T00:00:00,16371,3096,False,0.031124807395993836,0.06037059175134489,0.404,0.032622739018087855,0.4189428585228279,0.8079530877771669,13126,149,2995,101,0.031124807395993836
few_shot_s2026,2026,few_shot,dominicamaria_s2_1155.nc,dominicamaria,dominicamaria:267:659,2018-02-01T00:00:00,16288,311,False,0.10519951632406288,0.19037199124726478,0.14427860696517414,0.2797427652733119,0.5297616617482298,0.9545677799607073,15461,516,224,87,0.10519951632406288
few_shot_s2026,2026,few_shot,dominicamaria_s2_1156.nc,dominicamaria,dominicamaria:267:660,2018-02-01T00:00:00,16110,244,False,0.02710027100271003,0.052770448548812667,0.07407407407407407,0.040983606557377046,0.5024010671783736,0.977715704531347,15741,125,234,10,0.02710027100271003
few_shot_s2026,2026,few_shot,dominicamaria_s2_1157.nc,dominicamaria,dominicamaria:267:660,2018-02-01T00:00:00,16364,393,False,0.004484304932735426,0.008928571428571428,0.03636363636363636,0.005089058524173028,0.48867412899735413,0.9728672696162307,15918,53,391,2,0.004484304932735426
few_shot_s2026,2026,few_shot,dominicamaria_s2_1158.nc,dominicamaria,dominicamaria:267:661,2018-02-01T00:00:00,16169,55,False,0.0,0.0,0.0,0.0,0.48311583895107924,0.9662316779021585,15623,491,55,0,0.0
few_shot_s2026,2026,few_shot,dominicamaria_s2_115.nc,dominicamaria,dominicamaria:257:659,2017-10-09T00:00:00,16384,0,True,0.0,0.0,0.0,0.0,0.5,1.0,16384,0,0,0,
few_shot_s2026,2026,few_shot,dominicamaria_s2_1160.nc,dominicamaria,dominicamaria:267:662,2018-02-01T00:00:00,16299,421,False,0.0025940337224383916,0.00517464424320828,0.005681818181818182,0.004750593824228029,0.4777037174809652,0.9528191913614332,15528,350,419,2,0.0025940337224383916
few_shot_s2026,2026,few_shot,dominicamaria_s2_1161.nc,dominicamaria,dominicamaria:267:662,2018-02-01T00:00:00,16380,298,False,0.09057301293900184,0.16610169491525423,0.1678082191780822,0.1644295302013423,0.5302231300687906,0.96996336996337,15839,243,249,49,0.09057301293900184
few_shot_s2026,2026,few_shot,dominicamaria_s2_1162.nc,dominicamaria,dominicamaria:267:663,2017-11-23T00:00:00,14633,1338,False,0.009793253536452665,0.01939655172413793,0.03474903474903475,0.013452914798206279,0.4426318303262147,0.8756235905145903,12795,500,1320,18,0.009793253536452665
few_shot_s2026,2026,few_shot,dominicamaria_s2_1163.nc,dominicamaria,dominicamaria:267:663,2018-01-02T00:00:00,15726,808,False,0.0,0.0,0.0,0.0,0.4723070075034974,0.9446140150069948,14855,63,808,0,0.0
few_shot_s2026,2026,few_shot,dominicamaria_s2_1164.nc,dominicamaria,dominicamaria:267:664,2018-02-01T00:00:00,16356,642,False,0.0,0.0,0.0,0.0,0.4801907556859868,0.9603815113719736,15708,6,642,0,0.0
few_shot_s2026,2026,few_shot,dominicamaria_s2_1165.nc,dominicamaria,dominicamaria:267:664,2018-02-01T00:00:00,16384,119,False,0.0,0.0,0.0,0.0,0.496002197265625,0.99200439453125,16253,12,119,0,0.0
few_shot_s2026,2026,few_shot,dominicamaria_s2_1166.nc,dominicamaria,dominicamaria:267:665,2018-02-01T00:00:00,16384,50,False,0.0,0.0,0.0,0.0,0.49566650390625,0.9913330078125,16242,92,50,0,0.0
few_shot_s2026,2026,few_shot,dominicamaria_s2_1167.nc,dominicamaria,dominicamaria:267:665,2018-03-03T00:00:00,16357,0,True,0.0,0.0,0.0,0.0,0.4999694320474415,0.999938864094883,16356,1,0,0,
few_shot_s2026,2026,few_shot,dominicamaria_s2_1169.nc,dominicamaria,dominicamaria:267:666,2017-11-23T00:00:00,16384,4,False,0.0,0.0,0.0,0.0,0.498931884765625,0.99786376953125,16349,31,4,0,0.0
few_shot_s2026,2026,few_shot,dominicamaria_s2_1170.nc,dominicamaria,dominicamaria:267:667,2018-02-01T00:00:00,16376,311,False,0.017902813299232736,0.035175879396984924,0.08045977011494253,0.022508038585209004,0.497221917982013,0.9765510503175379,15985,80,304,7,0.017902813299232736
few_shot_s2026,2026,few_shot,dominicamaria_s2_1171.nc,dominicamaria,dominicamaria:267:667,2018-02-01T00:00:00,16358,462,False,0.052873563218390804,0.10043668122270742,0.1013215859030837,0.09956709956709957,0.5011793024527462,0.9496270937767454,15488,408,416,46,0.052873563218390804
few_shot_s2026,2026,few_shot,dominicamaria_s2_1172.nc,dominicamaria,dominicamaria:267:668,2018-02-01T00:00:00,16355,142,False,0.005952380952380952,0.011834319526627219,0.037037037037037035,0.007042253521126761,0.49787040595864124,0.98978905533476,16187,26,141,1,0.005952380952380952
few_shot_s2026,2026,few_shot,dominicamaria_s2_1173.nc,dominicamaria,dominicamaria:267:668,2018-02-01T00:00:00,16360,42,False,0.20408163265306123,0.3389830508474576,0.5882352941176471,0.23809523809523808,0.6008481557760719,0.9976161369193154,16311,7,32,10,0.20408163265306123
few_shot_s2026,2026,few_shot,dominicamaria_s2_1174.nc,dominicamaria,dominicamaria:267:669,2018-03-03T00:00:00,16384,139,False,0.0,0.0,0.0,0.0,0.49560546875,0.9912109375,16240,5,139,0,0.0
few_shot_s2026,2026,few_shot,dominicamaria_s2_1175.nc,dominicamaria,dominicamaria:267:669,2018-03-03T00:00:00,16367,30,False,0.0,0.0,0.0,0.0,0.4990835217205352,0.9981670434410704,16337,0,30,0,0.0
few_shot_s2026,2026,few_shot,dominicamaria_s2_1176.nc,dominicamaria,dominicamaria:267:670,2017-11-23T00:00:00,16380,0,True,0.0,0.0,0.0,0.0,0.4998168498168498,0.9996336996336996,16374,6,0,0,
few_shot_s2026,2026,few_shot,dominicamaria_s2_1177.nc,dominicamaria,dominicamaria:267:670,2017-11-23T00:00:00,16384,0,True,0.0,0.0,0.0,0.0,0.49932861328125,0.9986572265625,16362,22,0,0,
few_shot_s2026,2026,few_shot,dominicamaria_s2_1178.nc,dominicamaria,dominicamaria:267:671,2017-10-29T00:00:00,16236,0,True,0.0,0.0,0.0,0.0,0.4998460211874846,0.9996920423749692,16231,5,0,0,
few_shot_s2026,2026,few_shot,dominicamaria_s2_1179.nc,dominicamaria,dominicamaria:267:671,2018-01-02T00:00:00,16367,0,True,0.0,0.0,0.0,0.0,0.4988085782366958,0.9976171564733916,16328,39,0,0,
few_shot_s2026,2026,few_shot,dominicamaria_s2_1180.nc,dominicamaria,dominicamaria:267:672,2017-10-19T00:00:00,16384,0,True,0.0,0.0,0.0,0.0,0.5,1.0,16384,0,0,0,
few_shot_s2026,2026,few_shot,dominicamaria_s2_1181.nc,dominicamaria,dominicamaria:267:672,2017-10-09T00:00:00,16384,0,True,0.0,0.0,0.0,0.0,0.5,1.0,16384,0,0,0,
few_shot_s2026,2026,few_shot,dominicamaria_s2_1182.nc,dominicamaria,dominicamaria:267:673,2017-10-09T00:00:00,16384,0,True,0.0,0.0,0.0,0.0,0.5,1.0,16384,0,0,0,
few_shot_s2026,2026,few_shot,dominicamaria_s2_1183.nc,dominicamaria,dominicamaria:267:673,2017-10-09T00:00:00,16384,0,True,0.0,0.0,0.0,0.0,0.5,1.0,16384,0,0,0,
few_shot_s2026,2026,few_shot,dominicamaria_s2_1184.nc,dominicamaria,dominicamaria:267:674,2017-10-09T00:00:00,16384,0,True,0.0,0.0,0.0,0.0,0.5,1.0,16384,0,0,0,
few_shot_s2026,2026,few_shot,dominicamaria_s2_1186.nc,dominicamaria,dominicamaria:267:675,2017-10-19T00:00:00,16384,0,True,0.0,0.0,0.0,0.0,0.5,1.0,16384,0,0,0,
few_shot_s2026,2026,few_shot,dominicamaria_s2_1187.nc,dominicamaria,dominicamaria:267:675,2017-10-09T00:00:00,16384,0,True,0.0,0.0,0.0,0.0,0.5,1.0,16384,0,0,0,
few_shot_s2026,2026,few_shot,dominicamaria_s2_1188.nc,dominicamaria,dominicamaria:267:676,2017-10-09T00:00:00,16384,0,True,0.0,0.0,0.0,0.0,0.499755859375,0.99951171875,16376,8,0,0,
few_shot_s2026,2026,few_shot,dominicamaria_s2_1189.nc,dominicamaria,dominicamaria:267:676,2017-11-03T00:00:00,16384,0,True,0.0,0.0,0.0,0.0,0.5,1.0,16384,0,0,0,
few_shot_s2026,2026,few_shot,dominicamaria_s2_1191.nc,dominicamaria,dominicamaria:267:677,2017-10-09T00:00:00,16384,0,True,0.0,0.0,0.0,0.0,0.5,1.0,16384,0,0,0,
few_shot_s2026,2026,few_shot,dominicamaria_s2_1192.nc,dominicamaria,dominicamaria:267:678,2017-10-09T00:00:00,16384,0,True,0.0,0.0,0.0,0.0,0.5,1.0,16384,0,0,0,
few_shot_s2026,2026,few_shot,dominicamaria_s2_1194.nc,dominicamaria,dominicamaria:267:679,2017-10-09T00:00:00,16384,0,True,0.0,0.0,0.0,0.0,0.5,1.0,16384,0,0,0,
few_shot_s2026,2026,few_shot,dominicamaria_s2_119.nc,dominicamaria,dominicamaria:257:661,2017-10-14T00:00:00,16384,0,True,0.0,0.0,0.0,0.0,0.5,1.0,16384,0,0,0,
few_shot_s2026,2026,few_shot,dominicamaria_s2_1200.nc,dominicamaria,dominicamaria:267:656,2017-10-09T00:00:00,16384,0,True,0.0,0.0,0.0,0.0,0.5,1.0,16384,0,0,0,
few_shot_s2026,2026,few_shot,dominicamaria_s2_1202.nc,dominicamaria,dominicamaria:267:657,2017-11-03T00:00:00,16384,0,True,0.0,0.0,0.0,0.0,0.5,1.0,16384,0,0,0,
few_shot_s2026,2026,few_shot,dominicamaria_s2_1203.nc,dominicamaria,dominicamaria:267:657,2017-11-03T00:00:00,16384,0,True,0.0,0.0,0.0,0.0,0.5,1.0,16384,0,0,0,
few_shot_s2026,2026,few_shot,dominicamaria_s2_1205.nc,dominicamaria,dominicamaria:267:658,2017-12-13T00:00:00,16345,957,False,0.0,0.0,0.0,0.0,0.47044967880085653,0.9408993576017131,15379,9,957,0,0.0
few_shot_s2026,2026,few_shot,dominicamaria_s2_1206.nc,dominicamaria,dominicamaria:267:659,2018-02-01T00:00:00,16384,1977,False,0.07674526121128063,0.14255045083726922,0.4715909090909091,0.08396560445118867,0.4768052363523415,0.87811279296875,14221,186,1811,166,0.07674526121128063
few_shot_s2026,2026,few_shot,dominicamaria_s2_1207.nc,dominicamaria,dominicamaria:267:659,2018-02-01T00:00:00,16209,366,False,0.02545968882602546,0.0496551724137931,0.05013927576601671,0.04918032786885246,0.4914525916182502,0.9574927509408353,15502,341,348,18,0.02545968882602546
few_shot_s2026,2026,few_shot,dominicamaria_s2_1208.nc,dominicamaria,dominicamaria:267:660,2018-02-01T00:00:00,16168,1877,False,0.03056768558951965,0.059322033898305086,0.2550607287449393,0.03356419818859883,0.4532534174610125,0.8764225630875804,14107,184,1814,63,0.03056768558951965
few_shot_s2026,2026,few_shot,dominicamaria_s2_1209.nc,dominicamaria,dominicamaria:267:660,2018-02-01T00:00:00,16364,266,False,0.003048780487804878,0.0060790273556231,0.015873015873015872,0.0037593984962406013,0.49153233499730953,0.9800171107308726,16036,62,265,1,0.003048780487804878
few_shot_s2026,2026,few_shot,dominicamaria_s2_1210.nc,dominicamaria,dominicamaria:267:661,2018-02-01T00:00:00,16292,0,True,0.0,0.0,0.0,0.0,0.49177510434569116,0.9835502086913823,16024,268,0,0,
few_shot_s2026,2026,few_shot,dominicamaria_s2_1212.nc,dominicamaria,dominicamaria:267:662,2018-02-01T00:00:00,16283,354,False,0.12842105263157894,0.22761194029850745,0.33516483516483514,0.17231638418079095,0.5514500775425186,0.9745747098200578,15808,121,293,61,0.12842105263157894
few_shot_s2026,2026,few_shot,dominicamaria_s2_1213.nc,dominicamaria,dominicamaria:267:662,2018-02-01T00:00:00,16384,204,False,0.0,0.0,0.0,0.0,0.48895263671875,0.9779052734375,16022,158,204,0,0.0
few_shot_s2026,2026,few_shot,dominicamaria_s2_1214.nc,dominicamaria,dominicamaria:267:663,2018-02-01T00:00:00,16374,921,False,0.08009153318077804,0.1483050847457627,0.21212121212121213,0.11400651465798045,0.5029814110676156,0.9263466471234885,15063,390,816,105,0.08009153318077804
few_shot_s2026,2026,few_shot,dominicamaria_s2_1215.nc,dominicamaria,dominicamaria:267:663,2018-02-01T00:00:00,16384,1169,False,0.0,0.0,0.0,0.0,0.46038818359375,0.9207763671875,15086,129,1169,0,0.0
few_shot_s2026,2026,few_shot,dominicamaria_s2_1216.nc,dominicamaria,dominicamaria:267:664,2018-02-01T00:00:00,16286,561,False,0.005763688760806916,0.011461318051575931,0.029197080291970802,0.0071301247771836,0.481692801265307,0.9576323222399608,15592,133,557,4,0.005763688760806916
few_shot_s2026,2026,few_shot,dominicamaria_s2_121.nc,dominicamaria,dominicamaria:257:662,2017-10-14T00:00:00,16384,0,True,0.0,0.0,0.0,0.0,0.5,1.0,16384,0,0,0,
few_shot_s2026,2026,few_shot,dominicamaria_s2_1220.nc,dominicamaria,dominicamaria:267:666,2018-02-01T00:00:00,16292,0,True,0.0,0.0,0.0,0.0,0.4969310090842131,0.9938620181684262,16192,100,0,0,
few_shot_s2026,2026,few_shot,dominicamaria_s2_1221.nc,dominicamaria,dominicamaria:267:666,2018-02-01T00:00:00,16383,0,True,0.0,0.0,0.0,0.0,0.49853506683757554,0.9970701336751511,16335,48,0,0,
few_shot_s2026,2026,few_shot,dominicamaria_s2_1222.nc,dominicamaria,dominicamaria:267:667,2018-02-01T00:00:00,16384,0,True,0.0,0.0,0.0,0.0,0.4815673828125,0.963134765625,15780,604,0,0,
few_shot_s2026,2026,few_shot,dominicamaria_s2_1223.nc,dominicamaria,dominicamaria:267:667,2018-02-01T00:00:00,16374,692,False,0.05441354292623942,0.10321100917431193,0.25,0.06502890173410404,0.503261643163775,0.9522413582508855,15547,135,647,45,0.05441354292623942
few_shot_s2026,2026,few_shot,dominicamaria_s2_1224.nc,dominicamaria,dominicamaria:267:668,2018-02-01T00:00:00,16352,683,False,0.08993288590604027,0.16502463054187191,0.5193798449612403,0.09809663250366032,0.524149740466069,0.9585371819960861,15607,62,616,67,0.08993288590604027
few_shot_s2026,2026,few_shot,dominicamaria_s2_1225.nc,dominicamaria,dominicamaria:267:668,2018-02-16T00:00:00,16356,219,False,0.0,0.0,0.0,0.0,0.48820004891171437,0.9764000978234287,15970,167,219,0,0.0
few_shot_s2026,2026,few_shot,dominicamaria_s2_1226.nc,dominicamaria,dominicamaria:267:669,2018-02-01T00:00:00,16373,58,False,0.027586206896551724,0.053691275167785234,0.04395604395604396,0.06896551724137931,0.5094861818281402,0.9913882611616686,16228,87,54,4,0.027586206896551724
few_shot_s2026,2026,few_shot,dominicamaria_s2_1227.nc,dominicamaria,dominicamaria:267:669,2018-02-01T00:00:00,16384,0,True,0.0,0.0,0.0,0.0,0.4991455078125,0.998291015625,16356,28,0,0,
few_shot_s2026,2026,few_shot,dominicamaria_s2_1228.nc,dominicamaria,dominicamaria:267:670,2017-11-03T00:00:00,16145,4,False,0.0,0.0,0.0,0.0,0.4985134716630536,0.9970269433261072,16097,44,4,0,0.0
few_shot_s2026,2026,few_shot,dominicamaria_s2_1229.nc,dominicamaria,dominicamaria:267:670,2017-10-29T00:00:00,16078,0,True,0.0,0.0,0.0,0.0,0.499378032093544,0.998756064187088,16058,20,0,0,
few_shot_s2026,2026,few_shot,dominicamaria_s2_122.nc,dominicamaria,dominicamaria:257:663,2017-10-14T00:00:00,16384,0,True,0.0,0.0,0.0,0.0,0.5,1.0,16384,0,0,0,
few_shot_s2026,2026,few_shot,dominicamaria_s2_1231.nc,dominicamaria,dominicamaria:267:671,2017-10-09T00:00:00,16384,0,True,0.0,0.0,0.0,0.0,0.5,1.0,16384,0,0,0,
few_shot_s2026,2026,few_shot,dominicamaria_s2_1232.nc,dominicamaria,dominicamaria:267:672,2017-10-09T00:00:00,16384,0,True,0.0,0.0,0.0,0.0,0.5,1.0,16384,0,0,0,
few_shot_s2026,2026,few_shot,dominicamaria_s2_1233.nc,dominicamaria,dominicamaria:267:672,2017-10-09T00:00:00,16384,0,True,0.0,0.0,0.0,0.0,0.5,1.0,16384,0,0,0,
few_shot_s2026,2026,few_shot,dominicamaria_s2_1235.nc,dominicamaria,dominicamaria:267:673,2017-10-09T00:00:00,16384,0,True,0.0,0.0,0.0,0.0,0.5,1.0,16384,0,0,0,
few_shot_s2026,2026,few_shot,dominicamaria_s2_1239.nc,dominicamaria,dominicamaria:267:675,2017-11-03T00:00:00,16384,0,True,0.0,0.0,0.0,0.0,0.5,1.0,16384,0,0,0,
few_shot_s2026,2026,few_shot,dominicamaria_s2_123.nc,dominicamaria,dominicamaria:257:663,2017-10-14T00:00:00,16384,0,True,0.0,0.0,0.0,0.0,0.5,1.0,16384,0,0,0,
few_shot_s2026,2026,few_shot,dominicamaria_s2_1240.nc,dominicamaria,dominicamaria:267:676,2017-11-03T00:00:00,16384,0,True,0.0,0.0,0.0,0.0,0.5,1.0,16384,0,0,0,
few_shot_s2026,2026,few_shot,dominicamaria_s2_1241.nc,dominicamaria,dominicamaria:267:676,2017-10-09T00:00:00,16384,0,True,0.0,0.0,0.0,0.0,0.499481201171875,0.99896240234375,16367,17,0,0,
few_shot_s2026,2026,few_shot,dominicamaria_s2_1242.nc,dominicamaria,dominicamaria:267:677,2017-10-09T00:00:00,16384,0,True,0.0,0.0,0.0,0.0,0.5,1.0,16384,0,0,0,
few_shot_s2026,2026,few_shot,dominicamaria_s2_1244.nc,dominicamaria,dominicamaria:267:678,2017-10-09T00:00:00,16384,0,True,0.0,0.0,0.0,0.0,0.5,1.0,16384,0,0,0,
few_shot_s2026,2026,few_shot,dominicamaria_s2_1245.nc,dominicamaria,dominicamaria:267:678,2017-10-09T00:00:00,16384,0,True,0.0,0.0,0.0,0.0,0.4996337890625,0.999267578125,16372,12,0,0,
few_shot_s2026,2026,few_shot,dominicamaria_s2_1246.nc,dominicamaria,dominicamaria:267:679,2017-10-09T00:00:00,16384,0,True,0.0,0.0,0.0,0.0,0.5,1.0,16384,0,0,0,
few_shot_s2026,2026,few_shot,dominicamaria_s2_1249.nc,dominicamaria,dominicamaria:268:654,2017-10-09T00:00:00,16384,0,True,0.0,0.0,0.0,0.0,0.5,1.0,16384,0,0,0,
few_shot_s2026,2026,few_shot,dominicamaria_s2_124.nc,dominicamaria,dominicamaria:257:664,2017-10-14T00:00:00,16384,0,True,0.0,0.0,0.0,0.0,0.5,1.0,16384,0,0,0,
few_shot_s2026,2026,few_shot,dominicamaria_s2_1250.nc,dominicamaria,dominicamaria:268:655,2017-10-09T00:00:00,16384,0,True,0.0,0.0,0.0,0.0,0.5,1.0,16384,0,0,0,
few_shot_s2026,2026,few_shot,dominicamaria_s2_1251.nc,dominicamaria,dominicamaria:268:655,2017-10-09T00:00:00,16384,0,True,0.0,0.0,0.0,0.0,0.5,1.0,16384,0,0,0,
few_shot_s2026,2026,few_shot,dominicamaria_s2_1252.nc,dominicamaria,dominicamaria:268:656,2017-10-09T00:00:00,16384,0,True,0.0,0.0,0.0,0.0,0.5,1.0,16384,0,0,0,
few_shot_s2026,2026,few_shot,dominicamaria_s2_1253.nc,dominicamaria,dominicamaria:268:656,2017-10-09T00:00:00,16384,0,True,0.0,0.0,0.0,0.0,0.5,1.0,16384,0,0,0,
few_shot_s2027,2027,few_shot,dominicamaria_s2_1000.nc,dominicamaria,dominicamaria:265:660,2018-02-01T00:00:00,16306,440,False,0.05030181086519115,0.09578544061302682,0.3048780487804878,0.056818181818181816,0.5106554813185977,0.9710535999018766,15809,57,415,25,0.05030181086519115
few_shot_s2027,2027,few_shot,dominicamaria_s2_1001.nc,dominicamaria,dominicamaria:265:660,2018-02-01T00:00:00,15936,453,False,0.0,0.0,0.0,0.0,0.47311119477911645,0.9462223895582329,15079,404,453,0,0.0
few_shot_s2027,2027,few_shot,dominicamaria_s2_1002.nc,dominicamaria,dominicamaria:265:661,2018-02-01T00:00:00,16343,525,False,0.13036565977742448,0.23066104078762306,0.44086021505376344,0.15619047619047619,0.5483634460869781,0.966530012849538,15714,104,443,82,0.13036565977742448
few_shot_s2027,2027,few_shot,dominicamaria_s2_1003.nc,dominicamaria,dominicamaria:265:661,2018-02-01T00:00:00,16311,430,False,0.0,0.0,0.0,0.0,0.4836306786830973,0.9672613573661946,15777,104,430,0,0.0
few_shot_s2027,2027,few_shot,dominicamaria_s2_1004.nc,dominicamaria,dominicamaria:265:662,2018-02-01T00:00:00,16380,0,True,0.0,0.0,0.0,0.0,0.4995115995115995,0.999023199023199,16364,16,0,0,
few_shot_s2027,2027,few_shot,dominicamaria_s2_1005.nc,dominicamaria,dominicamaria:265:662,2018-02-01T00:00:00,16261,11,False,0.0,0.0,0.0,0.0,0.49920054117212964,0.9984010823442593,16235,15,11,0,0.0
few_shot_s2027,2027,few_shot,dominicamaria_s2_1007.nc,dominicamaria,dominicamaria:265:663,2018-02-01T00:00:00,14528,0,True,0.0,0.0,0.0,0.0,0.5,1.0,14528,0,0,0,
few_shot_s2027,2027,few_shot,dominicamaria_s2_1009.nc,dominicamaria,dominicamaria:265:664,2018-02-01T00:00:00,15628,19,False,0.0,0.0,0.0,0.0,0.499392116713591,0.998784233427182,15609,0,19,0,0.0
few_shot_s2027,2027,few_shot,dominicamaria_s2_1010.nc,dominicamaria,dominicamaria:265:665,2018-02-01T00:00:00,16384,79,False,0.0,0.0,0.0,0.0,0.497589111328125,0.99517822265625,16305,0,79,0,0.0
few_shot_s2027,2027,few_shot,dominicamaria_s2_1011.nc,dominicamaria,dominicamaria:265:665,2018-02-01T00:00:00,16384,0,True,0.0,0.0,0.0,0.0,0.5,1.0,16384,0,0,0,
few_shot_s2027,2027,few_shot,dominicamaria_s2_1012.nc,dominicamaria,dominicamaria:265:666,2018-02-01T00:00:00,16336,16,False,0.0,0.0,0.0,0.0,0.49951028403525954,0.9990205680705191,16320,0,16,0,0.0
few_shot_s2027,2027,few_shot,dominicamaria_s2_1013.nc,dominicamaria,dominicamaria:265:666,2018-02-01T00:00:00,16380,68,False,0.0,0.0,0.0,0.0,0.49792429792429793,0.9958485958485959,16312,0,68,0,0.0
few_shot_s2027,2027,few_shot,dominicamaria_s2_1015.nc,dominicamaria,dominicamaria:265:667,2018-02-01T00:00:00,16384,70,False,0.0,0.0,0.0,0.0,0.49786376953125,0.9957275390625,16314,0,70,0,0.0
few_shot_s2027,2027,few_shot,dominicamaria_s2_1016.nc,dominicamaria,dominicamaria:265:668,2018-02-01T00:00:00,16384,417,False,0.0,0.0,0.0,0.0,0.487274169921875,0.97454833984375,15967,0,417,0,0.0
few_shot_s2027,2027,few_shot,dominicamaria_s2_1017.nc,dominicamaria,dominicamaria:265:668,2018-02-01T00:00:00,16384,131,False,0.0,0.0,0.0,0.0,0.496002197265625,0.99200439453125,16253,0,131,0,0.0
few_shot_s2027,2027,few_shot,dominicamaria_s2_1018.nc,dominicamaria,dominicamaria:265:669,2018-02-01T00:00:00,16380,623,False,0.14605263157894738,0.25487944890929964,0.4475806451612903,0.1781701444622793,0.5530804063912317,0.9603785103785104,15620,137,512,111,0.14605263157894738
few_shot_s2027,2027,few_shot,dominicamaria_s2_1019.nc,dominicamaria,dominicamaria:265:669,2018-02-01T00:00:00,16080,90,False,0.0,0.0,0.0,0.0,0.4961442786069652,0.9922885572139304,15956,34,90,0,0.0
few_shot_s2027,2027,few_shot,dominicamaria_s2_1020.nc,dominicamaria,dominicamaria:265:670,2017-10-09T00:00:00,16179,37,False,0.0,0.0,0.0,0.0,0.4988565424315471,0.9977130848630942,16142,0,37,0,0.0
few_shot_s2027,2027,few_shot,dominicamaria_s2_1021.nc,dominicamaria,dominicamaria:265:670,2017-11-18T00:00:00,16373,0,True,0.0,0.0,0.0,0.0,0.5,1.0,16373,0,0,0,
few_shot_s2027,2027,few_shot,dominicamaria_s2_1022.nc,dominicamaria,dominicamaria:265:671,2018-02-01T00:00:00,16305,24,False,0.0,0.0,0.0,0.0,0.4992640294388224,0.9985280588776448,16281,0,24,0,0.0
few_shot_s2027,2027,few_shot,dominicamaria_s2_1030.nc,dominicamaria,dominicamaria:265:675,2017-10-09T00:00:00,16384,0,True,0.0,0.0,0.0,0.0,0.5,1.0,16384,0,0,0,
few_shot_s2027,2027,few_shot,dominicamaria_s2_1031.nc,dominicamaria,dominicamaria:265:675,2017-10-09T00:00:00,16384,0,True,0.0,0.0,0.0,0.0,0.5,1.0,16384,0,0,0,
few_shot_s2027,2027,few_shot,dominicamaria_s2_1032.nc,dominicamaria,dominicamaria:265:676,2017-10-09T00:00:00,16384,0,True,0.0,0.0,0.0,0.0,0.5,1.0,16384,0,0,0,
few_shot_s2027,2027,few_shot,dominicamaria_s2_1034.nc,dominicamaria,dominicamaria:265:677,2017-10-09T00:00:00,16384,0,True,0.0,0.0,0.0,0.0,0.5,1.0,16384,0,0,0,
few_shot_s2027,2027,few_shot,dominicamaria_s2_1036.nc,dominicamaria,dominicamaria:265:678,2017-10-09T00:00:00,16384,0,True,0.0,0.0,0.0,0.0,0.5,1.0,16384,0,0,0,
few_shot_s2027,2027,few_shot,dominicamaria_s2_1038.nc,dominicamaria,dominicamaria:265:679,2017-10-09T00:00:00,16384,0,True,0.0,0.0,0.0,0.0,0.5,1.0,16384,0,0,0,
few_shot_s2027,2027,few_shot,dominicamaria_s2_1041.nc,dominicamaria,dominicamaria:266:654,2017-10-09T00:00:00,16384,0,True,0.0,0.0,0.0,0.0,0.5,1.0,16384,0,0,0,
few_shot_s2027,2027,few_shot,dominicamaria_s2_1043.nc,dominicamaria,dominicamaria:266:655,2017-10-09T00:00:00,16384,0,True,0.0,0.0,0.0,0.0,0.5,1.0,16384,0,0,0,
few_shot_s2027,2027,few_shot,dominicamaria_s2_1044.nc,dominicamaria,dominicamaria:266:656,2017-10-09T00:00:00,16384,0,True,0.0,0.0,0.0,0.0,0.5,1.0,16384,0,0,0,
few_shot_s2027,2027,few_shot,dominicamaria_s2_1047.nc,dominicamaria,dominicamaria:266:657,2017-11-23T00:00:00,16344,38,False,0.0,0.0,0.0,0.0,0.49883749388154675,0.9976749877630935,16306,0,38,0,0.0
few_shot_s2027,2027,few_shot,dominicamaria_s2_1048.nc,dominicamaria,dominicamaria:266:658,2017-12-13T00:00:00,16307,107,False,0.0,0.0,0.0,0.0,0.4967192003434108,0.9934384006868217,16200,0,107,0,0.0
few_shot_s2027,2027,few_shot,dominicamaria_s2_1049.nc,dominicamaria,dominicamaria:266:658,2018-02-01T00:00:00,16251,1404,False,0.011659807956104253,0.02305084745762712,0.23943661971830985,0.012108262108262107,0.46144774308116904,0.9113285336286998,14793,54,1387,17,0.011659807956104253
few_shot_s2027,2027,few_shot,dominicamaria_s2_1050.nc,dominicamaria,dominicamaria:266:659,2018-02-01T00:00:00,15970,4528,False,0.019147084421235857,0.037574722459436376,0.5641025641025641,0.019434628975265017,0.36765186987715864,0.7177207263619286,11374,68,4440,88,0.019147084421235857
few_shot_s2027,2027,few_shot,dominicamaria_s2_1051.nc,dominicamaria,dominicamaria:266:659,2018-02-01T00:00:00,16201,610,False,0.004739336492890996,0.009433962264150943,0.11538461538461539,0.004918032786885246,0.4829228229569036,0.961113511511635,15568,23,607,3,0.004739336492890996
few_shot_s2027,2027,few_shot,dominicamaria_s2_1052.nc,dominicamaria,dominicamaria:266:660,2018-02-01T00:00:00,16337,56,False,0.0,0.0,0.0,0.0,0.49412376813368425,0.9882475362673685,16145,136,56,0,0.0
few_shot_s2027,2027,few_shot,dominicamaria_s2_1053.nc,dominicamaria,dominicamaria:266:660,2018-02-01T00:00:00,16279,427,False,0.09703947368421052,0.17691154422788605,0.24583333333333332,0.13817330210772832,0.531596185670712,0.9662755697524418,15671,181,368,59,0.09703947368421052
few_shot_s2027,2027,few_shot,dominicamaria_s2_1054.nc,dominicamaria,dominicamaria:266:661,2018-02-01T00:00:00,15944,13,False,0.0,0.0,0.0,0.0,0.4791144004014049,0.9582288008028098,15278,653,13,0,0.0
few_shot_s2027,2027,few_shot,dominicamaria_s2_1055.nc,dominicamaria,dominicamaria:266:661,2018-02-01T00:00:00,16326,0,True,0.0,0.0,0.0,0.0,0.4990199681489648,0.9980399362979296,16294,32,0,0,
few_shot_s2027,2027,few_shot,dominicamaria_s2_1057.nc,dominicamaria,dominicamaria:266:662,2018-02-01T00:00:00,14233,0,True,0.0,0.0,0.0,0.0,0.5,1.0,14233,0,0,0,
few_shot_s2027,2027,few_shot,dominicamaria_s2_1058.nc,dominicamaria,dominicamaria:266:663,2018-02-01T00:00:00,14317,32,False,0.0,0.0,0.0,0.0,0.4960885660403716,0.9921771320807432,14205,80,32,0,0.0
few_shot_s2027,2027,few_shot,dominicamaria_s2_105.nc,dominicamaria,dominicamaria:257:654,2017-11-03T00:00:00,16384,0,True,0.0,0.0,0.0,0.0,0.5,1.0,16384,0,0,0,
few_shot_s2027,2027,few_shot,dominicamaria_s2_1061.nc,dominicamaria,dominicamaria:266:664,2018-01-02T00:00:00,16347,0,True,0.0,0.0,0.0,0.0,0.4973083746253135,0.994616749250627,16259,88,0,0,
few_shot_s2027,2027,few_shot,dominicamaria_s2_1062.nc,dominicamaria,dominicamaria:266:665,2018-02-01T00:00:00,16370,131,False,0.0,0.0,0.0,0.0,0.4959987782529017,0.9919975565058033,16239,0,131,0,0.0
few_shot_s2027,2027,few_shot,dominicamaria_s2_1063.nc,dominicamaria,dominicamaria:266:665,2018-02-01T00:00:00,16380,143,False,0.0,0.0,0.0,0.0,0.49563492063492065,0.9912698412698413,16237,0,143,0,0.0
few_shot_s2027,2027,few_shot,dominicamaria_s2_1064.nc,dominicamaria,dominicamaria:266:666,2018-02-01T00:00:00,16384,371,False,0.0,0.0,0.0,0.0,0.488677978515625,0.97735595703125,16013,0,371,0,0.0
few_shot_s2027,2027,few_shot,dominicamaria_s2_1065.nc,dominicamaria,dominicamaria:266:666,2018-02-01T00:00:00,16362,212,False,0.0,0.0,0.0,0.0,0.4935215743796602,0.9870431487593204,16150,0,212,0,0.0
few_shot_s2027,2027,few_shot,dominicamaria_s2_1066.nc,dominicamaria,dominicamaria:266:667,2018-02-01T00:00:00,16380,17,False,0.0,0.0,0.0,0.0,0.4994810744810745,0.998962148962149,16363,0,17,0,0.0
few_shot_s2027,2027,few_shot,dominicamaria_s2_1067.nc,dominicamaria,dominicamaria:266:667,2018-02-01T00:00:00,16376,222,False,0.0,0.0,0.0,0.0,0.4932217879824133,0.9864435759648266,16154,0,222,0,0.0
few_shot_s2027,2027,few_shot,dominicamaria_s2_1068.nc,dominicamaria,dominicamaria:266:668,2018-02-01T00:00:00,16364,609,False,0.0,0.0,0.0,0.0,0.4813920801759961,0.9627841603519922,15755,0,609,0,0.0
few_shot_s2027,2027,few_shot,dominicamaria_s2_1069.nc,dominicamaria,dominicamaria:266:668,2018-02-01T00:00:00,16372,94,False,0.00980392156862745,0.019417475728155338,0.1111111111111111,0.010638297872340425,0.5018172377985463,0.9938309308575617,16270,8,93,1,0.00980392156862745
few_shot_s2027,2027,few_shot,dominicamaria_s2_106.nc,dominicamaria,dominicamaria:257:655,2017-10-14T00:00:00,16384,0,True,0.0,0.0,0.0,0.0,0.499359130859375,0.99871826171875,16363,21,0,0,
few_shot_s2027,2027,few_shot,dominicamaria_s2_1070.nc,dominicamaria,dominicamaria:266:669,2018-02-01T00:00:00,16384,100,False,0.0,0.0,0.0,0.0,0.4969482421875,0.993896484375,16284,0,100,0,0.0
few_shot_s2027,2027,few_shot,dominicamaria_s2_1071.nc,dominicamaria,dominicamaria:266:669,2018-02-01T00:00:00,16376,343,False,0.10755813953488372,0.1942257217847769,0.9736842105263158,0.10787172011661808,0.5443843699694126,0.9812530532486565,16032,1,306,37,0.10755813953488372
few_shot_s2027,2027,few_shot,dominicamaria_s2_1072.nc,dominicamaria,dominicamaria:266:670,2017-11-18T00:00:00,15940,70,False,0.0,0.0,0.0,0.0,0.4978042659974906,0.9956085319949812,15870,0,70,0,0.0
few_shot_s2027,2027,few_shot,dominicamaria_s2_1075.nc,dominicamaria,dominicamaria:266:671,2017-11-23T00:00:00,16297,0,True,0.0,0.0,0.0,0.0,0.5,1.0,16297,0,0,0,
few_shot_s2027,2027,few_shot,dominicamaria_s2_1076.nc,dominicamaria,dominicamaria:266:672,2017-12-13T00:00:00,16384,0,True,0.0,0.0,0.0,0.0,0.5,1.0,16384,0,0,0,
few_shot_s2027,2027,few_shot,dominicamaria_s2_1077.nc,dominicamaria,dominicamaria:266:672,2018-03-18T00:00:00,16243,0,True,0.0,0.0,0.0,0.0,0.49944591516345505,0.9988918303269101,16225,18,0,0,
few_shot_s2027,2027,few_shot,dominicamaria_s2_1078.nc,dominicamaria,dominicamaria:266:673,2017-10-09T00:00:00,16149,0,True,0.0,0.0,0.0,0.0,0.4998142299832807,0.9996284599665614,16143,6,0,0,
few_shot_s2027,2027,few_shot,dominicamaria_s2_1079.nc,dominicamaria,dominicamaria:266:673,2017-10-09T00:00:00,16384,0,True,0.0,0.0,0.0,0.0,0.5,1.0,16384,0,0,0,
few_shot_s2027,2027,few_shot,dominicamaria_s2_107.nc,dominicamaria,dominicamaria:257:655,2017-10-14T00:00:00,16384,0,True,0.0,0.0,0.0,0.0,0.5,1.0,16384,0,0,0,
few_shot_s2027,2027,few_shot,dominicamaria_s2_1080.nc,dominicamaria,dominicamaria:266:674,2017-10-09T00:00:00,16384,0,True,0.0,0.0,0.0,0.0,0.5,1.0,16384,0,0,0,
few_shot_s2027,2027,few_shot,dominicamaria_s2_1081.nc,dominicamaria,dominicamaria:266:674,2017-10-09T00:00:00,16384,0,True,0.0,0.0,0.0,0.0,0.5,1.0,16384,0,0,0,
few_shot_s2027,2027,few_shot,dominicamaria_s2_1082.nc,dominicamaria,dominicamaria:266:675,2017-10-09T00:00:00,16384,0,True,0.0,0.0,0.0,0.0,0.5,1.0,16384,0,0,0,
few_shot_s2027,2027,few_shot,dominicamaria_s2_1083.nc,dominicamaria,dominicamaria:266:675,2017-10-09T00:00:00,16384,0,True,0.0,0.0,0.0,0.0,0.5,1.0,16384,0,0,0,
few_shot_s2027,2027,few_shot,dominicamaria_s2_1084.nc,dominicamaria,dominicamaria:266:676,2017-10-09T00:00:00,16384,0,True,0.0,0.0,0.0,0.0,0.5,1.0,16384,0,0,0,
few_shot_s2027,2027,few_shot,dominicamaria_s2_1089.nc,dominicamaria,dominicamaria:266:678,2017-10-09T00:00:00,16384,0,True,0.0,0.0,0.0,0.0,0.5,1.0,16384,0,0,0,
few_shot_s2027,2027,few_shot,dominicamaria_s2_108.nc,dominicamaria,dominicamaria:257:656,2017-10-14T00:00:00,16384,0,True,0.0,0.0,0.0,0.0,0.5,1.0,16384,0,0,0,
few_shot_s2027,2027,few_shot,dominicamaria_s2_1090.nc,dominicamaria,dominicamaria:266:679,2017-10-09T00:00:00,16384,0,True,0.0,0.0,0.0,0.0,0.5,1.0,16384,0,0,0,
few_shot_s2027,2027,few_shot,dominicamaria_s2_1093.nc,dominicamaria,dominicamaria:266:654,2017-10-09T00:00:00,16384,0,True,0.0,0.0,0.0,0.0,0.5,1.0,16384,0,0,0,
few_shot_s2027,2027,few_shot,dominicamaria_s2_1094.nc,dominicamaria,dominicamaria:266:655,2017-10-09T00:00:00,16384,0,True,0.0,0.0,0.0,0.0,0.5,1.0,16384,0,0,0,
few_shot_s2027,2027,few_shot,dominicamaria_s2_1096.nc,dominicamaria,dominicamaria:266:656,2017-10-09T00:00:00,16384,0,True,0.0,0.0,0.0,0.0,0.5,1.0,16384,0,0,0,
few_shot_s2027,2027,few_shot,dominicamaria_s2_1097.nc,dominicamaria,dominicamaria:266:656,2017-10-09T00:00:00,16384,0,True,0.0,0.0,0.0,0.0,0.5,1.0,16384,0,0,0,
few_shot_s2027,2027,few_shot,dominicamaria_s2_1098.nc,dominicamaria,dominicamaria:266:657,2017-11-03T00:00:00,16384,0,True,0.0,0.0,0.0,0.0,0.5,1.0,16384,0,0,0,
few_shot_s2027,2027,few_shot,dominicamaria_s2_1099.nc,dominicamaria,dominicamaria:266:657,2017-11-03T00:00:00,16384,0,True,0.0,0.0,0.0,0.0,0.5,1.0,16384,0,0,0,
few_shot_s2027,2027,few_shot,dominicamaria_s2_109.nc,dominicamaria,dominicamaria:257:656,2017-10-14T00:00:00,16384,0,True,0.0,0.0,0.0,0.0,0.5,1.0,16384,0,0,0,
few_shot_s2027,2027,few_shot,dominicamaria_s2_1100.nc,dominicamaria,dominicamaria:266:658,2017-10-09T00:00:00,16384,0,True,0.0,0.0,0.0,0.0,0.5,1.0,16384,0,0,0,
few_shot_s2027,2027,few_shot,dominicamaria_s2_1101.nc,dominicamaria,dominicamaria:266:658,2017-11-23T00:00:00,16210,1451,False,0.06555183946488294,0.12303829252981795,0.6901408450704225,0.06753962784286699,0.48942313919619523,0.9138186304750154,14715,44,1353,98,0.06555183946488294
few_shot_s2027,2027,few_shot,dominicamaria_s2_1102.nc,dominicamaria,dominicamaria:266:659,2018-02-01T00:00:00,16352,2312,False,0.10607915136678907,0.19181113980081152,0.6516290726817042,0.11245674740484429,0.4849622701899816,0.8660102739726028,13901,139,2052,260,0.10607915136678907
few_shot_s2027,2027,few_shot,dominicamaria_s2_1103.nc,dominicamaria,dominicamaria:266:659,2018-02-01T00:00:00,16008,772,False,0.006458557588805167,0.012834224598930482,0.03680981595092025,0.007772020725388601,0.47438913381252534,0.9423413293353323,15079,157,766,6,0.006458557588805167
few_shot_s2027,2027,few_shot,dominicamaria_s2_1104.nc,dominicamaria,dominicamaria:266:660,2018-02-01T00:00:00,16376,111,False,0.0,0.0,0.0,0.0,0.49661089399120667,0.9932217879824133,16265,0,111,0,0.0
few_shot_s2027,2027,few_shot,dominicamaria_s2_1105.nc,dominicamaria,dominicamaria:266:660,2018-02-01T00:00:00,16380,193,False,0.0,0.0,0.0,0.0,0.49218559218559216,0.9843711843711843,16124,63,193,0,0.0
few_shot_s2027,2027,few_shot,dominicamaria_s2_1106.nc,dominicamaria,dominicamaria:266:661,2018-02-01T00:00:00,16342,312,False,0.0,0.0,0.0,0.0,0.4824378900991311,0.9648757801982621,15768,262,312,0,0.0
few_shot_s2027,2027,few_shot,dominicamaria_s2_1107.nc,dominicamaria,dominicamaria:266:661,2018-02-01T00:00:00,15928,73,False,0.013843648208469055,0.027309236947791166,0.014505119453924915,0.2328767123287671,0.4688663907562363,0.9239703666499247,14700,1155,56,17,0.013843648208469055
few_shot_s2027,2027,few_shot,dominicamaria_s2_1108.nc,dominicamaria,dominicamaria:266:662,2018-02-01T00:00:00,14844,140,False,0.011811023622047244,0.023346303501945526,0.02564102564102564,0.02142857142857143,0.49744920832743084,0.9830908111021288,14590,114,137,3,0.011811023622047244
few_shot_s2027,2027,few_shot,dominicamaria_s2_1110.nc,dominicamaria,dominicamaria:266:663,2018-02-01T00:00:00,14688,385,False,0.012658227848101266,0.025,0.3333333333333333,0.012987012987012988,0.49304844920975516,0.9734477124183006,14293,10,380,5,0.012658227848101266
few_shot_s2027,2027,few_shot,dominicamaria_s2_1111.nc,dominicamaria,dominicamaria:266:663,2017-11-23T00:00:00,14467,230,False,0.0,0.0,0.0,0.0,0.48904403124351975,0.9780880624870395,14150,87,230,0,0.0
few_shot_s2027,2027,few_shot,dominicamaria_s2_1112.nc,dominicamaria,dominicamaria:266:664,2017-11-23T00:00:00,15582,92,False,0.05263157894736842,0.1,0.10227272727272728,0.09782608695652174,0.5211144795141388,0.9896033885252215,15411,79,83,9,0.05263157894736842
few_shot_s2027,2027,few_shot,dominicamaria_s2_1114.nc,dominicamaria,dominicamaria:266:665,2018-02-01T00:00:00,16384,213,False,0.0,0.0,0.0,0.0,0.493499755859375,0.98699951171875,16171,0,213,0,0.0
few_shot_s2027,2027,few_shot,dominicamaria_s2_1115.nc,dominicamaria,dominicamaria:266:665,2018-02-01T00:00:00,16288,42,False,0.0,0.0,0.0,0.0,0.49871070726915523,0.9974214145383105,16246,0,42,0,0.0
few_shot_s2027,2027,few_shot,dominicamaria_s2_1116.nc,dominicamaria,dominicamaria:266:666,2018-02-01T00:00:00,16376,408,False,0.0,0.0,0.0,0.0,0.487542745481192,0.975085490962384,15968,0,408,0,0.0
few_shot_s2027,2027,few_shot,dominicamaria_s2_1117.nc,dominicamaria,dominicamaria:266:666,2018-02-01T00:00:00,16368,41,False,0.0,0.0,0.0,0.0,0.4958150048875855,0.991630009775171,16231,96,41,0,0.0
few_shot_s2027,2027,few_shot,dominicamaria_s2_1118.nc,dominicamaria,dominicamaria:266:667,2018-02-01T00:00:00,16384,127,False,0.0,0.0,0.0,0.0,0.496124267578125,0.99224853515625,16257,0,127,0,0.0
few_shot_s2027,2027,few_shot,dominicamaria_s2_1119.nc,dominicamaria,dominicamaria:266:667,2018-02-01T00:00:00,16384,109,False,0.0,0.0,0.0,0.0,0.496673583984375,0.99334716796875,16275,0,109,0,0.0
few_shot_s2027,2027,few_shot,dominicamaria_s2_111.nc,dominicamaria,dominicamaria:257:657,2017-10-14T00:00:00,16384,0,True,0.0,0.0,0.0,0.0,0.5,1.0,16384,0,0,0,
few_shot_s2027,2027,few_shot,dominicamaria_s2_1120.nc,dominicamaria,dominicamaria:266:668,2018-02-01T00:00:00,16368,2,False,0.0,0.0,0.0,0.0,0.49993890518084066,0.9998778103616813,16366,0,2,0,0.0
few_shot_s2027,2027,few_shot,dominicamaria_s2_1121.nc,dominicamaria,dominicamaria:266:668,2018-02-01T00:00:00,16375,124,False,0.0,0.0,0.0,0.0,0.49621374045801525,0.9924274809160305,16251,0,124,0,0.0
few_shot_s2027,2027,few_shot,dominicamaria_s2_1122.nc,dominicamaria,dominicamaria:266:669,2018-02-01T00:00:00,16384,52,False,0.0,0.0,0.0,0.0,0.4984130859375,0.996826171875,16332,0,52,0,0.0
few_shot_s2027,2027,few_shot,dominicamaria_s2_1123.nc,dominicamaria,dominicamaria:266:669,2018-02-01T00:00:00,16380,27,False,0.0,0.0,0.0,0.0,0.4991758241758242,0.9983516483516484,16353,0,27,0,0.0
few_shot_s2027,2027,few_shot,dominicamaria_s2_1124.nc,dominicamaria,dominicamaria:266:670,2018-02-01T00:00:00,16384,204,False,0.11376146788990826,0.2042833607907743,0.15384615384615385,0.30392156862745096,0.5420847530602586,0.97052001953125,15839,341,142,62,0.11376146788990826
few_shot_s2027,2027,few_shot,dominicamaria_s2_1127.nc,dominicamaria,dominicamaria:266:671,2017-11-18T00:00:00,16052,0,True,0.0,0.0,0.0,0.0,0.5,1.0,16052,0,0,0,
few_shot_s2027,2027,few_shot,dominicamaria_s2_1128.nc,dominicamaria,dominicamaria:266:672,2017-11-03T00:00:00,16161,0,True,0.0,0.0,0.0,0.0,0.5,1.0,16161,0,0,0,
few_shot_s2027,2027,few_shot,dominicamaria_s2_1129.nc,dominicamaria,dominicamaria:266:672,2017-10-09T00:00:00,16376,0,True,0.0,0.0,0.0,0.0,0.5,1.0,16376,0,0,0,
few_shot_s2027,2027,few_shot,dominicamaria_s2_1130.nc,dominicamaria,dominicamaria:266:673,2017-10-09T00:00:00,16384,0,True,0.0,0.0,0.0,0.0,0.5,1.0,16384,0,0,0,
few_shot_s2027,2027,few_shot,dominicamaria_s2_1131.nc,dominicamaria,dominicamaria:266:673,2017-10-09T00:00:00,16384,0,True,0.0,0.0,0.0,0.0,0.5,1.0,16384,0,0,0,
few_shot_s2027,2027,few_shot,dominicamaria_s2_1132.nc,dominicamaria,dominicamaria:266:674,2017-10-09T00:00:00,16384,0,True,0.0,0.0,0.0,0.0,0.5,1.0,16384,0,0,0,
few_shot_s2027,2027,few_shot,dominicamaria_s2_1134.nc,dominicamaria,dominicamaria:266:675,2017-10-09T00:00:00,16384,0,True,0.0,0.0,0.0,0.0,0.5,1.0,16384,0,0,0,
few_shot_s2027,2027,few_shot,dominicamaria_s2_1135.nc,dominicamaria,dominicamaria:266:675,2017-10-09T00:00:00,16384,0,True,0.0,0.0,0.0,0.0,0.5,1.0,16384,0,0,0,
few_shot_s2027,2027,few_shot,dominicamaria_s2_1136.nc,dominicamaria,dominicamaria:266:676,2017-10-09T00:00:00,16384,0,True,0.0,0.0,0.0,0.0,0.5,1.0,16384,0,0,0,
few_shot_s2027,2027,few_shot,dominicamaria_s2_1137.nc,dominicamaria,dominicamaria:266:676,2017-10-09T00:00:00,16384,0,True,0.0,0.0,0.0,0.0,0.5,1.0,16384,0,0,0,
few_shot_s2027,2027,few_shot,dominicamaria_s2_1138.nc,dominicamaria,dominicamaria:266:677,2017-10-09T00:00:00,16384,0,True,0.0,0.0,0.0,0.0,0.5,1.0,16384,0,0,0,
few_shot_s2027,2027,few_shot,dominicamaria_s2_1139.nc,dominicamaria,dominicamaria:266:677,2017-10-09T00:00:00,16384,0,True,0.0,0.0,0.0,0.0,0.5,1.0,16384,0,0,0,
few_shot_s2027,2027,few_shot,dominicamaria_s2_1140.nc,dominicamaria,dominicamaria:266:678,2017-10-09T00:00:00,16384,0,True,0.0,0.0,0.0,0.0,0.5,1.0,16384,0,0,0,
few_shot_s2027,2027,few_shot,dominicamaria_s2_1141.nc,dominicamaria,dominicamaria:266:678,2017-10-09T00:00:00,16384,0,True,0.0,0.0,0.0,0.0,0.5,1.0,16384,0,0,0,
few_shot_s2027,2027,few_shot,dominicamaria_s2_1142.nc,dominicamaria,dominicamaria:266:679,2017-10-09T00:00:00,16384,0,True,0.0,0.0,0.0,0.0,0.5,1.0,16384,0,0,0,
few_shot_s2027,2027,few_shot,dominicamaria_s2_1146.nc,dominicamaria,dominicamaria:267:655,2017-10-09T00:00:00,16384,0,True,0.0,0.0,0.0,0.0,0.5,1.0,16384,0,0,0,
few_shot_s2027,2027,few_shot,dominicamaria_s2_1147.nc,dominicamaria,dominicamaria:267:655,2017-10-09T00:00:00,16384,0,True,0.0,0.0,0.0,0.0,0.5,1.0,16384,0,0,0,
few_shot_s2027,2027,few_shot,dominicamaria_s2_1148.nc,dominicamaria,dominicamaria:267:656,2017-10-09T00:00:00,16384,0,True,0.0,0.0,0.0,0.0,0.5,1.0,16384,0,0,0,
few_shot_s2027,2027,few_shot,dominicamaria_s2_1149.nc,dominicamaria,dominicamaria:267:656,2017-10-09T00:00:00,16384,0,True,0.0,0.0,0.0,0.0,0.5,1.0,16384,0,0,0,
few_shot_s2027,2027,few_shot,dominicamaria_s2_1150.nc,dominicamaria,dominicamaria:267:657,2017-11-03T00:00:00,16384,0,True,0.0,0.0,0.0,0.0,0.5,1.0,16384,0,0,0,
few_shot_s2027,2027,few_shot,dominicamaria_s2_1151.nc,dominicamaria,dominicamaria:267:657,2017-11-03T00:00:00,16384,0,True,0.0,0.0,0.0,0.0,0.5,1.0,16384,0,0,0,
few_shot_s2027,2027,few_shot,dominicamaria_s2_1152.nc,dominicamaria,dominicamaria:267:658,2018-02-01T00:00:00,16384,0,True,0.0,0.0,0.0,0.0,0.5,1.0,16384,0,0,0,
few_shot_s2027,2027,few_shot,dominicamaria_s2_1153.nc,dominicamaria,dominicamaria:267:658,2017-11-23T00:00:00,16287,1501,False,0.010624169986719787,0.02102496714848883,0.7619047619047619,0.010659560293137908,0.4595251020175133,0.9085159943513231,14781,5,1485,16,0.010624169986719787
few_shot_s2027,2027,few_shot,dominicamaria_s2_1154.nc,dominicamaria,dominicamaria:267:659,2018-02-01T00:00:00,16371,3096,False,0.036634585532443344,0.07067984426474992,0.48559670781893005,0.03811369509043928,0.42285799294465026,0.8104575163398693,13150,125,2978,118,0.036634585532443344
few_shot_s2027,2027,few_shot,dominicamaria_s2_1155.nc,dominicamaria,dominicamaria:267:659,2018-02-01T00:00:00,16288,311,False,0.060085836909871244,0.11336032388663968,0.15300546448087432,0.09003215434083602,0.5165742837685888,0.9731090373280943,15822,155,283,28,0.060085836909871244
few_shot_s2027,2027,few_shot,dominicamaria_s2_1156.nc,dominicamaria,dominicamaria:267:660,2018-02-01T00:00:00,16110,244,False,0.04160688665710186,0.07988980716253444,0.06016597510373444,0.11885245901639344,0.5000335907074452,0.9585350713842334,15413,453,215,29,0.04160688665710186
few_shot_s2027,2027,few_shot,dominicamaria_s2_1157.nc,dominicamaria,dominicamaria:267:660,2018-02-01T00:00:00,16364,393,False,0.0,0.0,0.0,0.0,0.487625274993889,0.975250549987778,15959,12,393,0,0.0
few_shot_s2027,2027,few_shot,dominicamaria_s2_1158.nc,dominicamaria,dominicamaria:267:661,2018-02-01T00:00:00,16169,55,False,0.0,0.0,0.0,0.0,0.49035190797204525,0.9807038159440905,15857,257,55,0,0.0
few_shot_s2027,2027,few_shot,dominicamaria_s2_115.nc,dominicamaria,dominicamaria:257:659,2017-10-09T00:00:00,16384,0,True,0.0,0.0,0.0,0.0,0.5,1.0,16384,0,0,0,
few_shot_s2027,2027,few_shot,dominicamaria_s2_1160.nc,dominicamaria,dominicamaria:267:662,2018-02-01T00:00:00,16299,421,False,0.0,0.0,0.0,0.0,0.4775753113687956,0.9551506227375912,15568,310,421,0,0.0
few_shot_s2027,2027,few_shot,dominicamaria_s2_1161.nc,dominicamaria,dominicamaria:267:662,2018-02-01T00:00:00,16380,298,False,0.10362694300518134,0.18779342723004694,0.3125,0.1342281879194631,0.5412259562027131,0.9788766788766788,15994,88,258,40,0.10362694300518134
few_shot_s2027,2027,few_shot,dominicamaria_s2_1162.nc,dominicamaria,dominicamaria:267:663,2017-11-23T00:00:00,14633,1338,False,0.024236548715462918,0.047326076668244205,0.06451612903225806,0.03736920777279522,0.44309955392983597,0.8624342240142144,12570,725,1288,50,0.024236548715462918
few_shot_s2027,2027,few_shot,dominicamaria_s2_1163.nc,dominicamaria,dominicamaria:267:663,2018-01-02T00:00:00,15726,808,False,0.0,0.0,0.0,0.0,0.4743100597736233,0.9486201195472466,14918,0,808,0,0.0
few_shot_s2027,2027,few_shot,dominicamaria_s2_1164.nc,dominicamaria,dominicamaria:267:664,2018-02-01T00:00:00,16356,642,False,0.0,0.0,0.0,0.0,0.48037417461482024,0.9607483492296405,15714,0,642,0,0.0
few_shot_s2027,2027,few_shot,dominicamaria_s2_1165.nc,dominicamaria,dominicamaria:267:664,2018-02-01T00:00:00,16384,119,False,0.0,0.0,0.0,0.0,0.496368408203125,0.99273681640625,16265,0,119,0,0.0
few_shot_s2027,2027,few_shot,dominicamaria_s2_1166.nc,dominicamaria,dominicamaria:267:665,2018-02-01T00:00:00,16384,50,False,0.0,0.0,0.0,0.0,0.4976806640625,0.995361328125,16308,26,50,0,0.0
few_shot_s2027,2027,few_shot,dominicamaria_s2_1167.nc,dominicamaria,dominicamaria:267:665,2018-03-03T00:00:00,16357,0,True,0.0,0.0,0.0,0.0,0.5,1.0,16357,0,0,0,
few_shot_s2027,2027,few_shot,dominicamaria_s2_1169.nc,dominicamaria,dominicamaria:267:666,2017-11-23T00:00:00,16384,4,False,0.0,0.0,0.0,0.0,0.4998779296875,0.999755859375,16380,0,4,0,0.0
few_shot_s2027,2027,few_shot,dominicamaria_s2_1170.nc,dominicamaria,dominicamaria:267:667,2018-02-01T00:00:00,16376,311,False,0.0,0.0,0.0,0.0,0.49050439667806545,0.9810087933561309,16065,0,311,0,0.0
few_shot_s2027,2027,few_shot,dominicamaria_s2_1171.nc,dominicamaria,dominicamaria:267:667,2018-02-01T00:00:00,16358,462,False,0.0,0.0,0.0,0.0,0.4819048783469862,0.9638097566939724,15766,130,462,0,0.0
few_shot_s2027,2027,few_shot,dominicamaria_s2_1172.nc,dominicamaria,dominicamaria:267:668,2018-02-01T00:00:00,16355,142,False,0.0,0.0,0.0,0.0,0.4956588199327423,0.9913176398654846,16213,0,142,0,0.0
few_shot_s2027,2027,few_shot,dominicamaria_s2_1173.nc,dominicamaria,dominicamaria:267:668,2018-02-01T00:00:00,16360,42,False,0.0,0.0,0.0,0.0,0.49871638141809294,0.9974327628361859,16318,0,42,0,0.0
few_shot_s2027,2027,few_shot,dominicamaria_s2_1174.nc,dominicamaria,dominicamaria:267:669,2018-03-03T00:00:00,16384,139,False,0.0,0.0,0.0,0.0,0.495758056640625,0.99151611328125,16245,0,139,0,0.0
few_shot_s2027,2027,few_shot,dominicamaria_s2_1175.nc,dominicamaria,dominicamaria:267:669,2018-03-03T00:00:00,16367,30,False,0.0,0.0,0.0,0.0,0.4990835217205352,0.9981670434410704,16337,0,30,0,0.0
few_shot_s2027,2027,few_shot,dominicamaria_s2_1176.nc,dominicamaria,dominicamaria:267:670,2017-11-23T00:00:00,16380,0,True,0.0,0.0,0.0,0.0,0.5,1.0,16380,0,0,0,
few_shot_s2027,2027,few_shot,dominicamaria_s2_1177.nc,dominicamaria,dominicamaria:267:670,2017-11-23T00:00:00,16384,0,True,0.0,0.0,0.0,0.0,0.5,1.0,16384,0,0,0,
few_shot_s2027,2027,few_shot,dominicamaria_s2_1178.nc,dominicamaria,dominicamaria:267:671,2017-10-29T00:00:00,16236,0,True,0.0,0.0,0.0,0.0,0.5,1.0,16236,0,0,0,
few_shot_s2027,2027,few_shot,dominicamaria_s2_1179.nc,dominicamaria,dominicamaria:267:671,2018-01-02T00:00:00,16367,0,True,0.0,0.0,0.0,0.0,0.5,1.0,16367,0,0,0,
few_shot_s2027,2027,few_shot,dominicamaria_s2_1180.nc,dominicamaria,dominicamaria:267:672,2017-10-19T00:00:00,16384,0,True,0.0,0.0,0.0,0.0,0.5,1.0,16384,0,0,0,
few_shot_s2027,2027,few_shot,dominicamaria_s2_1181.nc,dominicamaria,dominicamaria:267:672,2017-10-09T00:00:00,16384,0,True,0.0,0.0,0.0,0.0,0.5,1.0,16384,0,0,0,
few_shot_s2027,2027,few_shot,dominicamaria_s2_1182.nc,dominicamaria,dominicamaria:267:673,2017-10-09T00:00:00,16384,0,True,0.0,0.0,0.0,0.0,0.5,1.0,16384,0,0,0,
few_shot_s2027,2027,few_shot,dominicamaria_s2_1183.nc,dominicamaria,dominicamaria:267:673,2017-10-09T00:00:00,16384,0,True,0.0,0.0,0.0,0.0,0.5,1.0,16384,0,0,0,
few_shot_s2027,2027,few_shot,dominicamaria_s2_1184.nc,dominicamaria,dominicamaria:267:674,2017-10-09T00:00:00,16384,0,True,0.0,0.0,0.0,0.0,0.5,1.0,16384,0,0,0,
few_shot_s2027,2027,few_shot,dominicamaria_s2_1186.nc,dominicamaria,dominicamaria:267:675,2017-10-19T00:00:00,16384,0,True,0.0,0.0,0.0,0.0,0.5,1.0,16384,0,0,0,
few_shot_s2027,2027,few_shot,dominicamaria_s2_1187.nc,dominicamaria,dominicamaria:267:675,2017-10-09T00:00:00,16384,0,True,0.0,0.0,0.0,0.0,0.5,1.0,16384,0,0,0,
few_shot_s2027,2027,few_shot,dominicamaria_s2_1188.nc,dominicamaria,dominicamaria:267:676,2017-10-09T00:00:00,16384,0,True,0.0,0.0,0.0,0.0,0.5,1.0,16384,0,0,0,
few_shot_s2027,2027,few_shot,dominicamaria_s2_1189.nc,dominicamaria,dominicamaria:267:676,2017-11-03T00:00:00,16384,0,True,0.0,0.0,0.0,0.0,0.5,1.0,16384,0,0,0,
few_shot_s2027,2027,few_shot,dominicamaria_s2_1191.nc,dominicamaria,dominicamaria:267:677,2017-10-09T00:00:00,16384,0,True,0.0,0.0,0.0,0.0,0.5,1.0,16384,0,0,0,
few_shot_s2027,2027,few_shot,dominicamaria_s2_1192.nc,dominicamaria,dominicamaria:267:678,2017-10-09T00:00:00,16384,0,True,0.0,0.0,0.0,0.0,0.5,1.0,16384,0,0,0,
few_shot_s2027,2027,few_shot,dominicamaria_s2_1194.nc,dominicamaria,dominicamaria:267:679,2017-10-09T00:00:00,16384,0,True,0.0,0.0,0.0,0.0,0.5,1.0,16384,0,0,0,
few_shot_s2027,2027,few_shot,dominicamaria_s2_119.nc,dominicamaria,dominicamaria:257:661,2017-10-14T00:00:00,16384,0,True,0.0,0.0,0.0,0.0,0.5,1.0,16384,0,0,0,
few_shot_s2027,2027,few_shot,dominicamaria_s2_1200.nc,dominicamaria,dominicamaria:267:656,2017-10-09T00:00:00,16384,0,True,0.0,0.0,0.0,0.0,0.5,1.0,16384,0,0,0,
few_shot_s2027,2027,few_shot,dominicamaria_s2_1202.nc,dominicamaria,dominicamaria:267:657,2017-11-03T00:00:00,16384,0,True,0.0,0.0,0.0,0.0,0.5,1.0,16384,0,0,0,
few_shot_s2027,2027,few_shot,dominicamaria_s2_1203.nc,dominicamaria,dominicamaria:267:657,2017-11-03T00:00:00,16384,0,True,0.0,0.0,0.0,0.0,0.5,1.0,16384,0,0,0,
few_shot_s2027,2027,few_shot,dominicamaria_s2_1205.nc,dominicamaria,dominicamaria:267:658,2017-12-13T00:00:00,16345,957,False,0.0,0.0,0.0,0.0,0.47029672682777607,0.9405934536555521,15374,14,957,0,0.0
few_shot_s2027,2027,few_shot,dominicamaria_s2_1206.nc,dominicamaria,dominicamaria:267:659,2018-02-01T00:00:00,16384,1977,False,0.0024925224327018943,0.004972650422675286,0.14705882352941177,0.0025290844714213456,0.44016194593458774,0.87786865234375,14378,29,1972,5,0.0024925224327018943
few_shot_s2027,2027,few_shot,dominicamaria_s2_1207.nc,dominicamaria,dominicamaria:267:659,2018-02-01T00:00:00,16209,366,False,0.012755102040816327,0.02518891687657431,0.02336448598130841,0.0273224043715847,0.4824871874177166,0.9522487506940589,15425,418,356,10,0.012755102040816327
few_shot_s2027,2027,few_shot,dominicamaria_s2_1208.nc,dominicamaria,dominicamaria:267:660,2018-02-01T00:00:00,16168,1877,False,0.05930656934306569,0.1119724375538329,0.29213483146067415,0.06925945657964838,0.46536846112745,0.8724641266699653,13976,315,1747,130,0.05930656934306569
few_shot_s2027,2027,few_shot,dominicamaria_s2_1209.nc,dominicamaria,dominicamaria:267:660,2018-02-01T00:00:00,16364,266,False,0.0,0.0,0.0,0.0,0.49150574431679295,0.9830114886335859,16086,12,266,0,0.0
few_shot_s2027,2027,few_shot,dominicamaria_s2_1210.nc,dominicamaria,dominicamaria:267:661,2018-02-01T00:00:00,16292,0,True,0.0,0.0,0.0,0.0,0.48456297569359197,0.9691259513871839,15789,503,0,0,
few_shot_s2027,2027,few_shot,dominicamaria_s2_1212.nc,dominicamaria,dominicamaria:267:662,2018-02-01T00:00:00,16283,354,False,0.019553072625698324,0.038356164383561646,0.6363636363636364,0.01977401129943503,0.4989937887090153,0.9784437757170055,15925,4,347,7,0.019553072625698324
few_shot_s2027,2027,few_shot,dominicamaria_s2_1213.nc,dominicamaria,dominicamaria:267:662,2018-02-01T00:00:00,16384,204,False,0.0,0.0,0.0,0.0,0.492279052734375,0.98455810546875,16131,49,204,0,0.0
few_shot_s2027,2027,few_shot,dominicamaria_s2_1214.nc,dominicamaria,dominicamaria:267:663,2018-02-01T00:00:00,16374,921,False,0.060660124888492414,0.11438183347350715,0.2537313432835821,0.0738327904451683,0.4980413343686912,0.935690729204837,15253,200,853,68,0.060660124888492414
few_shot_s2027,2027,few_shot,dominicamaria_s2_1215.nc,dominicamaria,dominicamaria:267:663,2018-02-01T00:00:00,16384,1169,False,0.0,0.0,0.0,0.0,0.46417236328125,0.9283447265625,15210,5,1169,0,0.0
few_shot_s2027,2027,few_shot,dominicamaria_s2_1216.nc,dominicamaria,dominicamaria:267:664,2018-02-01T00:00:00,16286,561,False,0.0,0.0,0.0,0.0,0.4827152155225347,0.9654304310450694,15723,2,561,0,0.0
few_shot_s2027,2027,few_shot,dominicamaria_s2_121.nc,dominicamaria,dominicamaria:257:662,2017-10-14T00:00:00,16384,0,True,0.0,0.0,0.0,0.0,0.5,1.0,16384,0,0,0,
few_shot_s2027,2027,few_shot,dominicamaria_s2_1220.nc,dominicamaria,dominicamaria:267:666,2018-02-01T00:00:00,16292,0,True,0.0,0.0,0.0,0.0,0.5,1.0,16292,0,0,0,
few_shot_s2027,2027,few_shot,dominicamaria_s2_1221.nc,dominicamaria,dominicamaria:267:666,2018-02-01T00:00:00,16383,0,True,0.0,0.0,0.0,0.0,0.5,1.0,16383,0,0,0,
few_shot_s2027,2027,few_shot,dominicamaria_s2_1222.nc,dominicamaria,dominicamaria:267:667,2018-02-01T00:00:00,16384,0,True,0.0,0.0,0.0,0.0,0.482940673828125,0.96588134765625,15825,559,0,0,
few_shot_s2027,2027,few_shot,dominicamaria_s2_1223.nc,dominicamaria,dominicamaria:267:667,2018-02-01T00:00:00,16374,692,False,0.01267605633802817,0.025034770514603615,0.3333333333333333,0.01300578034682081,0.48492036852953957,0.9571882252351288,15664,18,683,9,0.01267605633802817
few_shot_s2027,2027,few_shot,dominicamaria_s2_1224.nc,dominicamaria,dominicamaria:267:668,2018-02-01T00:00:00,16352,683,False,0.005856515373352855,0.011644832605531296,1.0,0.005856515373352855,0.4821611913788712,0.9584760273972602,15669,0,679,4,0.005856515373352855
few_shot_s2027,2027,few_shot,dominicamaria_s2_1225.nc,dominicamaria,dominicamaria:267:668,2018-02-16T00:00:00,16356,219,False,0.0,0.0,0.0,0.0,0.4904316458791881,0.9808632917583762,16043,94,219,0,0.0
few_shot_s2027,2027,few_shot,dominicamaria_s2_1226.nc,dominicamaria,dominicamaria:267:669,2018-02-01T00:00:00,16373,58,False,0.0,0.0,0.0,0.0,0.49755695352104073,0.9951139070420815,16293,22,58,0,0.0
few_shot_s2027,2027,few_shot,dominicamaria_s2_1227.nc,dominicamaria,dominicamaria:267:669,2018-02-01T00:00:00,16384,0,True,0.0,0.0,0.0,0.0,0.49993896484375,0.9998779296875,16382,2,0,0,
few_shot_s2027,2027,few_shot,dominicamaria_s2_1228.nc,dominicamaria,dominicamaria:267:670,2017-11-03T00:00:00,16145,4,False,0.0,0.0,0.0,0.0,0.49962836791576337,0.9992567358315267,16133,8,4,0,0.0
few_shot_s2027,2027,few_shot,dominicamaria_s2_1229.nc,dominicamaria,dominicamaria:267:670,2017-10-29T00:00:00,16078,0,True,0.0,0.0,0.0,0.0,0.4999378032093544,0.9998756064187088,16076,2,0,0,
few_shot_s2027,2027,few_shot,dominicamaria_s2_122.nc,dominicamaria,dominicamaria:257:663,2017-10-14T00:00:00,16384,0,True,0.0,0.0,0.0,0.0,0.5,1.0,16384,0,0,0,
few_shot_s2027,2027,few_shot,dominicamaria_s2_1231.nc,dominicamaria,dominicamaria:267:671,2017-10-09T00:00:00,16384,0,True,0.0,0.0,0.0,0.0,0.5,1.0,16384,0,0,0,
few_shot_s2027,2027,few_shot,dominicamaria_s2_1232.nc,dominicamaria,dominicamaria:267:672,2017-10-09T00:00:00,16384,0,True,0.0,0.0,0.0,0.0,0.5,1.0,16384,0,0,0,
few_shot_s2027,2027,few_shot,dominicamaria_s2_1233.nc,dominicamaria,dominicamaria:267:672,2017-10-09T00:00:00,16384,0,True,0.0,0.0,0.0,0.0,0.5,1.0,16384,0,0,0,
few_shot_s2027,2027,few_shot,dominicamaria_s2_1235.nc,dominicamaria,dominicamaria:267:673,2017-10-09T00:00:00,16384,0,True,0.0,0.0,0.0,0.0,0.5,1.0,16384,0,0,0,
few_shot_s2027,2027,few_shot,dominicamaria_s2_1239.nc,dominicamaria,dominicamaria:267:675,2017-11-03T00:00:00,16384,0,True,0.0,0.0,0.0,0.0,0.5,1.0,16384,0,0,0,
few_shot_s2027,2027,few_shot,dominicamaria_s2_123.nc,dominicamaria,dominicamaria:257:663,2017-10-14T00:00:00,16384,0,True,0.0,0.0,0.0,0.0,0.5,1.0,16384,0,0,0,
few_shot_s2027,2027,few_shot,dominicamaria_s2_1240.nc,dominicamaria,dominicamaria:267:676,2017-11-03T00:00:00,16384,0,True,0.0,0.0,0.0,0.0,0.5,1.0,16384,0,0,0,
few_shot_s2027,2027,few_shot,dominicamaria_s2_1241.nc,dominicamaria,dominicamaria:267:676,2017-10-09T00:00:00,16384,0,True,0.0,0.0,0.0,0.0,0.5,1.0,16384,0,0,0,
few_shot_s2027,2027,few_shot,dominicamaria_s2_1242.nc,dominicamaria,dominicamaria:267:677,2017-10-09T00:00:00,16384,0,True,0.0,0.0,0.0,0.0,0.5,1.0,16384,0,0,0,
few_shot_s2027,2027,few_shot,dominicamaria_s2_1244.nc,dominicamaria,dominicamaria:267:678,2017-10-09T00:00:00,16384,0,True,0.0,0.0,0.0,0.0,0.5,1.0,16384,0,0,0,
few_shot_s2027,2027,few_shot,dominicamaria_s2_1245.nc,dominicamaria,dominicamaria:267:678,2017-10-09T00:00:00,16384,0,True,0.0,0.0,0.0,0.0,0.4974365234375,0.994873046875,16300,84,0,0,
few_shot_s2027,2027,few_shot,dominicamaria_s2_1246.nc,dominicamaria,dominicamaria:267:679,2017-10-09T00:00:00,16384,0,True,0.0,0.0,0.0,0.0,0.5,1.0,16384,0,0,0,
few_shot_s2027,2027,few_shot,dominicamaria_s2_1249.nc,dominicamaria,dominicamaria:268:654,2017-10-09T00:00:00,16384,0,True,0.0,0.0,0.0,0.0,0.5,1.0,16384,0,0,0,
few_shot_s2027,2027,few_shot,dominicamaria_s2_124.nc,dominicamaria,dominicamaria:257:664,2017-10-14T00:00:00,16384,0,True,0.0,0.0,0.0,0.0,0.5,1.0,16384,0,0,0,
few_shot_s2027,2027,few_shot,dominicamaria_s2_1250.nc,dominicamaria,dominicamaria:268:655,2017-10-09T00:00:00,16384,0,True,0.0,0.0,0.0,0.0,0.5,1.0,16384,0,0,0,
few_shot_s2027,2027,few_shot,dominicamaria_s2_1251.nc,dominicamaria,dominicamaria:268:655,2017-10-09T00:00:00,16384,0,True,0.0,0.0,0.0,0.0,0.5,1.0,16384,0,0,0,
few_shot_s2027,2027,few_shot,dominicamaria_s2_1252.nc,dominicamaria,dominicamaria:268:656,2017-10-09T00:00:00,16384,0,True,0.0,0.0,0.0,0.0,0.5,1.0,16384,0,0,0,
few_shot_s2027,2027,few_shot,dominicamaria_s2_1253.nc,dominicamaria,dominicamaria:268:656,2017-10-09T00:00:00,16384,0,True,0.0,0.0,0.0,0.0,0.5,1.0,16384,0,0,0,
few_shot_s2028,2028,few_shot,dominicamaria_s2_1000.nc,dominicamaria,dominicamaria:265:660,2018-02-01T00:00:00,16306,440,False,0.11507479861910241,0.20639834881320948,0.1890359168241966,0.22727272727272727,0.5338116187344555,0.9528394456028456,15437,429,340,100,0.11507479861910241
few_shot_s2028,2028,few_shot,dominicamaria_s2_1001.nc,dominicamaria,dominicamaria:265:660,2018-02-01T00:00:00,15936,453,False,0.0,0.0,0.0,0.0,0.48158258032128515,0.9631651606425703,15349,134,453,0,0.0
few_shot_s2028,2028,few_shot,dominicamaria_s2_1002.nc,dominicamaria,dominicamaria:265:661,2018-02-01T00:00:00,16343,525,False,0.055944055944055944,0.10596026490066225,0.4050632911392405,0.06095238095238095,0.5114187816965085,0.9669583307838219,15771,47,493,32,0.055944055944055944
few_shot_s2028,2028,few_shot,dominicamaria_s2_1003.nc,dominicamaria,dominicamaria:265:661,2018-02-01T00:00:00,16311,430,False,0.0,0.0,0.0,0.0,0.47881797559928885,0.9576359511985777,15620,261,430,0,0.0
few_shot_s2028,2028,few_shot,dominicamaria_s2_1004.nc,dominicamaria,dominicamaria:265:662,2018-02-01T00:00:00,16380,0,True,0.0,0.0,0.0,0.0,0.49862637362637363,0.9972527472527473,16335,45,0,0,
few_shot_s2028,2028,few_shot,dominicamaria_s2_1005.nc,dominicamaria,dominicamaria:265:662,2018-02-01T00:00:00,16261,11,False,0.0,0.0,0.0,0.0,0.4990775475063034,0.9981550950126068,16231,19,11,0,0.0
few_shot_s2028,2028,few_shot,dominicamaria_s2_1007.nc,dominicamaria,dominicamaria:265:663,2018-02-01T00:00:00,14528,0,True,0.0,0.0,0.0,0.0,0.5,1.0,14528,0,0,0,
few_shot_s2028,2028,few_shot,dominicamaria_s2_1009.nc,dominicamaria,dominicamaria:265:664,2018-02-01T00:00:00,15628,19,False,0.0,0.0,0.0,0.0,0.499392116713591,0.998784233427182,15609,0,19,0,0.0
few_shot_s2028,2028,few_shot,dominicamaria_s2_1010.nc,dominicamaria,dominicamaria:265:665,2018-02-01T00:00:00,16384,79,False,0.0,0.0,0.0,0.0,0.497589111328125,0.99517822265625,16305,0,79,0,0.0
few_shot_s2028,2028,few_shot,dominicamaria_s2_1011.nc,dominicamaria,dominicamaria:265:665,2018-02-01T00:00:00,16384,0,True,0.0,0.0,0.0,0.0,0.5,1.0,16384,0,0,0,
few_shot_s2028,2028,few_shot,dominicamaria_s2_1012.nc,dominicamaria,dominicamaria:265:666,2018-02-01T00:00:00,16336,16,False,0.0,0.0,0.0,0.0,0.49951028403525954,0.9990205680705191,16320,0,16,0,0.0
few_shot_s2028,2028,few_shot,dominicamaria_s2_1013.nc,dominicamaria,dominicamaria:265:666,2018-02-01T00:00:00,16380,68,False,0.0,0.0,0.0,0.0,0.49792429792429793,0.9958485958485959,16312,0,68,0,0.0
few_shot_s2028,2028,few_shot,dominicamaria_s2_1015.nc,dominicamaria,dominicamaria:265:667,2018-02-01T00:00:00,16384,70,False,0.0,0.0,0.0,0.0,0.49786376953125,0.9957275390625,16314,0,70,0,0.0
few_shot_s2028,2028,few_shot,dominicamaria_s2_1016.nc,dominicamaria,dominicamaria:265:668,2018-02-01T00:00:00,16384,417,False,0.0,0.0,0.0,0.0,0.487274169921875,0.97454833984375,15967,0,417,0,0.0
few_shot_s2028,2028,few_shot,dominicamaria_s2_1017.nc,dominicamaria,dominicamaria:265:668,2018-02-01T00:00:00,16384,131,False,0.0,0.0,0.0,0.0,0.496002197265625,0.99200439453125,16253,0,131,0,0.0
few_shot_s2028,2028,few_shot,dominicamaria_s2_1018.nc,dominicamaria,dominicamaria:265:669,2018-02-01T00:00:00,16380,623,False,0.16844602609727166,0.2883248730964467,0.39226519337016574,0.22792937399678972,0.562637842461125,0.9572039072039072,15537,220,481,142,0.16844602609727166
few_shot_s2028,2028,few_shot,dominicamaria_s2_1019.nc,dominicamaria,dominicamaria:265:669,2018-02-01T00:00:00,16080,90,False,0.0,0.0,0.0,0.0,0.4971703980099503,0.9943407960199006,15989,1,90,0,0.0
few_shot_s2028,2028,few_shot,dominicamaria_s2_1020.nc,dominicamaria,dominicamaria:265:670,2017-10-09T00:00:00,16179,37,False,0.0,0.0,0.0,0.0,0.4988565424315471,0.9977130848630942,16142,0,37,0,0.0
few_shot_s2028,2028,few_shot,dominicamaria_s2_1021.nc,dominicamaria,dominicamaria:265:670,2017-11-18T00:00:00,16373,0,True,0.0,0.0,0.0,0.0,0.5,1.0,16373,0,0,0,
few_shot_s2028,2028,few_shot,dominicamaria_s2_1022.nc,dominicamaria,dominicamaria:265:671,2018-02-01T00:00:00,16305,24,False,0.06451612903225806,0.12121212121212122,0.2222222222222222,0.08333333333333333,0.5313686576584955,0.9982214044771542,16274,7,22,2,0.06451612903225806
few_shot_s2028,2028,few_shot,dominicamaria_s2_1030.nc,dominicamaria,dominicamaria:265:675,2017-10-09T00:00:00,16384,0,True,0.0,0.0,0.0,0.0,0.5,1.0,16384,0,0,0,
few_shot_s2028,2028,few_shot,dominicamaria_s2_1031.nc,dominicamaria,dominicamaria:265:675,2017-10-09T00:00:00,16384,0,True,0.0,0.0,0.0,0.0,0.5,1.0,16384,0,0,0,
few_shot_s2028,2028,few_shot,dominicamaria_s2_1032.nc,dominicamaria,dominicamaria:265:676,2017-10-09T00:00:00,16384,0,True,0.0,0.0,0.0,0.0,0.5,1.0,16384,0,0,0,
few_shot_s2028,2028,few_shot,dominicamaria_s2_1034.nc,dominicamaria,dominicamaria:265:677,2017-10-09T00:00:00,16384,0,True,0.0,0.0,0.0,0.0,0.5,1.0,16384,0,0,0,
few_shot_s2028,2028,few_shot,dominicamaria_s2_1036.nc,dominicamaria,dominicamaria:265:678,2017-10-09T00:00:00,16384,0,True,0.0,0.0,0.0,0.0,0.5,1.0,16384,0,0,0,
few_shot_s2028,2028,few_shot,dominicamaria_s2_1038.nc,dominicamaria,dominicamaria:265:679,2017-10-09T00:00:00,16384,0,True,0.0,0.0,0.0,0.0,0.5,1.0,16384,0,0,0,
few_shot_s2028,2028,few_shot,dominicamaria_s2_1041.nc,dominicamaria,dominicamaria:266:654,2017-10-09T00:00:00,16384,0,True,0.0,0.0,0.0,0.0,0.5,1.0,16384,0,0,0,
few_shot_s2028,2028,few_shot,dominicamaria_s2_1043.nc,dominicamaria,dominicamaria:266:655,2017-10-09T00:00:00,16384,0,True,0.0,0.0,0.0,0.0,0.5,1.0,16384,0,0,0,
few_shot_s2028,2028,few_shot,dominicamaria_s2_1044.nc,dominicamaria,dominicamaria:266:656,2017-10-09T00:00:00,16384,0,True,0.0,0.0,0.0,0.0,0.5,1.0,16384,0,0,0,
few_shot_s2028,2028,few_shot,dominicamaria_s2_1047.nc,dominicamaria,dominicamaria:266:657,2017-11-23T00:00:00,16344,38,False,0.0,0.0,0.0,0.0,0.49883749388154675,0.9976749877630935,16306,0,38,0,0.0
few_shot_s2028,2028,few_shot,dominicamaria_s2_1048.nc,dominicamaria,dominicamaria:266:658,2017-12-13T00:00:00,16307,107,False,0.0,0.0,0.0,0.0,0.4957073649353039,0.9914147298706077,16167,33,107,0,0.0
few_shot_s2028,2028,few_shot,dominicamaria_s2_1049.nc,dominicamaria,dominicamaria:266:658,2018-02-01T00:00:00,16251,1404,False,0.014809590973201692,0.029186935371785964,0.6,0.014957264957264958,0.46436721076694587,0.9140360593194264,14833,14,1383,21,0.014809590973201692
few_shot_s2028,2028,few_shot,dominicamaria_s2_1050.nc,dominicamaria,dominicamaria:266:659,2018-02-01T00:00:00,15970,4528,False,0.040474243663123466,0.07779960707269155,0.35231316725978645,0.04372791519434629,0.37142910762917775,0.7060738885410144,11078,364,4330,198,0.040474243663123466
few_shot_s2028,2028,few_shot,dominicamaria_s2_1051.nc,dominicamaria,dominicamaria:266:659,2018-02-01T00:00:00,16201,610,False,0.016819571865443424,0.03308270676691729,0.2,0.018032786885245903,0.4885518489345747,0.9603110919079069,15547,44,599,11,0.016819571865443424
few_shot_s2028,2028,few_shot,dominicamaria_s2_1052.nc,dominicamaria,dominicamaria:266:660,2018-02-01T00:00:00,16337,56,False,0.0,0.0,0.0,0.0,0.48215706678092674,0.9643141335618535,15754,527,56,0,0.0
few_shot_s2028,2028,few_shot,dominicamaria_s2_1053.nc,dominicamaria,dominicamaria:266:660,2018-02-01T00:00:00,16279,427,False,0.0949367088607595,0.17341040462427745,0.22641509433962265,0.1405152224824356,0.5298347148718373,0.9648627065544567,15647,205,367,60,0.0949367088607595
few_shot_s2028,2028,few_shot,dominicamaria_s2_1054.nc,dominicamaria,dominicamaria:266:661,2018-02-01T00:00:00,15944,13,False,0.0,0.0,0.0,0.0,0.48312844957350726,0.9662568991470145,15406,525,13,0,0.0
few_shot_s2028,2028,few_shot,dominicamaria_s2_1055.nc,dominicamaria,dominicamaria:266:661,2018-02-01T00:00:00,16326,0,True,0.0,0.0,0.0,0.0,0.4947629547960309,0.9895259095920618,16155,171,0,0,
few_shot_s2028,2028,few_shot,dominicamaria_s2_1057.nc,dominicamaria,dominicamaria:266:662,2018-02-01T00:00:00,14233,0,True,0.0,0.0,0.0,0.0,0.5,1.0,14233,0,0,0,
few_shot_s2028,2028,few_shot,dominicamaria_s2_1058.nc,dominicamaria,dominicamaria:266:663,2018-02-01T00:00:00,14317,32,False,0.0,0.0,0.0,0.0,0.4988824474401062,0.9977648948802124,14285,0,32,0,0.0
few_shot_s2028,2028,few_shot,dominicamaria_s2_105.nc,dominicamaria,dominicamaria:257:654,2017-11-03T00:00:00,16384,0,True,0.0,0.0,0.0,0.0,0.5,1.0,16384,0,0,0,
few_shot_s2028,2028,few_shot,dominicamaria_s2_1061.nc,dominicamaria,dominicamaria:266:664,2018-01-02T00:00:00,16347,0,True,0.0,0.0,0.0,0.0,0.5,1.0,16347,0,0,0,
few_shot_s2028,2028,few_shot,dominicamaria_s2_1062.nc,dominicamaria,dominicamaria:266:665,2018-02-01T00:00:00,16370,131,False,0.0,0.0,0.0,0.0,0.4959987782529017,0.9919975565058033,16239,0,131,0,0.0
few_shot_s2028,2028,few_shot,dominicamaria_s2_1063.nc,dominicamaria,dominicamaria:266:665,2018-02-01T00:00:00,16380,143,False,0.0,0.0,0.0,0.0,0.49563492063492065,0.9912698412698413,16237,0,143,0,0.0
few_shot_s2028,2028,few_shot,dominicamaria_s2_1064.nc,dominicamaria,dominicamaria:266:666,2018-02-01T00:00:00,16384,371,False,0.0,0.0,0.0,0.0,0.488494873046875,0.97698974609375,16007,6,371,0,0.0
few_shot_s2028,2028,few_shot,dominicamaria_s2_1065.nc,dominicamaria,dominicamaria:266:666,2018-02-01T00:00:00,16362,212,False,0.08333333333333333,0.15384615384615385,0.5428571428571428,0.08962264150943396,0.5352724917905729,0.9872265004278206,16134,16,193,19,0.08333333333333333
few_shot_s2028,2028,few_shot,dominicamaria_s2_1066.nc,dominicamaria,dominicamaria:266:667,2018-02-01T00:00:00,16380,17,False,0.0,0.0,0.0,0.0,0.4989010989010989,0.9978021978021978,16344,19,17,0,0.0
few_shot_s2028,2028,few_shot,dominicamaria_s2_1067.nc,dominicamaria,dominicamaria:266:667,2018-02-01T00:00:00,16376,222,False,0.0,0.0,0.0,0.0,0.4932217879824133,0.9864435759648266,16154,0,222,0,0.0
few_shot_s2028,2028,few_shot,dominicamaria_s2_1068.nc,dominicamaria,dominicamaria:266:668,2018-02-01T00:00:00,16364,609,False,0.0,0.0,0.0,0.0,0.4813920801759961,0.9627841603519922,15755,0,609,0,0.0
few_shot_s2028,2028,few_shot,dominicamaria_s2_1069.nc,dominicamaria,dominicamaria:266:668,2018-02-01T00:00:00,16372,94,False,0.1206896551724138,0.2153846153846154,0.3888888888888889,0.14893617021276595,0.5572270870311268,0.9937698509650623,16256,22,80,14,0.1206896551724138
few_shot_s2028,2028,few_shot,dominicamaria_s2_106.nc,dominicamaria,dominicamaria:257:655,2017-10-14T00:00:00,16384,0,True,0.0,0.0,0.0,0.0,0.5,1.0,16384,0,0,0,
few_shot_s2028,2028,few_shot,dominicamaria_s2_1070.nc,dominicamaria,dominicamaria:266:669,2018-02-01T00:00:00,16384,100,False,0.0,0.0,0.0,0.0,0.4969482421875,0.993896484375,16284,0,100,0,0.0
few_shot_s2028,2028,few_shot,dominicamaria_s2_1071.nc,dominicamaria,dominicamaria:266:669,2018-02-01T00:00:00,16376,343,False,0.14942528735632185,0.26,0.9122807017543859,0.15160349854227406,0.5656462383853406,0.9819247679531021,16028,5,291,52,0.14942528735632185
few_shot_s2028,2028,few_shot,dominicamaria_s2_1072.nc,dominicamaria,dominicamaria:266:670,2017-11-18T00:00:00,15940,70,False,0.0,0.0,0.0,0.0,0.4978042659974906,0.9956085319949812,15870,0,70,0,0.0
few_shot_s2028,2028,few_shot,dominicamaria_s2_1075.nc,dominicamaria,dominicamaria:266:671,2017-11-23T00:00:00,16297,0,True,0.0,0.0,0.0,0.0,0.5,1.0,16297,0,0,0,
few_shot_s2028,2028,few_shot,dominicamaria_s2_1076.nc,dominicamaria,dominicamaria:266:672,2017-12-13T00:00:00,16384,0,True,0.0,0.0,0.0,0.0,0.499359130859375,0.99871826171875,16363,21,0,0,
few_shot_s2028,2028,few_shot,dominicamaria_s2_1077.nc,dominicamaria,dominicamaria:266:672,2018-03-18T00:00:00,16243,0,True,0.0,0.0,0.0,0.0,0.4983377454903651,0.9966754909807302,16189,54,0,0,
few_shot_s2028,2028,few_shot,dominicamaria_s2_1078.nc,dominicamaria,dominicamaria:266:673,2017-10-09T00:00:00,16149,0,True,0.0,0.0,0.0,0.0,0.5,1.0,16149,0,0,0,
few_shot_s2028,2028,few_shot,dominicamaria_s2_1079.nc,dominicamaria,dominicamaria:266:673,2017-10-09T00:00:00,16384,0,True,0.0,0.0,0.0,0.0,0.5,1.0,16384,0,0,0,
few_shot_s2028,2028,few_shot,dominicamaria_s2_107.nc,dominicamaria,dominicamaria:257:655,2017-10-14T00:00:00,16384,0,True,0.0,0.0,0.0,0.0,0.5,1.0,16384,0,0,0,
few_shot_s2028,2028,few_shot,dominicamaria_s2_1080.nc,dominicamaria,dominicamaria:266:674,2017-10-09T00:00:00,16384,0,True,0.0,0.0,0.0,0.0,0.5,1.0,16384,0,0,0,
few_shot_s2028,2028,few_shot,dominicamaria_s2_1081.nc,dominicamaria,dominicamaria:266:674,2017-10-09T00:00:00,16384,0,True,0.0,0.0,0.0,0.0,0.5,1.0,16384,0,0,0,
few_shot_s2028,2028,few_shot,dominicamaria_s2_1082.nc,dominicamaria,dominicamaria:266:675,2017-10-09T00:00:00,16384,0,True,0.0,0.0,0.0,0.0,0.5,1.0,16384,0,0,0,
few_shot_s2028,2028,few_shot,dominicamaria_s2_1083.nc,dominicamaria,dominicamaria:266:675,2017-10-09T00:00:00,16384,0,True,0.0,0.0,0.0,0.0,0.5,1.0,16384,0,0,0,
few_shot_s2028,2028,few_shot,dominicamaria_s2_1084.nc,dominicamaria,dominicamaria:266:676,2017-10-09T00:00:00,16384,0,True,0.0,0.0,0.0,0.0,0.5,1.0,16384,0,0,0,
few_shot_s2028,2028,few_shot,dominicamaria_s2_1089.nc,dominicamaria,dominicamaria:266:678,2017-10-09T00:00:00,16384,0,True,0.0,0.0,0.0,0.0,0.5,1.0,16384,0,0,0,
few_shot_s2028,2028,few_shot,dominicamaria_s2_108.nc,dominicamaria,dominicamaria:257:656,2017-10-14T00:00:00,16384,0,True,0.0,0.0,0.0,0.0,0.5,1.0,16384,0,0,0,
few_shot_s2028,2028,few_shot,dominicamaria_s2_1090.nc,dominicamaria,dominicamaria:266:679,2017-10-09T00:00:00,16384,0,True,0.0,0.0,0.0,0.0,0.5,1.0,16384,0,0,0,
few_shot_s2028,2028,few_shot,dominicamaria_s2_1093.nc,dominicamaria,dominicamaria:266:654,2017-10-09T00:00:00,16384,0,True,0.0,0.0,0.0,0.0,0.5,1.0,16384,0,0,0,
few_shot_s2028,2028,few_shot,dominicamaria_s2_1094.nc,dominicamaria,dominicamaria:266:655,2017-10-09T00:00:00,16384,0,True,0.0,0.0,0.0,0.0,0.5,1.0,16384,0,0,0,
few_shot_s2028,2028,few_shot,dominicamaria_s2_1096.nc,dominicamaria,dominicamaria:266:656,2017-10-09T00:00:00,16384,0,True,0.0,0.0,0.0,0.0,0.5,1.0,16384,0,0,0,
few_shot_s2028,2028,few_shot,dominicamaria_s2_1097.nc,dominicamaria,dominicamaria:266:656,2017-10-09T00:00:00,16384,0,True,0.0,0.0,0.0,0.0,0.5,1.0,16384,0,0,0,
few_shot_s2028,2028,few_shot,dominicamaria_s2_1098.nc,dominicamaria,dominicamaria:266:657,2017-11-03T00:00:00,16384,0,True,0.0,0.0,0.0,0.0,0.5,1.0,16384,0,0,0,
few_shot_s2028,2028,few_shot,dominicamaria_s2_1099.nc,dominicamaria,dominicamaria:266:657,2017-11-03T00:00:00,16384,0,True,0.0,0.0,0.0,0.0,0.5,1.0,16384,0,0,0,
few_shot_s2028,2028,few_shot,dominicamaria_s2_109.nc,dominicamaria,dominicamaria:257:656,2017-10-14T00:00:00,16384,0,True,0.0,0.0,0.0,0.0,0.5,1.0,16384,0,0,0,
few_shot_s2028,2028,few_shot,dominicamaria_s2_1100.nc,dominicamaria,dominicamaria:266:658,2017-10-09T00:00:00,16384,0,True,0.0,0.0,0.0,0.0,0.5,1.0,16384,0,0,0,
few_shot_s2028,2028,few_shot,dominicamaria_s2_1101.nc,dominicamaria,dominicamaria:266:658,2017-11-23T00:00:00,16210,1451,False,0.04045853000674309,0.07777057679844458,0.6521739130434783,0.04135079255685734,0.47617353744919194,0.9122146822948797,14727,32,1391,60,0.04045853000674309
few_shot_s2028,2028,few_shot,dominicamaria_s2_1102.nc,dominicamaria,dominicamaria:266:659,2018-02-01T00:00:00,16352,2312,False,0.13168395849960096,0.23272214386459802,0.6297709923664122,0.14273356401384082,0.4979353508638312,0.8669275929549902,13846,194,1982,330,0.13168395849960096
few_shot_s2028,2028,few_shot,dominicamaria_s2_1103.nc,dominicamaria,dominicamaria:266:659,2018-02-01T00:00:00,16008,772,False,0.035748792270531404,0.06902985074626866,0.12333333333333334,0.04792746113989637,0.4866302661496668,0.9376561719140429,14973,263,735,37,0.035748792270531404
few_shot_s2028,2028,few_shot,dominicamaria_s2_1104.nc,dominicamaria,dominicamaria:266:660,2018-02-01T00:00:00,16376,111,False,0.0,0.0,0.0,0.0,0.4943820224719101,0.9887640449438202,16192,73,111,0,0.0
few_shot_s2028,2028,few_shot,dominicamaria_s2_1105.nc,dominicamaria,dominicamaria:266:660,2018-02-01T00:00:00,16380,193,False,0.031746031746031744,0.06153846153846154,0.11940298507462686,0.04145077720207254,0.5084212689880904,0.9851037851037852,16128,59,185,8,0.031746031746031744
few_shot_s2028,2028,few_shot,dominicamaria_s2_1106.nc,dominicamaria,dominicamaria:266:661,2018-02-01T00:00:00,16342,312,False,0.0,0.0,0.0,0.0,0.485375107086036,0.970750214172072,15864,166,312,0,0.0
few_shot_s2028,2028,few_shot,dominicamaria_s2_1107.nc,dominicamaria,dominicamaria:266:661,2018-02-01T00:00:00,15928,73,False,0.014522821576763486,0.028629856850715747,0.015469613259668509,0.1917808219178082,0.4774134781504529,0.9403566047212456,14964,891,59,14,0.014522821576763486
few_shot_s2028,2028,few_shot,dominicamaria_s2_1108.nc,dominicamaria,dominicamaria:266:662,2018-02-01T00:00:00,14844,140,False,0.016042780748663103,0.031578947368421054,0.06,0.02142857142857143,0.501822347183172,0.9876044192939908,14657,47,137,3,0.016042780748663103
few_shot_s2028,2028,few_shot,dominicamaria_s2_1110.nc,dominicamaria,dominicamaria:266:663,2018-02-01T00:00:00,14688,385,False,0.0025906735751295338,0.00516795865633075,0.5,0.0025974025974025974,0.48818850761891225,0.9737881263616558,14302,1,384,1,0.0025906735751295338
few_shot_s2028,2028,few_shot,dominicamaria_s2_1111.nc,dominicamaria,dominicamaria:266:663,2017-11-23T00:00:00,14467,230,False,0.0,0.0,0.0,0.0,0.49205087440381556,0.9841017488076311,14237,0,230,0,0.0
few_shot_s2028,2028,few_shot,dominicamaria_s2_1112.nc,dominicamaria,dominicamaria:266:664,2017-11-23T00:00:00,15582,92,False,0.0967741935483871,0.17647058823529413,0.2727272727272727,0.13043478260869565,0.5447904365301345,0.9928122192273136,15458,32,80,12,0.0967741935483871
few_shot_s2028,2028,few_shot,dominicamaria_s2_1114.nc,dominicamaria,dominicamaria:266:665,2018-02-01T00:00:00,16384,213,False,0.0,0.0,0.0,0.0,0.493499755859375,0.98699951171875,16171,0,213,0,0.0
few_shot_s2028,2028,few_shot,dominicamaria_s2_1115.nc,dominicamaria,dominicamaria:266:665,2018-02-01T00:00:00,16288,42,False,0.0,0.0,0.0,0.0,0.49871070726915523,0.9974214145383105,16246,0,42,0,0.0
few_shot_s2028,2028,few_shot,dominicamaria_s2_1116.nc,dominicamaria,dominicamaria:266:666,2018-02-01T00:00:00,16376,408,False,0.0,0.0,0.0,0.0,0.487542745481192,0.975085490962384,15968,0,408,0,0.0
few_shot_s2028,2028,few_shot,dominicamaria_s2_1117.nc,dominicamaria,dominicamaria:266:666,2018-02-01T00:00:00,16368,41,False,0.10236220472440945,0.18571428571428572,0.1087866108786611,0.6341463414634146,0.5442052120183055,0.9860703812316716,16114,213,15,26,0.10236220472440945
few_shot_s2028,2028,few_shot,dominicamaria_s2_1118.nc,dominicamaria,dominicamaria:266:667,2018-02-01T00:00:00,16384,127,False,0.0,0.0,0.0,0.0,0.496124267578125,0.99224853515625,16257,0,127,0,0.0
few_shot_s2028,2028,few_shot,dominicamaria_s2_1119.nc,dominicamaria,dominicamaria:266:667,2018-02-01T00:00:00,16384,109,False,0.0,0.0,0.0,0.0,0.496673583984375,0.99334716796875,16275,0,109,0,0.0
few_shot_s2028,2028,few_shot,dominicamaria_s2_111.nc,dominicamaria,dominicamaria:257:657,2017-10-14T00:00:00,16384,0,True,0.0,0.0,0.0,0.0,0.5,1.0,16384,0,0,0,
few_shot_s2028,2028,few_shot,dominicamaria_s2_1120.nc,dominicamaria,dominicamaria:266:668,2018-02-01T00:00:00,16368,2,False,0.0,0.0,0.0,0.0,0.49993890518084066,0.9998778103616813,16366,0,2,0,0.0
few_shot_s2028,2028,few_shot,dominicamaria_s2_1121.nc,dominicamaria,dominicamaria:266:668,2018-02-01T00:00:00,16375,124,False,0.07857142857142857,0.1456953642384106,0.4074074074074074,0.08870967741935484,0.5353441352096937,0.9921221374045801,16235,16,113,11,0.07857142857142857
few_shot_s2028,2028,few_shot,dominicamaria_s2_1122.nc,dominicamaria,dominicamaria:266:669,2018-02-01T00:00:00,16384,52,False,0.0,0.0,0.0,0.0,0.4984130859375,0.996826171875,16332,0,52,0,0.0
few_shot_s2028,2028,few_shot,dominicamaria_s2_1123.nc,dominicamaria,dominicamaria:266:669,2018-02-01T00:00:00,16380,27,False,0.0,0.0,0.0,0.0,0.4991758241758242,0.9983516483516484,16353,0,27,0,0.0
few_shot_s2028,2028,few_shot,dominicamaria_s2_1124.nc,dominicamaria,dominicamaria:266:670,2018-02-01T00:00:00,16384,204,False,0.13658536585365855,0.24034334763948498,0.21374045801526717,0.27450980392156865,0.5574524085515231,0.9783935546875,15974,206,148,56,0.13658536585365855
few_shot_s2028,2028,few_shot,dominicamaria_s2_1127.nc,dominicamaria,dominicamaria:266:671,2017-11-18T00:00:00,16052,0,True,0.0,0.0,0.0,0.0,0.5,1.0,16052,0,0,0,
few_shot_s2028,2028,few_shot,dominicamaria_s2_1128.nc,dominicamaria,dominicamaria:266:672,2017-11-03T00:00:00,16161,0,True,0.0,0.0,0.0,0.0,0.5,1.0,16161,0,0,0,
few_shot_s2028,2028,few_shot,dominicamaria_s2_1129.nc,dominicamaria,dominicamaria:266:672,2017-10-09T00:00:00,16376,0,True,0.0,0.0,0.0,0.0,0.5,1.0,16376,0,0,0,
few_shot_s2028,2028,few_shot,dominicamaria_s2_1130.nc,dominicamaria,dominicamaria:266:673,2017-10-09T00:00:00,16384,0,True,0.0,0.0,0.0,0.0,0.5,1.0,16384,0,0,0,
few_shot_s2028,2028,few_shot,dominicamaria_s2_1131.nc,dominicamaria,dominicamaria:266:673,2017-10-09T00:00:00,16384,0,True,0.0,0.0,0.0,0.0,0.5,1.0,16384,0,0,0,
few_shot_s2028,2028,few_shot,dominicamaria_s2_1132.nc,dominicamaria,dominicamaria:266:674,2017-10-09T00:00:00,16384,0,True,0.0,0.0,0.0,0.0,0.5,1.0,16384,0,0,0,
few_shot_s2028,2028,few_shot,dominicamaria_s2_1134.nc,dominicamaria,dominicamaria:266:675,2017-10-09T00:00:00,16384,0,True,0.0,0.0,0.0,0.0,0.5,1.0,16384,0,0,0,
few_shot_s2028,2028,few_shot,dominicamaria_s2_1135.nc,dominicamaria,dominicamaria:266:675,2017-10-09T00:00:00,16384,0,True,0.0,0.0,0.0,0.0,0.5,1.0,16384,0,0,0,
few_shot_s2028,2028,few_shot,dominicamaria_s2_1136.nc,dominicamaria,dominicamaria:266:676,2017-10-09T00:00:00,16384,0,True,0.0,0.0,0.0,0.0,0.5,1.0,16384,0,0,0,
few_shot_s2028,2028,few_shot,dominicamaria_s2_1137.nc,dominicamaria,dominicamaria:266:676,2017-10-09T00:00:00,16384,0,True,0.0,0.0,0.0,0.0,0.5,1.0,16384,0,0,0,
few_shot_s2028,2028,few_shot,dominicamaria_s2_1138.nc,dominicamaria,dominicamaria:266:677,2017-10-09T00:00:00,16384,0,True,0.0,0.0,0.0,0.0,0.5,1.0,16384,0,0,0,
few_shot_s2028,2028,few_shot,dominicamaria_s2_1139.nc,dominicamaria,dominicamaria:266:677,2017-10-09T00:00:00,16384,0,True,0.0,0.0,0.0,0.0,0.5,1.0,16384,0,0,0,
few_shot_s2028,2028,few_shot,dominicamaria_s2_1140.nc,dominicamaria,dominicamaria:266:678,2017-10-09T00:00:00,16384,0,True,0.0,0.0,0.0,0.0,0.5,1.0,16384,0,0,0,
few_shot_s2028,2028,few_shot,dominicamaria_s2_1141.nc,dominicamaria,dominicamaria:266:678,2017-10-09T00:00:00,16384,0,True,0.0,0.0,0.0,0.0,0.5,1.0,16384,0,0,0,
few_shot_s2028,2028,few_shot,dominicamaria_s2_1142.nc,dominicamaria,dominicamaria:266:679,2017-10-09T00:00:00,16384,0,True,0.0,0.0,0.0,0.0,0.5,1.0,16384,0,0,0,
few_shot_s2028,2028,few_shot,dominicamaria_s2_1146.nc,dominicamaria,dominicamaria:267:655,2017-10-09T00:00:00,16384,0,True,0.0,0.0,0.0,0.0,0.5,1.0,16384,0,0,0,
few_shot_s2028,2028,few_shot,dominicamaria_s2_1147.nc,dominicamaria,dominicamaria:267:655,2017-10-09T00:00:00,16384,0,True,0.0,0.0,0.0,0.0,0.5,1.0,16384,0,0,0,
few_shot_s2028,2028,few_shot,dominicamaria_s2_1148.nc,dominicamaria,dominicamaria:267:656,2017-10-09T00:00:00,16384,0,True,0.0,0.0,0.0,0.0,0.5,1.0,16384,0,0,0,
few_shot_s2028,2028,few_shot,dominicamaria_s2_1149.nc,dominicamaria,dominicamaria:267:656,2017-10-09T00:00:00,16384,0,True,0.0,0.0,0.0,0.0,0.5,1.0,16384,0,0,0,
few_shot_s2028,2028,few_shot,dominicamaria_s2_1150.nc,dominicamaria,dominicamaria:267:657,2017-11-03T00:00:00,16384,0,True,0.0,0.0,0.0,0.0,0.5,1.0,16384,0,0,0,
few_shot_s2028,2028,few_shot,dominicamaria_s2_1151.nc,dominicamaria,dominicamaria:267:657,2017-11-03T00:00:00,16384,0,True,0.0,0.0,0.0,0.0,0.5,1.0,16384,0,0,0,
few_shot_s2028,2028,few_shot,dominicamaria_s2_1152.nc,dominicamaria,dominicamaria:267:658,2018-02-01T00:00:00,16384,0,True,0.0,0.0,0.0,0.0,0.5,1.0,16384,0,0,0,
few_shot_s2028,2028,few_shot,dominicamaria_s2_1153.nc,dominicamaria,dominicamaria:267:658,2017-11-23T00:00:00,16287,1501,False,0.01985440105890139,0.03893575600259572,0.75,0.019986675549633577,0.46437759113042254,0.9090685823049057,14776,10,1471,30,0.01985440105890139
few_shot_s2028,2028,few_shot,dominicamaria_s2_1154.nc,dominicamaria,dominicamaria:267:659,2018-02-01T00:00:00,16371,3096,False,0.036069651741293535,0.06962785114045618,0.4915254237288136,0.037467700258397935,0.422679550570739,0.8106407672103109,13155,120,2980,116,0.036069651741293535
few_shot_s2028,2028,few_shot,dominicamaria_s2_1155.nc,dominicamaria,dominicamaria:267:659,2018-02-01T00:00:00,16288,311,False,0.12171052631578948,0.21700879765395895,0.15589887640449437,0.35691318327974275,0.5360978915809645,0.9508226915520629,15376,601,200,111,0.12171052631578948
few_shot_s2028,2028,few_shot,dominicamaria_s2_1156.nc,dominicamaria,dominicamaria:267:660,2018-02-01T00:00:00,16110,244,False,0.0465587044534413,0.08897485493230174,0.08424908424908426,0.0942622950819672,0.5086402026028007,0.9707635009310986,15616,250,221,23,0.0465587044534413
few_shot_s2028,2028,few_shot,dominicamaria_s2_1157.nc,dominicamaria,dominicamaria:267:660,2018-02-01T00:00:00,16364,393,False,0.0,0.0,0.0,0.0,0.48744194573453925,0.9748838914690785,15953,18,393,0,0.0
few_shot_s2028,2028,few_shot,dominicamaria_s2_1158.nc,dominicamaria,dominicamaria:267:661,2018-02-01T00:00:00,16169,55,False,0.0,0.0,0.0,0.0,0.48633186962706415,0.9726637392541283,15727,387,55,0,0.0
few_shot_s2028,2028,few_shot,dominicamaria_s2_115.nc,dominicamaria,dominicamaria:257:659,2017-10-09T00:00:00,16384,0,True,0.0,0.0,0.0,0.0,0.5,1.0,16384,0,0,0,
few_shot_s2028,2028,few_shot,dominicamaria_s2_1160.nc,dominicamaria,dominicamaria:267:662,2018-02-01T00:00:00,16299,421,False,0.0025940337224383916,0.00517464424320828,0.005681818181818182,0.004750593824228029,0.4777037174809652,0.9528191913614332,15528,350,419,2,0.0025940337224383916
few_shot_s2028,2028,few_shot,dominicamaria_s2_1161.nc,dominicamaria,dominicamaria:267:662,2018-02-01T00:00:00,16380,298,False,0.0962566844919786,0.17560975609756097,0.32142857142857145,0.12080536912751678,0.5377881562450103,0.9793650793650793,16006,76,262,36,0.0962566844919786
few_shot_s2028,2028,few_shot,dominicamaria_s2_1162.nc,dominicamaria,dominicamaria:267:663,2017-11-23T00:00:00,14633,1338,False,0.0,0.0,0.0,0.0,0.43873436752545614,0.8774687350509123,12840,455,1338,0,0.0
few_shot_s2028,2028,few_shot,dominicamaria_s2_1163.nc,dominicamaria,dominicamaria:267:663,2018-01-02T00:00:00,15726,808,False,0.0,0.0,0.0,0.0,0.4743100597736233,0.9486201195472466,14918,0,808,0,0.0
few_shot_s2028,2028,few_shot,dominicamaria_s2_1164.nc,dominicamaria,dominicamaria:267:664,2018-02-01T00:00:00,16356,642,False,0.0,0.0,0.0,0.0,0.48025189532893126,0.9605037906578625,15710,4,642,0,0.0
few_shot_s2028,2028,few_shot,dominicamaria_s2_1165.nc,dominicamaria,dominicamaria:267:664,2018-02-01T00:00:00,16384,119,False,0.0,0.0,0.0,0.0,0.496337890625,0.99267578125,16264,1,119,0,0.0
few_shot_s2028,2028,few_shot,dominicamaria_s2_1166.nc,dominicamaria,dominicamaria:267:665,2018-02-01T00:00:00,16384,50,False,0.0,0.0,0.0,0.0,0.4971923828125,0.994384765625,16292,42,50,0,0.0
few_shot_s2028,2028,few_shot,dominicamaria_s2_1167.nc,dominicamaria,dominicamaria:267:665,2018-03-03T00:00:00,16357,0,True,0.0,0.0,0.0,0.0,0.5,1.0,16357,0,0,0,
few_shot_s2028,2028,few_shot,dominicamaria_s2_1169.nc,dominicamaria,dominicamaria:267:666,2017-11-23T00:00:00,16384,4,False,0.0,0.0,0.0,0.0,0.4998779296875,0.999755859375,16380,0,4,0,0.0
few_shot_s2028,2028,few_shot,dominicamaria_s2_1170.nc,dominicamaria,dominicamaria:267:667,2018-02-01T00:00:00,16376,311,False,0.006389776357827476,0.012698412698412698,0.5,0.006430868167202572,0.49369812501780463,0.9810087933561309,16063,2,309,2,0.006389776357827476
few_shot_s2028,2028,few_shot,dominicamaria_s2_1171.nc,dominicamaria,dominicamaria:267:667,2018-02-01T00:00:00,16358,462,False,0.027439024390243903,0.05341246290801187,0.08490566037735849,0.03896103896103896,0.4941968683762725,0.9609976769776256,15702,194,444,18,0.027439024390243903
few_shot_s2028,2028,few_shot,dominicamaria_s2_1172.nc,dominicamaria,dominicamaria:267:668,2018-02-01T00:00:00,16355,142,False,0.0,0.0,0.0,0.0,0.4956588199327423,0.9913176398654846,16213,0,142,0,0.0
few_shot_s2028,2028,few_shot,dominicamaria_s2_1173.nc,dominicamaria,dominicamaria:267:668,2018-02-01T00:00:00,16360,42,False,0.3191489361702128,0.4838709677419355,0.75,0.35714285714285715,0.6585955754573916,0.9980440097799511,16313,5,27,15,0.3191489361702128
few_shot_s2028,2028,few_shot,dominicamaria_s2_1174.nc,dominicamaria,dominicamaria:267:669,2018-03-03T00:00:00,16384,139,False,0.0,0.0,0.0,0.0,0.495758056640625,0.99151611328125,16245,0,139,0,0.0
few_shot_s2028,2028,few_shot,dominicamaria_s2_1175.nc,dominicamaria,dominicamaria:267:669,2018-03-03T00:00:00,16367,30,False,0.0,0.0,0.0,0.0,0.4980142970611596,0.9960285941223193,16302,35,30,0,0.0
few_shot_s2028,2028,few_shot,dominicamaria_s2_1176.nc,dominicamaria,dominicamaria:267:670,2017-11-23T00:00:00,16380,0,True,0.0,0.0,0.0,0.0,0.5,1.0,16380,0,0,0,
few_shot_s2028,2028,few_shot,dominicamaria_s2_1177.nc,dominicamaria,dominicamaria:267:670,2017-11-23T00:00:00,16384,0,True,0.0,0.0,0.0,0.0,0.498046875,0.99609375,16320,64,0,0,
few_shot_s2028,2028,few_shot,dominicamaria_s2_1178.nc,dominicamaria,dominicamaria:267:671,2017-10-29T00:00:00,16236,0,True,0.0,0.0,0.0,0.0,0.5,1.0,16236,0,0,0,
few_shot_s2028,2028,few_shot,dominicamaria_s2_1179.nc,dominicamaria,dominicamaria:267:671,2018-01-02T00:00:00,16367,0,True,0.0,0.0,0.0,0.0,0.5,1.0,16367,0,0,0,
few_shot_s2028,2028,few_shot,dominicamaria_s2_1180.nc,dominicamaria,dominicamaria:267:672,2017-10-19T00:00:00,16384,0,True,0.0,0.0,0.0,0.0,0.5,1.0,16384,0,0,0,
few_shot_s2028,2028,few_shot,dominicamaria_s2_1181.nc,dominicamaria,dominicamaria:267:672,2017-10-09T00:00:00,16384,0,True,0.0,0.0,0.0,0.0,0.5,1.0,16384,0,0,0,
few_shot_s2028,2028,few_shot,dominicamaria_s2_1182.nc,dominicamaria,dominicamaria:267:673,2017-10-09T00:00:00,16384,0,True,0.0,0.0,0.0,0.0,0.5,1.0,16384,0,0,0,
few_shot_s2028,2028,few_shot,dominicamaria_s2_1183.nc,dominicamaria,dominicamaria:267:673,2017-10-09T00:00:00,16384,0,True,0.0,0.0,0.0,0.0,0.5,1.0,16384,0,0,0,
few_shot_s2028,2028,few_shot,dominicamaria_s2_1184.nc,dominicamaria,dominicamaria:267:674,2017-10-09T00:00:00,16384,0,True,0.0,0.0,0.0,0.0,0.5,1.0,16384,0,0,0,
few_shot_s2028,2028,few_shot,dominicamaria_s2_1186.nc,dominicamaria,dominicamaria:267:675,2017-10-19T00:00:00,16384,0,True,0.0,0.0,0.0,0.0,0.5,1.0,16384,0,0,0,
few_shot_s2028,2028,few_shot,dominicamaria_s2_1187.nc,dominicamaria,dominicamaria:267:675,2017-10-09T00:00:00,16384,0,True,0.0,0.0,0.0,0.0,0.5,1.0,16384,0,0,0,
few_shot_s2028,2028,few_shot,dominicamaria_s2_1188.nc,dominicamaria,dominicamaria:267:676,2017-10-09T00:00:00,16384,0,True,0.0,0.0,0.0,0.0,0.5,1.0,16384,0,0,0,
few_shot_s2028,2028,few_shot,dominicamaria_s2_1189.nc,dominicamaria,dominicamaria:267:676,2017-11-03T00:00:00,16384,0,True,0.0,0.0,0.0,0.0,0.5,1.0,16384,0,0,0,
few_shot_s2028,2028,few_shot,dominicamaria_s2_1191.nc,dominicamaria,dominicamaria:267:677,2017-10-09T00:00:00,16384,0,True,0.0,0.0,0.0,0.0,0.5,1.0,16384,0,0,0,
few_shot_s2028,2028,few_shot,dominicamaria_s2_1192.nc,dominicamaria,dominicamaria:267:678,2017-10-09T00:00:00,16384,0,True,0.0,0.0,0.0,0.0,0.5,1.0,16384,0,0,0,
few_shot_s2028,2028,few_shot,dominicamaria_s2_1194.nc,dominicamaria,dominicamaria:267:679,2017-10-09T00:00:00,16384,0,True,0.0,0.0,0.0,0.0,0.5,1.0,16384,0,0,0,
few_shot_s2028,2028,few_shot,dominicamaria_s2_119.nc,dominicamaria,dominicamaria:257:661,2017-10-14T00:00:00,16384,0,True,0.0,0.0,0.0,0.0,0.5,1.0,16384,0,0,0,
few_shot_s2028,2028,few_shot,dominicamaria_s2_1200.nc,dominicamaria,dominicamaria:267:656,2017-10-09T00:00:00,16384,0,True,0.0,0.0,0.0,0.0,0.5,1.0,16384,0,0,0,
few_shot_s2028,2028,few_shot,dominicamaria_s2_1202.nc,dominicamaria,dominicamaria:267:657,2017-11-03T00:00:00,16384,0,True,0.0,0.0,0.0,0.0,0.5,1.0,16384,0,0,0,
few_shot_s2028,2028,few_shot,dominicamaria_s2_1203.nc,dominicamaria,dominicamaria:267:657,2017-11-03T00:00:00,16384,0,True,0.0,0.0,0.0,0.0,0.5,1.0,16384,0,0,0,
few_shot_s2028,2028,few_shot,dominicamaria_s2_1205.nc,dominicamaria,dominicamaria:267:658,2017-12-13T00:00:00,16345,957,False,0.0,0.0,0.0,0.0,0.47066381156316917,0.9413276231263383,15386,2,957,0,0.0
few_shot_s2028,2028,few_shot,dominicamaria_s2_1206.nc,dominicamaria,dominicamaria:267:659,2018-02-01T00:00:00,16384,1977,False,0.026202953787517864,0.0510677808727948,0.3107344632768362,0.0278199291856348,0.4505134433338349,0.875244140625,14285,122,1922,55,0.026202953787517864
few_shot_s2028,2028,few_shot,dominicamaria_s2_1207.nc,dominicamaria,dominicamaria:267:659,2018-02-01T00:00:00,16209,366,False,0.01692047377326565,0.033277870216306155,0.0425531914893617,0.0273224043715847,0.49052703113319124,0.9641557159602689,15618,225,356,10,0.01692047377326565
few_shot_s2028,2028,few_shot,dominicamaria_s2_1208.nc,dominicamaria,dominicamaria:267:660,2018-02-01T00:00:00,16168,1877,False,0.04051477597712107,0.07787448465414568,0.2777777777777778,0.045285029302077784,0.4576757800795883,0.8754948045522019,14070,221,1792,85,0.04051477597712107
few_shot_s2028,2028,few_shot,dominicamaria_s2_1209.nc,dominicamaria,dominicamaria:267:660,2018-02-01T00:00:00,16364,266,False,0.0,0.0,0.0,0.0,0.4912918601808849,0.9825837203617698,16079,19,266,0,0.0
few_shot_s2028,2028,few_shot,dominicamaria_s2_1210.nc,dominicamaria,dominicamaria:267:661,2018-02-01T00:00:00,16292,0,True,0.0,0.0,0.0,0.0,0.47934569113675424,0.9586913822735085,15619,673,0,0,
few_shot_s2028,2028,few_shot,dominicamaria_s2_1212.nc,dominicamaria,dominicamaria:267:662,2018-02-01T00:00:00,16283,354,False,0.1196808510638298,0.21377672209026127,0.6716417910447762,0.1271186440677966,0.5496482836425196,0.9796720506049253,15907,22,309,45,0.1196808510638298
few_shot_s2028,2028,few_shot,dominicamaria_s2_1213.nc,dominicamaria,dominicamaria:267:662,2018-02-01T00:00:00,16384,204,False,0.0,0.0,0.0,0.0,0.490936279296875,0.98187255859375,16087,93,204,0,0.0
few_shot_s2028,2028,few_shot,dominicamaria_s2_1214.nc,dominicamaria,dominicamaria:267:663,2018-02-01T00:00:00,16374,921,False,0.07331136738056013,0.13660782808902533,0.23298429319371727,0.09663409337676439,0.5021146950504275,0.9312935141077318,15160,293,832,89,0.07331136738056013
few_shot_s2028,2028,few_shot,dominicamaria_s2_1215.nc,dominicamaria,dominicamaria:267:663,2018-02-01T00:00:00,16384,1169,False,0.009771986970684038,0.01935483870967742,0.16901408450704225,0.010265183917878529,0.46774941884571336,0.92578125,15156,59,1157,12,0.009771986970684038
few_shot_s2028,2028,few_shot,dominicamaria_s2_1216.nc,dominicamaria,dominicamaria:267:664,2018-02-01T00:00:00,16286,561,False,0.007237635705669481,0.01437125748502994,0.021897810218978103,0.0106951871657754,0.47834240507642195,0.9494657988456343,15457,268,555,6,0.007237635705669481
few_shot_s2028,2028,few_shot,dominicamaria_s2_121.nc,dominicamaria,dominicamaria:257:662,2017-10-14T00:00:00,16384,0,True,0.0,0.0,0.0,0.0,0.5,1.0,16384,0,0,0,
few_shot_s2028,2028,few_shot,dominicamaria_s2_1220.nc,dominicamaria,dominicamaria:267:666,2018-02-01T00:00:00,16292,0,True,0.0,0.0,0.0,0.0,0.4992327522710533,0.9984655045421066,16267,25,0,0,
few_shot_s2028,2028,few_shot,dominicamaria_s2_1221.nc,dominicamaria,dominicamaria:267:666,2018-02-01T00:00:00,16383,0,True,0.0,0.0,0.0,0.0,0.4987792223646463,0.9975584447292926,16343,40,0,0,
few_shot_s2028,2028,few_shot,dominicamaria_s2_1222.nc,dominicamaria,dominicamaria:267:667,2018-02-01T00:00:00,16384,0,True,0.0,0.0,0.0,0.0,0.497955322265625,0.99591064453125,16317,67,0,0,
few_shot_s2028,2028,few_shot,dominicamaria_s2_1223.nc,dominicamaria,dominicamaria:267:667,2018-02-01T00:00:00,16374,692,False,0.007082152974504249,0.014064697609001406,0.2631578947368421,0.0072254335260115606,0.4821286505601949,0.9571882252351288,15668,14,687,5,0.007082152974504249
few_shot_s2028,2028,few_shot,dominicamaria_s2_1224.nc,dominicamaria,dominicamaria:267:668,2018-02-01T00:00:00,16352,683,False,0.08913649025069638,0.1636828644501279,0.6464646464646465,0.09370424597364568,0.5244921154593364,0.9600048923679061,15634,35,619,64,0.08913649025069638
few_shot_s2028,2028,few_shot,dominicamaria_s2_1225.nc,dominicamaria,dominicamaria:267:668,2018-02-16T00:00:00,16356,219,False,0.026515151515151516,0.05166051660516605,0.1346153846153846,0.0319634703196347,0.5053977678182523,0.9842871117632673,16092,45,212,7,0.026515151515151516
few_shot_s2028,2028,few_shot,dominicamaria_s2_1226.nc,dominicamaria,dominicamaria:267:669,2018-02-01T00:00:00,16373,58,False,0.027149321266968326,0.05286343612334802,0.03550295857988166,0.10344827586206896,0.5070065662973199,0.9868686251755939,16152,163,52,6,0.027149321266968326
few_shot_s2028,2028,few_shot,dominicamaria_s2_1227.nc,dominicamaria,dominicamaria:267:669,2018-02-01T00:00:00,16384,0,True,0.0,0.0,0.0,0.0,0.498870849609375,0.99774169921875,16347,37,0,0,
few_shot_s2028,2028,few_shot,dominicamaria_s2_1228.nc,dominicamaria,dominicamaria:267:670,2017-11-03T00:00:00,16145,4,False,0.0,0.0,0.0,0.0,0.4970888820068133,0.9941777640136266,16051,90,4,0,0.0
few_shot_s2028,2028,few_shot,dominicamaria_s2_1229.nc,dominicamaria,dominicamaria:267:670,2017-10-29T00:00:00,16078,0,True,0.0,0.0,0.0,0.0,0.5,1.0,16078,0,0,0,
few_shot_s2028,2028,few_shot,dominicamaria_s2_122.nc,dominicamaria,dominicamaria:257:663,2017-10-14T00:00:00,16384,0,True,0.0,0.0,0.0,0.0,0.5,1.0,16384,0,0,0,
few_shot_s2028,2028,few_shot,dominicamaria_s2_1231.nc,dominicamaria,dominicamaria:267:671,2017-10-09T00:00:00,16384,0,True,0.0,0.0,0.0,0.0,0.5,1.0,16384,0,0,0,
few_shot_s2028,2028,few_shot,dominicamaria_s2_1232.nc,dominicamaria,dominicamaria:267:672,2017-10-09T00:00:00,16384,0,True,0.0,0.0,0.0,0.0,0.5,1.0,16384,0,0,0,
few_shot_s2028,2028,few_shot,dominicamaria_s2_1233.nc,dominicamaria,dominicamaria:267:672,2017-10-09T00:00:00,16384,0,True,0.0,0.0,0.0,0.0,0.5,1.0,16384,0,0,0,
few_shot_s2028,2028,few_shot,dominicamaria_s2_1235.nc,dominicamaria,dominicamaria:267:673,2017-10-09T00:00:00,16384,0,True,0.0,0.0,0.0,0.0,0.5,1.0,16384,0,0,0,
few_shot_s2028,2028,few_shot,dominicamaria_s2_1239.nc,dominicamaria,dominicamaria:267:675,2017-11-03T00:00:00,16384,0,True,0.0,0.0,0.0,0.0,0.5,1.0,16384,0,0,0,
few_shot_s2028,2028,few_shot,dominicamaria_s2_123.nc,dominicamaria,dominicamaria:257:663,2017-10-14T00:00:00,16384,0,True,0.0,0.0,0.0,0.0,0.5,1.0,16384,0,0,0,
few_shot_s2028,2028,few_shot,dominicamaria_s2_1240.nc,dominicamaria,dominicamaria:267:676,2017-11-03T00:00:00,16384,0,True,0.0,0.0,0.0,0.0,0.5,1.0,16384,0,0,0,
few_shot_s2028,2028,few_shot,dominicamaria_s2_1241.nc,dominicamaria,dominicamaria:267:676,2017-10-09T00:00:00,16384,0,True,0.0,0.0,0.0,0.0,0.5,1.0,16384,0,0,0,
few_shot_s2028,2028,few_shot,dominicamaria_s2_1242.nc,dominicamaria,dominicamaria:267:677,2017-10-09T00:00:00,16384,0,True,0.0,0.0,0.0,0.0,0.5,1.0,16384,0,0,0,
few_shot_s2028,2028,few_shot,dominicamaria_s2_1244.nc,dominicamaria,dominicamaria:267:678,2017-10-09T00:00:00,16384,0,True,0.0,0.0,0.0,0.0,0.5,1.0,16384,0,0,0,
few_shot_s2028,2028,few_shot,dominicamaria_s2_1245.nc,dominicamaria,dominicamaria:267:678,2017-10-09T00:00:00,16384,0,True,0.0,0.0,0.0,0.0,0.5,1.0,16384,0,0,0,
few_shot_s2028,2028,few_shot,dominicamaria_s2_1246.nc,dominicamaria,dominicamaria:267:679,2017-10-09T00:00:00,16384,0,True,0.0,0.0,0.0,0.0,0.5,1.0,16384,0,0,0,
few_shot_s2028,2028,few_shot,dominicamaria_s2_1249.nc,dominicamaria,dominicamaria:268:654,2017-10-09T00:00:00,16384,0,True,0.0,0.0,0.0,0.0,0.5,1.0,16384,0,0,0,
few_shot_s2028,2028,few_shot,dominicamaria_s2_124.nc,dominicamaria,dominicamaria:257:664,2017-10-14T00:00:00,16384,0,True,0.0,0.0,0.0,0.0,0.5,1.0,16384,0,0,0,
few_shot_s2028,2028,few_shot,dominicamaria_s2_1250.nc,dominicamaria,dominicamaria:268:655,2017-10-09T00:00:00,16384,0,True,0.0,0.0,0.0,0.0,0.5,1.0,16384,0,0,0,
few_shot_s2028,2028,few_shot,dominicamaria_s2_1251.nc,dominicamaria,dominicamaria:268:655,2017-10-09T00:00:00,16384,0,True,0.0,0.0,0.0,0.0,0.5,1.0,16384,0,0,0,
few_shot_s2028,2028,few_shot,dominicamaria_s2_1252.nc,dominicamaria,dominicamaria:268:656,2017-10-09T00:00:00,16384,0,True,0.0,0.0,0.0,0.0,0.5,1.0,16384,0,0,0,
few_shot_s2028,2028,few_shot,dominicamaria_s2_1253.nc,dominicamaria,dominicamaria:268:656,2017-10-09T00:00:00,16384,0,True,0.0,0.0,0.0,0.0,0.5,1.0,16384,0,0,0,
