Split,Num_Masks,NonLandslide_Pixels,Landslide_Pixels,Total_Pixels,Landslide_Ratio_%
TrainData,3804,60800026,1442790,62242816,2.3180024502747436
ValidData,245,3945335,68745,4014080,1.712596659757653
TestData,800,12859669,247531,13107200,1.8885116577148438
