{
  "mean": [
    0.9257040225639855,
    0.9227005062277207,
    0.9541091492153073,
    0.9596386838450903,
    1.0227896725827466,
    1.0426115573468755,
    1.0358438990997147,
    1.0467555179275008,
    1.1699413629784936,
    1.1735978708436237,
    1.0494972714787856,
    1.0370315128756162,
    1.251108121237674,
    1.6495433591535995
  ],
  "std": [
    0.14098785099842676,
    0.2206976223914731,
    0.3184247383593955,
    0.5723745918201033,
    0.46009574431501393,
    0.4465135467731483,
    0.46507544354096,
    0.49484499004787724,
    0.5133105245446884,
    0.6835581323348876,
    0.53229278320103,
    0.6627996894597478,
    0.6783685869345524,
    1.0727114848925001
  ]
}