sample,image_sha256,mask_sha256,positive_pixels,valid_pixels,Landslide_IoU,Landslide_F1,Landslide_Precision,Landslide_Recall,mIoU,OA,TN,FP,FN,TP,foreground_patch_iou
image_1.h5,ab6248004ab39f1e3eeb4d0cc3f02931d2e4243f2ca5976a579ed535960d2109,26ec86ca74edea2bc4f966818298085cda80f422cf21e6126feab7948956b9da,33,16384,0.23170731707317074,0.37623762376237624,0.27941176470588236,0.5757575757575758,0.6139288189398852,0.99615478515625,16302,49,14,19,0.23170731707317074
image_2.h5,11437b83d8cfc839c6b0cf4014b152314f4d693d764f51cee57065c07a6fa6b8,259b63544ae4e8e76f2a0dd33bc9621b5f294ade1d52406bf8f7aaf65d3c5a5c,818,16384,0.446491849751949,0.61734443900049,0.5151267375306623,0.7701711491442543,0.698458569283744,0.95233154296875,14973,593,188,630,0.446491849751949
image_3.h5,3360b28988ae03110b3a3399f5de5835b7e082a31bb1b98ba4fec9d939e96e4b,b18f9b09dca1731c2ea23516f99221420588d33388c2755af361b591bfdaa4ea,0,16384,0.0,0.0,0.0,0.0,0.5,1.0,16384,0,0,0,
image_4.h5,6fc99e9ca4733f7ce2b4378cd322e741c39c554ef78c52598712268d2423d353,b00447ba2ab6b58dbeecdf177d2beb890db5bf5be02653e4f1fbbe8ea6b653f3,1228,16384,0.4206989247311828,0.5922421948912016,0.7065462753950339,0.509771986970684,0.6829982756667717,0.9473876953125,14896,260,602,626,0.4206989247311828
image_5.h5,44eb10cd329da072e8e177757dce734f2ffdd896c98ee15f713ab00f80b8994d,b65ffd0204e580ecc641c8920054e1018c5944d15762ec4bc53132e366e04939,967,16384,0.4595392793857058,0.6297045730473493,0.5172872340425532,0.8045501551189245,0.7004539918650944,0.94415283203125,14691,726,189,778,0.4595392793857058
image_6.h5,071b188e3e68269a53f127d0b8ef3bbbc90f95ca72215b35ccb7aca418af4963,5ed0dbdb62902a7af2fbf01e7cdbf66a66edfe2ce54fa397ffdb35cb75e608f9,466,16384,0.16155419222903886,0.27816901408450706,0.7745098039215687,0.16952789699570817,0.5682042656944029,0.9749755859375,15895,23,387,79,0.16155419222903886
image_7.h5,da5bc6dd3fe4e1b495da5781b81094566afae1cc4929be9e93cb0c0496dd40bc,c6820052d90d80c13183137b64eec60806529439d85658af11c887d6d70480f8,669,16384,0.3034188034188034,0.46557377049180326,0.8658536585365854,0.3183856502242152,0.6365897430612043,0.97015380859375,15682,33,456,213,0.3034188034188034
image_8.h5,2d422da81f9b7448a991fe22595f3e3356540fdbb21337b28b27d1ae24b1883a,509e8b2ddb8fb2afeda1d593ae01b56fc0456375ac5dd32d0f068d2774530335,311,16384,0.021739130434782608,0.0425531914893617,0.3888888888888889,0.022508038585209004,0.5012524192199559,0.98077392578125,16062,11,304,7,0.021739130434782608
image_9.h5,7d9607ce7552562c499dd7442bb7d34787777c94a5d7919976089e4d3c2c8d26,dee0585a6b1ea4d1ca4259b75906c32d40f6ba7eb39c54638634165a74ae6c98,2,16384,0.0,0.0,0.0,0.0,0.4962158203125,0.992431640625,16260,122,2,0,0.0
image_10.h5,677f06f8ddd5cd8cec7c65021b438d77e2bad8e182c499f773bd3e31ca35d6c8,a6d44bbaa4c65ca92a1abf0069ef3babd48b3d9976519c2dc78d6ebafa4d35f9,13,16384,0.0,0.0,0.0,0.0,0.499603271484375,0.99920654296875,16371,0,13,0,0.0
image_11.h5,8ef79f8b311f2d6684f4c25ae8faab016c3d44c1843799881b52ca3fd2a6c7a6,b31f93d875636e5c8b7785b585c6d2c280e0ea21955d596ccf3a60c1514ca2fb,626,16384,0.37316798196166856,0.5435139573070608,0.5591216216216216,0.5287539936102237,0.6692663556478747,0.966064453125,15497,261,295,331,0.37316798196166856
image_12.h5,28b181b38451c9b43050863bb9bc61162f9053ba5d57cc79b335ab727c6d2cac,fcc681f4a50edba9c613a80af46f555eab201bed0adbd569f1141fd90a6f78b1,63,16384,0.0,0.0,0.0,0.0,0.498077392578125,0.99615478515625,16321,0,63,0,0.0
image_13.h5,e06dc8a31de78ae3966fa371e7af0ec8bb87262751411c63a5cd8316c57b69ae,2715f0a694edbe6c5b59c1077a8a2e4459dc1dffa01fb635af14bb3fee05972f,675,16384,0.21750663129973474,0.3572984749455338,0.6748971193415638,0.24296296296296296,0.5905658927152188,0.9639892578125,15630,79,511,164,0.21750663129973474
image_14.h5,e7853fe91d9c0cda243374cb33330bd719063fdc1551022cb2aacce1fad1cb9b,b18f9b09dca1731c2ea23516f99221420588d33388c2755af361b591bfdaa4ea,0,16384,0.0,0.0,0.0,0.0,0.5,1.0,16384,0,0,0,
image_15.h5,d4a15776550995008fcc9bbba8393dc5cc0fc5b0f519fcb4c0e4def498eae775,fa4c84893f807b80b89f4fc38498bb04b7b44c34cabf632e252890bf58da6e65,415,16384,0.46356275303643724,0.6334716459197787,0.7435064935064936,0.5518072289156627,0.7235795814083454,0.98382568359375,15890,79,186,229,0.46356275303643724
image_16.h5,beef6cc2a30a708db59611f52c5a7e9d034e041ae415ad291a79bf99550360f6,1e3ef989249e077448aa6343f89fe846cb78199f076d34f6cddea0bc164618da,2,16384,0.0,0.0,0.0,0.0,0.49993896484375,0.9998779296875,16382,0,2,0,0.0
image_17.h5,a1c8057efb229bfcd46783d07abc283183426bb93bd314a4b4efbd299a8d1841,952a1609450e1f3248f1872f5bf38feb28de17862308cbc2579efd4db044887b,98,16384,0.0,0.0,0.0,0.0,0.49700927734375,0.9940185546875,16286,0,98,0,0.0
image_18.h5,6725a2cbbb18eee1387e1e55376fe40dd7a502e358e15fc8c9a8d6de0fa649fb,46c1f16d7464f2c6e2cc704c81052adb25afbe33e0cd142cae3ce59a235a20e2,27,16384,0.0,0.0,0.0,0.0,0.499176025390625,0.99835205078125,16357,0,27,0,0.0
image_19.h5,ddbd25b37371ce48de0bf03c4ed19a3e53c7fb351f69aaab84c58222311857e8,b18f9b09dca1731c2ea23516f99221420588d33388c2755af361b591bfdaa4ea,0,16384,0.0,0.0,0.0,0.0,0.5,1.0,16384,0,0,0,
image_20.h5,63eef70a5ff99229453772fa2b54cc497ea95343c6f30191d1667975681b8a72,b18f9b09dca1731c2ea23516f99221420588d33388c2755af361b591bfdaa4ea,0,16384,0.0,0.0,0.0,0.0,0.5,1.0,16384,0,0,0,
image_21.h5,ec115aba33392bb165dc34008a8611f3c636aa42565c1504ea1b8b68c1cad7a4,b18f9b09dca1731c2ea23516f99221420588d33388c2755af361b591bfdaa4ea,0,16384,0.0,0.0,0.0,0.0,0.5,1.0,16384,0,0,0,
image_22.h5,21273793150aa417098bf380774ff10ea6a88da2f37c9f21bd07ecda4e020d5b,2168d52ccffbb259beacbd36dced48c392645f76280c35cd51670b2a1cfa801a,1751,16384,0.4728744939271255,0.6421110500274876,0.6189719130895601,0.6670474014848657,0.6936533352916384,0.9205322265625,13914,719,583,1168,0.4728744939271255
image_23.h5,6bcca9dbb2de273b38399544715221b14269ab9c7a921276c62745d5d94260c1,957e6bff5b21933ede985b5418ff510527a8158b47e5dedd15ce96693365e4df,276,16384,0.30343511450381677,0.465592972181552,0.3906633906633907,0.5760869565217391,0.64046948329197,0.97772216796875,15860,248,117,159,0.30343511450381677
image_24.h5,fc2e51e2def740c9bb7d1248e22957246be4168d4a452be3716b8fe4c41cb3d6,e12cd3b2804ee51910e409da9bac81656a458102293e733e0a34a50fd868da78,5088,16384,0.4625659050966608,0.6325402547464551,0.8138528138528138,0.5172955974842768,0.6200991247414659,0.8133544921875,10694,602,2456,2632,0.4625659050966608
image_25.h5,703622c693c6fd3d76396527880a36bb313bdd1f1a6777ca15a753d424b01a0b,249bd9e3f9d655c1abe58bfad0111e9e18011e2c4466e729ecf6a75bf94ad9ed,3053,16384,0.6049953746530989,0.7538904899135447,0.673012606122974,0.856862102849656,0.7404697965653642,0.895751953125,12060,1271,437,2616,0.6049953746530989
image_26.h5,2e55caf605b3d964bb4924f50e8b9537edd816692046aaf4a61193be1b5f7a17,4b26ca0b4f7bc722774dc85c6e8961948236ab2064498f540a9e91d06be3f0d5,289,16384,0.056666666666666664,0.10725552050473186,0.6071428571428571,0.058823529411764705,0.5196878882303823,0.98272705078125,16084,11,272,17,0.056666666666666664
image_27.h5,34d1f27a9c6b470c630ed60986d469d559873bd2df42dd3aff5f050d5df167fa,c5784526df37c565bfa0dae16e3d0088e68dad6daabcedf24a22430509064d9d,660,16384,0.40473225404732255,0.5762411347517731,0.6944444444444444,0.49242424242424243,0.6874835066861559,0.9708251953125,15581,143,335,325,0.40473225404732255
image_28.h5,2259f87f4b6c53084a244719a2f6f38e5cdd8d88147ac3c3f163cc5047609ee3,67beff8fe926de506a117032bc7a299b99a51f123e8085fba9ba0d3f1a21fe29,506,16384,0.39390088945362134,0.5651777575205105,0.5245346869712352,0.6126482213438735,0.6821128187469674,0.97088623046875,15597,281,196,310,0.39390088945362134
image_29.h5,c0fb6bd1ede6a6fe82c5bc54babeb106f82bd200152c27e90abb0ba192a4bf69,5a87c35a70cb218cc0dc7196a9e7d12d8397ce01d2ab8db0ebdfb274952b47fc,56,16384,0.07246376811594203,0.13513513513513514,0.10869565217391304,0.17857142857142858,0.5323232484160998,0.9921875,16246,82,46,10,0.07246376811594203
image_30.h5,7f3a62dbb389fdc1639c4c33231c5851d822013d646b7eddfd638f7a71addee0,3a15660309f238e5b40b21a2779040cb21ed6c4355743fba9899718d99b8e884,54,16384,0.5789473684210527,0.7333333333333333,0.9166666666666666,0.6111111111111112,0.7887397841432522,0.99853515625,16327,3,21,33,0.5789473684210527
image_31.h5,a577fd7548fbb42e782777264d1a7091844ff181d3e52b9d51244ae883832863,617cde21c78662ee02ee4f4c01b425d7424a1cbdeeea5e641f104ea03232ca7a,1844,16384,0.49685117666556183,0.6638618246235607,0.5610029940119761,0.8129067245119306,0.6974346578658679,0.9073486328125,13367,1173,345,1499,0.49685117666556183
image_32.h5,1796d0c4871d1b5f812cb4e98294ba4e0f65dff94c4f89e23bb85e9e43ca51db,b18f9b09dca1731c2ea23516f99221420588d33388c2755af361b591bfdaa4ea,0,16384,0.0,0.0,0.0,0.0,0.5,1.0,16384,0,0,0,
image_33.h5,c8bb1dac61c265c0041a8d11e2eb240d68acc3ae1d11bf154dd2fbc2b1bc5b0b,b1e96981ab87c2f890a8765fb9a88122193dc267ab2c452a5ae9c2f55254af60,189,16384,0.2358974358974359,0.3817427385892116,0.8846153846153846,0.24338624338624337,0.6133887962936806,0.99090576171875,16189,6,143,46,0.2358974358974359
image_34.h5,8ef4f34ca4d6f162d1c387d72d0ed51bcb22ece2f020e598e2558b88ea67fcaa,91dca1df2008375da2381fd5d3fc6cf65dc9308fb396691689e3c8421b6b42c9,370,16384,0.42342342342342343,0.5949367088607594,0.5595238095238095,0.6351351351351351,0.7018039774866822,0.98046875,15829,185,135,235,0.42342342342342343
image_35.h5,cd77d0c52039581ceed8c74aee5f8981aa665060dc473c7933752e23810d9a29,b18f9b09dca1731c2ea23516f99221420588d33388c2755af361b591bfdaa4ea,0,16384,0.0,0.0,0.0,0.0,0.5,1.0,16384,0,0,0,
image_36.h5,9c440a9aa00ec095f289677ee1c274d2816194cb8b58f16af486593da33e488c,f5c68e39f7fffb3d023e5b3bb3a427a4e833dfe67746ab2281957de73dbc37dc,482,16384,0.39022369511184757,0.5613825983313468,0.39381270903010035,0.9771784232365145,0.6719861013107155,0.955078125,15177,725,11,471,0.39022369511184757
image_37.h5,5c725324228c90bca2ec9fa930dc4f2003d92be065949428238f30a3d78d6f1d,4b3d0a37aa32b07d68065b2be2b1c6adf2e540c3250406e19a289975d186144c,110,16384,0.6466666666666666,0.7854251012145749,0.708029197080292,0.8818181818181818,0.8217062688033401,0.99676513671875,16234,40,13,97,0.6466666666666666
image_38.h5,6ce3822752311bbe6ec9132b4f04263a712ebe4da517c8373e6cdce2e80290e5,d4d3c59e53d5f401cb3a6605ee9bec4eb41e2cb3a6060283c2539438ac0201f5,845,16384,0.5181950509461426,0.6826462128475551,0.5737308622078968,0.842603550295858,0.7379770558457104,0.9595947265625,15010,529,133,712,0.5181950509461426
image_39.h5,399865bfe44e175e8689407f07587c97a4371ce0b3dac1b6a9b94d7111ea7700,4bf704b4abd41d4e51eca6a675a2c60ec109675ffe13d1420c4138ba377d38e6,0,16384,0.0,0.0,0.0,0.0,0.5,1.0,16384,0,0,0,
image_40.h5,ebbdc8c1c5c34da6faf236ebb48339761473275fb71a4c50deaba7055395c4c8,601b611f985deedb75ba05bd1d644bb1f678d0a9418e226cede4385f24123bd2,713,16384,0.8515519568151148,0.9198250728862973,0.9575113808801214,0.884992987377279,0.9222845799437727,0.9932861328125,15643,28,82,631,0.8515519568151148
image_41.h5,304341d0ea165f1dbda2f711c240ad192bc9de405ba9cca1933c981cb3b89bd6,3a236c99a4565412f3b4275e81b56627cdaffacdddeaa885ebe849bae517908a,3351,16384,0.6884870096790626,0.8155076180419369,0.8245881635143381,0.8066248880931065,0.7995464797682645,0.92535400390625,12458,575,648,2703,0.6884870096790626
image_42.h5,ac63f6d4d64288f8f7154f4538c522ea5b8be37f44472c797fa0d96aca03ae83,b9a46661b9cc61898c24576f51b47d58a36dd84c33c9132d6224c8e4ec064a41,634,16384,0.5650118203309693,0.7220543806646526,0.6927536231884058,0.7539432176656151,0.770937948390054,0.9775390625,15538,212,156,478,0.5650118203309693
image_43.h5,76610981b05ac81b9d3ea41d39eff547c0e08f42435dd7fc1ee915ff98fb5422,b18f9b09dca1731c2ea23516f99221420588d33388c2755af361b591bfdaa4ea,0,16384,0.0,0.0,0.0,0.0,0.5,1.0,16384,0,0,0,
image_44.h5,4836e06210c37c250e4bce3daae45f584560b6596b1b1fe0393c456bc1113086,b18f9b09dca1731c2ea23516f99221420588d33388c2755af361b591bfdaa4ea,0,16384,0.0,0.0,0.0,0.0,0.5,1.0,16384,0,0,0,
image_45.h5,0492dd4fed3e3cc45df16106c84f0609d20c2c7438fa4d79b9c4de150e131625,b18f9b09dca1731c2ea23516f99221420588d33388c2755af361b591bfdaa4ea,0,16384,0.0,0.0,0.0,0.0,0.498779296875,0.99755859375,16344,40,0,0,
image_46.h5,e9ed5bbda20f1297721aced73ca96c5d52ece91b88bb76469583cee127e7050b,bbb931d1b6470698743da04375e0e8474492e5c0dcb58ccad63b70d689d71070,89,16384,0.07476635514018691,0.1391304347826087,0.3076923076923077,0.0898876404494382,0.5343604614000885,0.99395751953125,16277,18,81,8,0.07476635514018691
image_47.h5,d1f79ed4fb00711e23b41d0fd18937b4ffaa7280c0a6386d1edb082267c65f97,b18f9b09dca1731c2ea23516f99221420588d33388c2755af361b591bfdaa4ea,0,16384,0.0,0.0,0.0,0.0,0.5,1.0,16384,0,0,0,
image_48.h5,ef7491f6b7f2847e0e4a7122aecd457ef56b0c9cbb1ca678f38207a01d378093,5ee9d8965f8575357074fc94eae9d617b701aca6a9008279f40349da1484397f,131,16384,0.4523809523809524,0.6229508196721312,0.4851063829787234,0.8702290076335878,0.7219495419556883,0.9915771484375,16132,121,17,114,0.4523809523809524
image_49.h5,561b7aef4e22b8f33974abf21cff2ebe86a8fff0dfef8ec47af4f16ea7201923,2658f85187a588d35d2a390634074dd6439ddd63bd73741903e6e6e7bbe32008,35,16384,0.23076923076923078,0.375,0.25806451612903225,0.6857142857142857,0.6129396276095542,0.9951171875,16280,69,11,24,0.23076923076923078
image_50.h5,5a9613e4d5e8d4dd74c810a1804618bc6900d70fed8cb0824865e44e376f20ce,b18f9b09dca1731c2ea23516f99221420588d33388c2755af361b591bfdaa4ea,0,16384,0.0,0.0,0.0,0.0,0.5,1.0,16384,0,0,0,
image_51.h5,848a31f9fcc416a6b4d5f7189ace8636fe88a044b384d3cec1361654fcdbf313,77897a0ac676e5c4ae44f9655e6defe6fc235269e780181ee9887a66218d008f,26,16384,0.0,0.0,0.0,0.0,0.496002197265625,0.99200439453125,16253,105,26,0,0.0
image_52.h5,687ebc5ce27fd8d03933164d7e9c43213295bed98a4a29c485437846480d65b4,6a50c92b925aea7030553878e5ddfe5ab0d33c191bb6ecc5dc55e48ba0e901e0,39,16384,0.2119205298013245,0.34972677595628415,0.2222222222222222,0.8205128205128205,0.6023215662705252,0.99273681640625,16233,112,7,32,0.2119205298013245
image_53.h5,594a9503825e722f08136e789b6d1f704753a738d25a9b482edfda35a2a33060,4c4b74590fed301ef7a72686b088936e4bb72306e5809c463a15dc93fa8564c9,289,16384,0.19138755980861244,0.321285140562249,0.26200873362445415,0.41522491349480967,0.5801072083351966,0.96905517578125,15757,338,169,120,0.19138755980861244
image_54.h5,6e9d33ba5c04bb94e20062f6caac26ad1a3d3380a26c1e5c51084bfe5085b452,3f73ba3acf2e572b75f9d41006083fbb1a1db3726c815605e6a711c61d634233,5,16384,0.0,0.0,0.0,0.0,0.499847412109375,0.99969482421875,16379,0,5,0,0.0
image_55.h5,65f8a1efe56fa8153ae46756ad7eb64ded01688cae71055ca993f3f74ec433a4,492f7077db49ddd794b100ff153f7f749ddb343c4d8f22d8a736ec6ad32d55ec,1651,16384,0.6778006166495375,0.8079632465543645,0.8172242874845105,0.7989097516656571,0.818090484229183,0.96173095703125,14438,295,332,1319,0.6778006166495375
image_56.h5,1c55b5b6226e9ed7f5fcd12e551fc0ef747d0374fd04378f447f068325beab00,56ae78d0014b7cca0641154a841d2ac7005d34eb493ebf0b8d81f0cb9541c6aa,46,16384,0.0,0.0,0.0,0.0,0.49859619140625,0.9971923828125,16338,0,46,0,0.0
image_57.h5,aec1592936f8717c96bf764e6112c429f8e0f0912b75e42eb12bf21b56f1b5df,ab8171921d407387ea4416d50f789198354a81f695274edb0e8fb22584589cf5,29,16384,0.5,0.6666666666666666,0.5581395348837209,0.8275862068965517,0.7492665036674817,0.99853515625,16336,19,5,24,0.5
image_58.h5,220589ae0c1cf33a60d13b5223ae3521cd59906eb6c2eb558409ed94307c6f73,5df8e109f5028c42e2727150d9071476c567da9e2f2d4f296fdaecbcdd34b313,572,16384,0.2612021857923497,0.41421143847487,0.27534562211981567,0.8356643356643356,0.5881014072429622,0.91748046875,14554,1258,94,478,0.2612021857923497
image_59.h5,e2fddd19da7c995cffb82584269d0eaa6f49879aacab4c2b5ac4952f7b85712b,934b0e274658ce3c172ebd0d57f70a7564e5ca30a6206cba05479c1edae29e19,337,16384,0.39820359281437123,0.569593147751606,0.4455611390284757,0.7893175074183977,0.6866312665647734,0.9754638671875,15716,331,71,266,0.39820359281437123
image_60.h5,4d52f4aa6a678b1f7ea9d584376c4919bdcc7b1e364a7ce85e00258127b3432f,3e9e3befde119e9304a3fe97d7fa8303eaab00c323d84c9865fcea0e1a98dceb,127,16384,0.0,0.0,0.0,0.0,0.4959716796875,0.991943359375,16252,5,127,0,0.0
image_61.h5,f857c0237af934b3c1a117dd8b9cc2ebc7e076fa5baf7ff1c7bf2fb931666a5f,6881efc70bb554aec21b26ab69ab8d117a71f8ed546d42534a83b81bb282c291,8,16384,0.0,0.0,0.0,0.0,0.4970703125,0.994140625,16288,88,8,0,0.0
image_62.h5,62f8d6b1851be4745402a459c563d1ba3575a016579951c26e6266e0e14bcfc7,59524d9148ae0dd094ad057f5328371ba5d38c1df7158c022a50b3679fd0d994,53,16384,0.09523809523809523,0.17391304347826086,0.375,0.11320754716981132,0.5458789084079108,0.99652099609375,16321,10,47,6,0.09523809523809523
image_63.h5,228a543d03971abba3b43c30e5e9a7aff2ea6fe854006c5f13693b942f4df393,96586aec1f707e4fc1c1b7b1538a56dda8be029b20010f7341f853e1146f601c,31,16384,0.0,0.0,0.0,0.0,0.499053955078125,0.99810791015625,16353,0,31,0,0.0
image_64.h5,ed7a382bbd1b2f929f79a8682970d418b5bb8d7783e9da54ec2b17d6e9c0ee49,2ab0f8aa5d39f9ace19dc363d63859ae4564cd61099120ad348d570d867b5adb,58,16384,0.38461538461538464,0.5555555555555556,0.39285714285714285,0.9482758620689655,0.6896130998647994,0.99462890625,16241,85,3,55,0.38461538461538464
image_65.h5,516475cfa1850acd3b4050a7ad22009bf8fe7c21f89bcbd2f64cc28a7e81c0c6,094385f411cc0233b069d2734aafbe276f82f98ceb147ef44263782c7655ec11,284,16384,0.37433155080213903,0.5447470817120622,0.6086956521739131,0.49295774647887325,0.6799631159575827,0.9857177734375,16010,90,144,140,0.37433155080213903
image_66.h5,91199426aafb0a3b3b6cfdda12327329dc0b0e9f91ab8027dc3f70388edb64a3,ce665d1c9fc50cd469b0c47d4c4bc1fc8345a46e4b92a0d108e79530a2216e0b,576,16384,0.3650674662668666,0.5348709500274574,0.39116465863453814,0.8454861111111112,0.6558934865460269,0.94830322265625,15050,758,89,487,0.3650674662668666
image_67.h5,6351428b5b716d30b7ecba240ac5ca133e2741735316c1a1d60355baa0b448ef,4bf704b4abd41d4e51eca6a675a2c60ec109675ffe13d1420c4138ba377d38e6,0,16384,0.0,0.0,0.0,0.0,0.5,1.0,16384,0,0,0,
image_68.h5,c36e8ca922b3b52d9d2a70d3e66d209e85bfeebf32946ac455c6be30d2bbcb3c,0726c4a23bf23701ce9673b3932d44deb3e412319fa5aca8f2bb95eb99225c25,86,16384,0.32558139534883723,0.49122807017543857,0.39436619718309857,0.6511627906976745,0.659238517370646,0.992919921875,16212,86,30,56,0.32558139534883723
image_69.h5,a17744dcc71617eb70cf001ebedc0becc0a3ea3e1de43c9936d0af74fe61f13d,b18f9b09dca1731c2ea23516f99221420588d33388c2755af361b591bfdaa4ea,0,16384,0.0,0.0,0.0,0.0,0.5,1.0,16384,0,0,0,
image_70.h5,3a3e5ac15c25b2895c914775d2175fa674dcc470bf55890922e7630527a110cb,37504191cf41ff83254995787dfba43b17e9a47290364bfc8d6323d7b0e3ac5f,77,16384,0.0,0.0,0.0,0.0,0.497650146484375,0.99530029296875,16307,0,77,0,0.0
image_71.h5,3d098272ae12ecea4cb83c4de792bd00d9536fdc9754a6530139a2970e8755d8,bd1f060d9caf47a5c910d36163d3d838275122dc146c0193875608e5870ec597,217,16384,0.33157894736842103,0.4980237154150198,0.4359861591695502,0.5806451612903226,0.6579779347495323,0.9844970703125,16004,163,91,126,0.33157894736842103
image_72.h5,82449e1c832b7d38afca3defd18ef21ace387d20749c4500a7334d9a363a8a37,5312c4a42b8b4eb136fa9e88a10f5207cc5c434ecb7a164623ef173499696382,231,16384,0.6539923954372624,0.7908045977011494,0.8431372549019608,0.7445887445887446,0.8241896346789075,0.99444580078125,16121,32,59,172,0.6539923954372624
image_73.h5,70de9e37103ff0181ee399e66208b7b9d24cefb4a9f02c738e223c7f7ab84abe,aa6a56d53d60c4ef251c584ade9e29b055f49ac846c8247138af4318e8053640,15,16384,0.0,0.0,0.0,0.0,0.486114501953125,0.97222900390625,15929,440,15,0,0.0
image_74.h5,556c6a6cf11adcfb387c336282c269f7c99d7af3d7782089027d8eeff3477be6,6f3b8b425c4ad43b65b0504118a955eec5abee5cba6f60ccad5386fd31126f9d,41,16384,0.47540983606557374,0.6444444444444445,0.5918367346938775,0.7073170731707317,0.7367266239331232,0.998046875,16323,20,12,29,0.47540983606557374
image_75.h5,6d1ce934452d3e7eb5bdb5613561f2d185a01a3e80ff5063897c7be4397178ae,b18f9b09dca1731c2ea23516f99221420588d33388c2755af361b591bfdaa4ea,0,16384,0.0,0.0,0.0,0.0,0.5,1.0,16384,0,0,0,
image_76.h5,60af06d4334e359cb05c5a682ccfbb8863eff75f39727106833771056b3411a0,7d67d4626fcec510452511e79080de5efd30f6237e8b9a3854b4ed1076eed80c,30,16384,0.0,0.0,0.0,0.0,0.49908447265625,0.9981689453125,16354,0,30,0,0.0
image_77.h5,6e45ce3598da5db386e4fb265bdfd275fd30bfed2652ea962ff671101f72555c,b13f0ae61668b85586023801272569a0b430aa82694677396d0c77a1c5a6c04b,140,16384,0.4330357142857143,0.6043613707165109,0.5359116022099447,0.6928571428571428,0.7126190421370242,0.99224853515625,16160,84,43,97,0.4330357142857143
image_78.h5,0ab84ba71aafc5640dd32108408009de1eab2eb1cc561cda665f5c5d1d5575d7,8525a46bbed68f94d3400f36a4a44b2f0b61b0e27aca388f105be337b8701c19,143,16384,0.26143790849673204,0.41450777202072536,0.8,0.27972027972027974,0.6272620281592813,0.99310302734375,16231,10,103,40,0.26143790849673204
image_79.h5,b50ca1b3bf139b15b4f855f0afe4b21ad4ea2e307d65613ae28a0aab5d22c495,b18f9b09dca1731c2ea23516f99221420588d33388c2755af361b591bfdaa4ea,0,16384,0.0,0.0,0.0,0.0,0.5,1.0,16384,0,0,0,
image_80.h5,d1c61814385884f2c9f5e19e17ea75a3d0453dc9c604a4117d3ab9dd11a2efb1,622fede3e01a545b2705c5e97e02fa95b4dcd504d52850d0c99fcd543734322b,52,16384,0.0,0.0,0.0,0.0,0.49163818359375,0.9832763671875,16110,222,52,0,0.0
image_81.h5,a698013b2f7c00f77aaeb85470cf17de5436b8eed804472cd7bbc8355ed78566,4bf704b4abd41d4e51eca6a675a2c60ec109675ffe13d1420c4138ba377d38e6,0,16384,0.0,0.0,0.0,0.0,0.5,1.0,16384,0,0,0,
image_82.h5,78c0c1113ac8bb26c64f7aca517edc9790bd0dd6cbb147a70364e9bb098f04b7,6500ded30236bf82fc67cc1ca8089c747b280d0e62a1fa6e8759764a88a6e9a3,0,16384,0.0,0.0,0.0,0.0,0.5,1.0,16384,0,0,0,
image_83.h5,c03b6f5c3a7f4bc425ce8b501d5d64112a338cf0671cdc780b33f605099f95bb,a52c3a4e1efb3a84f576f7bf0f5763a6a9991f77be16b814eae3e6f350e2a126,8,16384,0.0,0.0,0.0,0.0,0.496246337890625,0.99249267578125,16261,115,8,0,0.0
image_84.h5,d8539f9f28b8a508a62efc7accdfa6e3101e175abf959e124c1a2f1c456906b3,7a399dd0a05352fa37650562a9c42090b3393e9b674dd5a7dcdb00f2670573d7,26,16384,0.0,0.0,0.0,0.0,0.49920654296875,0.9984130859375,16358,0,26,0,0.0
image_85.h5,f507ab41b2481f154c897e3cd80cb947b14f94ac56469ce1ffea4292e24c9613,b18f9b09dca1731c2ea23516f99221420588d33388c2755af361b591bfdaa4ea,0,16384,0.0,0.0,0.0,0.0,0.5,1.0,16384,0,0,0,
image_86.h5,6312bb1a63ad36e33b29f66f02e950300d530366d78e20b4e8c61a0961274f60,b18f9b09dca1731c2ea23516f99221420588d33388c2755af361b591bfdaa4ea,0,16384,0.0,0.0,0.0,0.0,0.5,1.0,16384,0,0,0,
image_87.h5,44bc9c476661f6d1d6db7ba0c4b7c5ce010963fc10c50e92379d311cdf731359,cba6b0d4e56197ade47138c35b17e40fc3801fe19b6f0c80a4bc1cafb97b4f2a,116,16384,0.15,0.2608695652173913,0.8181818181818182,0.15517241379310345,0.5718837834535011,0.9937744140625,16264,4,98,18,0.15
image_88.h5,1891d4bb48ffcff906bb251fae711e1391903c2f8ff901a7add74fbe778a0afc,6500ded30236bf82fc67cc1ca8089c747b280d0e62a1fa6e8759764a88a6e9a3,0,16384,0.0,0.0,0.0,0.0,0.5,1.0,16384,0,0,0,
image_89.h5,9cb9247c47ec2ba397345446e13dc8e6294c9a771a9396fda1767561587b582f,b18f9b09dca1731c2ea23516f99221420588d33388c2755af361b591bfdaa4ea,0,16384,0.0,0.0,0.0,0.0,0.5,1.0,16384,0,0,0,
image_90.h5,3ab9bc7499a8f0f89f2dc7f4226d4f1b2705fa9d5f07fec2192e0ae1e9820df3,b18f9b09dca1731c2ea23516f99221420588d33388c2755af361b591bfdaa4ea,0,16384,0.0,0.0,0.0,0.0,0.5,1.0,16384,0,0,0,
image_91.h5,c20320a247b94b83856e9c5288ddf8f7c84f06115779a400965e38649cc02e9d,4913788ec113c96638b23ffe912286f00984784160c8fe6120c21bf166476b38,62,16384,0.0,0.0,0.0,0.0,0.49810791015625,0.9962158203125,16322,0,62,0,0.0
image_92.h5,2c4e566b3a1d4c455605267294c62d75e2d073b476dcd21b9e0eab6b5b584612,0f6d96a66ce6bc141c4733652d91d471b62900299be393dd33cd989d84679d9c,145,16384,0.3631578947368421,0.5328185328185329,0.6052631578947368,0.47586206896551725,0.6778707034211333,0.99261474609375,16194,45,76,69,0.3631578947368421
image_93.h5,0196774272b6ec53fb45ca3d1d9c85428ad8e023a36750d9f345713c566f4d74,fc22916fe1997e0ada28290231dbc967e95eb032b1b11539aca74b7fa6e03f74,225,16384,0.4163424124513619,0.5879120879120879,0.4254473161033797,0.9511111111111111,0.6988947683778145,0.981689453125,15870,289,11,214,0.4163424124513619
image_94.h5,e82f4fa7ce9e861e03daab1852676819b95359f937fb711eecaca5296be0b980,b18f9b09dca1731c2ea23516f99221420588d33388c2755af361b591bfdaa4ea,0,16384,0.0,0.0,0.0,0.0,0.5,1.0,16384,0,0,0,
image_95.h5,6ffa8d25bcac506b00b8e7200b8f0ca666ce9b4475d5e04488a73a65efe178cd,5422c3da70d5d35708652e6bdc6dca957be5b67674d3e34b654ab8fef4a11f31,1591,16384,0.6345914558274575,0.7764526769855367,0.6510638297872341,0.961659333752357,0.7876404162131767,0.94622802734375,13973,820,61,1530,0.6345914558274575
image_96.h5,0e5abd04b0d826d14ab457829ab299e7f2885fafcd464824b8f7f812f44b8db8,4935b69fd8eb6cd2f2d4b18f71fb7b94def03bea75c20d90f569b49e1eac7f0f,336,16384,0.40428211586901763,0.5757847533632287,0.4120667522464698,0.9553571428571429,0.687417780838076,0.97113037109375,15590,458,15,321,0.40428211586901763
image_97.h5,17c50b5dc59a7150065229c37a3903805b63133a00f8883ecc161e123d1be3ff,b18f9b09dca1731c2ea23516f99221420588d33388c2755af361b591bfdaa4ea,0,16384,0.0,0.0,0.0,0.0,0.5,1.0,16384,0,0,0,
image_98.h5,b83c29ecea60ca23e41ee8a5b84d445c3c7a710abea5af5f08a475ea77b41a9f,4bf704b4abd41d4e51eca6a675a2c60ec109675ffe13d1420c4138ba377d38e6,0,16384,0.0,0.0,0.0,0.0,0.5,1.0,16384,0,0,0,
image_99.h5,93d14c10b99721a5c2613d6d25f1d7c82f06d1aa4ceb523cdf8f3ac7dfef6add,5e69d057ead16cfd2013c06d5ce648b5d02accb7283ce11a3d3e74145f538559,323,16384,0.5289256198347108,0.6918918918918919,0.6139088729016786,0.7925696594427245,0.757394357536403,0.986083984375,15900,161,67,256,0.5289256198347108
image_100.h5,7874907ca1eb7258541763518f6b36de844e75ba50a244435f6e9119fa264e12,b18f9b09dca1731c2ea23516f99221420588d33388c2755af361b591bfdaa4ea,0,16384,0.0,0.0,0.0,0.0,0.499847412109375,0.99969482421875,16379,5,0,0,
image_101.h5,86e569f78398c1fc4f069e27fcbe2cdf3726bceb4514d302f8eb38fdfb9fd5f8,b18f9b09dca1731c2ea23516f99221420588d33388c2755af361b591bfdaa4ea,0,16384,0.0,0.0,0.0,0.0,0.5,1.0,16384,0,0,0,
image_102.h5,696bd04df987540f14690b3b77bc1063bc365424b21727e395c8129e8dd9becb,4bf704b4abd41d4e51eca6a675a2c60ec109675ffe13d1420c4138ba377d38e6,0,16384,0.0,0.0,0.0,0.0,0.5,1.0,16384,0,0,0,
image_103.h5,237f8bfff1e0abb44dd331fe9fe42b378bb2aef353aa7e2f9544ccddb17da957,b18f9b09dca1731c2ea23516f99221420588d33388c2755af361b591bfdaa4ea,0,16384,0.0,0.0,0.0,0.0,0.5,1.0,16384,0,0,0,
image_104.h5,e3e82dc4ce9cf9b8602d8a5d10ef658676cca28382ab04f5171dbde8cd24f1a6,a2950fd0620016b8b936af6da1cb19b3bda87c65e55a73328a86939e62facdc7,46,16384,0.06521739130434782,0.12244897959183673,1.0,0.06521739130434782,0.5312961994675698,0.99737548828125,16338,0,43,3,0.06521739130434782
image_105.h5,3615864f78d16931d42c8f7dd64c539ddcc1282ad9171590525dddda82830ac2,a4de775c3d6e8cb510123eee9c5644e6ef91aa5f748359fb34fe31fd838038f1,359,16384,0.3539156626506024,0.5228031145717463,0.4351851851851852,0.6545961002785515,0.6636752751298711,0.97381591796875,15720,305,124,235,0.3539156626506024
image_106.h5,d5337955dd7e31e8dcfac4845f970d18f1bb174a2430ace427b2fc4890ae1a8e,b18f9b09dca1731c2ea23516f99221420588d33388c2755af361b591bfdaa4ea,0,16384,0.0,0.0,0.0,0.0,0.5,1.0,16384,0,0,0,
image_107.h5,50b0346865455b7289d6d8c7f0d697203756ec862c88586f92aa245719fd6443,6500ded30236bf82fc67cc1ca8089c747b280d0e62a1fa6e8759764a88a6e9a3,0,16384,0.0,0.0,0.0,0.0,0.5,1.0,16384,0,0,0,
image_108.h5,e60c4505f7b7233edbfa5df7a1ad6fceec16e9c3bed094c58da18959e2e024ba,97825c45da0875608f8e991989cfe7f807c10235e3827b96d1894205c717b414,55,16384,0.0,0.0,0.0,0.0,0.498321533203125,0.99664306640625,16329,0,55,0,0.0
image_109.h5,4c7d06594a5c327f255e077176cc6800cf7cf16510649e02b9620a2145477f90,5e5f268ebd7c1da9fb06e46e1b00e277fb611ff53dba8a03ae1df0e053045e6f,159,16384,0.7159090909090909,0.8344370860927153,0.8811188811188811,0.7924528301886793,0.8564168409398449,0.9969482421875,16208,17,33,126,0.7159090909090909
image_110.h5,9a1e2e2bd7ec1ac1e850238538c3d4a018da9793ef6353a73e7a8b1a43005a09,b18f9b09dca1731c2ea23516f99221420588d33388c2755af361b591bfdaa4ea,0,16384,0.0,0.0,0.0,0.0,0.499725341796875,0.99945068359375,16375,9,0,0,
image_111.h5,3f52488436e3e496725d1b097868150c1bd3d41696ad73a58613eba11c962402,cadb42eb1955bf797c82b8c6b075081f37d21936dd448ae473461ce72019a27d,52,16384,0.3492063492063492,0.5176470588235295,0.6666666666666666,0.4230769230769231,0.6733502715350901,0.99749755859375,16321,11,30,22,0.3492063492063492
image_112.h5,8943b046118d424cd402619d950b2fb8d61e6ff678790807b51ff6d21f2d6e20,b18f9b09dca1731c2ea23516f99221420588d33388c2755af361b591bfdaa4ea,0,16384,0.0,0.0,0.0,0.0,0.5,1.0,16384,0,0,0,
image_113.h5,8bd5d7b19ecc7b27c8afd4449d30aef304a9838a737d5bc8a9ebcec27819b30c,b18f9b09dca1731c2ea23516f99221420588d33388c2755af361b591bfdaa4ea,0,16384,0.0,0.0,0.0,0.0,0.5,1.0,16384,0,0,0,
image_114.h5,396030a4b62bd3ade271eb4dceb79cd99f4d6f27aee772f2d404c777e58c953f,890ac1cf611b296cf8960aa9751db6f9b0c9be020746225b29aafe979d6151e9,75,16384,0.1111111111111111,0.2,0.6,0.12,0.5533570822731128,0.99560546875,16303,6,66,9,0.1111111111111111
image_115.h5,1045f7babfc477370f8d9b3fb8d0617d714155503be852e14f92a06210775a4b,b18f9b09dca1731c2ea23516f99221420588d33388c2755af361b591bfdaa4ea,0,16384,0.0,0.0,0.0,0.0,0.5,1.0,16384,0,0,0,
image_116.h5,751047592e6ce4da480813ec7f926b957bdbbe1657474dce372f008380c0a1fd,290dd08586998a758abb05c8772d8378a5b53d7fa22d3ad96a69bc683423cd45,559,16384,0.10708661417322834,0.1934566145092461,0.4722222222222222,0.12164579606440072,0.5361677248360626,0.96539306640625,15749,76,491,68,0.10708661417322834
image_117.h5,147906eea4d47d05baf0ad7c0d8e5d70caf66f2f1362dd7a82a717a5ff801672,c7b27d07fad02b63012a55385fc32a5aa2f0d4e4de38e98c67bb3927419a9148,290,16384,0.0,0.0,0.0,0.0,0.4910888671875,0.982177734375,16092,2,290,0,0.0
image_118.h5,64d41b69191541c22d726cbe738828b88ffa98c65c8f2f89b41f5b49e6091dc9,6500ded30236bf82fc67cc1ca8089c747b280d0e62a1fa6e8759764a88a6e9a3,0,16384,0.0,0.0,0.0,0.0,0.5,1.0,16384,0,0,0,
image_119.h5,567f97518da1b0406b55f6f14722cac6c2aec838ac57e95fde4dfe6135706d42,45daf995202e4da5e991265a6ecca783544b7008f3accbaf2c273f2d28117b81,41,16384,0.0,0.0,0.0,0.0,0.498748779296875,0.99749755859375,16343,0,41,0,0.0
image_120.h5,55cdc52d502144db768a54e8fbecc6a241992adeaf3396eaea8897e62791e8bc,b590b5c9c69f2539eaad9e123b49ceeff23240071e8081ae8f3cad60440c2274,7,16384,0.0,0.0,0.0,0.0,0.48895263671875,0.9779052734375,16022,355,7,0,0.0
image_121.h5,dd7c73957017e1784bcb18f3c5f392edacab72126a26fff5161a35334e11df06,e8e4abdfd6badef6959d7a97bd5b2e4e45f964e4781b71175b4b53ff66f0c506,294,16384,0.4611872146118721,0.63125,0.5838150289017341,0.6870748299319728,0.723301554407654,0.985595703125,15946,144,92,202,0.4611872146118721
image_122.h5,dea5d23ac581b2df1ccac6ce335769074fb1ab87cda7e581cbd0795d9dec4257,c82e967d4978b711a5151296dcdcf756a34382bd6170627edd4c77a36d4d4f48,339,16384,0.3693181818181818,0.5394190871369294,0.9090909090909091,0.3834808259587021,0.6778300026846539,0.9864501953125,16032,13,209,130,0.3693181818181818
image_123.h5,a68242cd9b864c09ced83f061d09bff51616774ed26aa586e8ac3e2f5d7e9768,b18f9b09dca1731c2ea23516f99221420588d33388c2755af361b591bfdaa4ea,0,16384,0.0,0.0,0.0,0.0,0.5,1.0,16384,0,0,0,
image_124.h5,4172694144c1d568c3aa3275098910cb4df061c6cd3dd90e0af709eb404fbe7e,b18f9b09dca1731c2ea23516f99221420588d33388c2755af361b591bfdaa4ea,0,16384,0.0,0.0,0.0,0.0,0.5,1.0,16384,0,0,0,
image_125.h5,2dd8d5b1f2f3d488482fd99b805aba7c1b3fac8d6d657b163d3d4f45ff9c1750,10c17c55a6c9ae77cac4c4274f8d0b60a514fa0d9d7129f3dd4ec7e3d435e330,98,16384,0.36787564766839376,0.5378787878787878,0.42771084337349397,0.7244897959183674,0.6801984748487251,0.9925537109375,16191,95,27,71,0.36787564766839376
image_126.h5,e9e03a3f22a0c5eeab65455a1ba9a05a4d42fe6564b0dae75adc0452fc8702f3,6500ded30236bf82fc67cc1ca8089c747b280d0e62a1fa6e8759764a88a6e9a3,0,16384,0.0,0.0,0.0,0.0,0.5,1.0,16384,0,0,0,
image_127.h5,a7ef97c89bb9407b348c57708bec59fba6a35725eb848a6c6ca3fff6935d8e8e,09cd31bf9fa9d5b9f64b8e447ad2efd94569a94eb47b3465a461cb1c448f76e0,88,16384,0.4954954954954955,0.6626506024096386,0.7051282051282052,0.625,0.7460330071022704,0.99658203125,16273,23,33,55,0.4954954954954955
image_128.h5,3e6f47afe2f49cfb9a992e9c1365d6f7792741fdfca5b907afd7e3e77a9ae998,93f8c66942c0f43b96b55d7264c73fd4b12a18c8edbf818719309433350479e5,204,16384,0.1116751269035533,0.2009132420091324,0.13095238095238096,0.43137254901960786,0.5343599002215361,0.957275390625,15596,584,116,88,0.1116751269035533
image_129.h5,d14c2e27a043f691670c0235065f9725b317409526b02b794e6544d3e9783d84,39186b3dd6958d626e0ba68c878485c667354da1291f454128a6d7ee2339a002,333,16384,0.7189695550351288,0.8365122615803815,0.7655860349127181,0.9219219219219219,0.855752737957945,0.99267578125,15957,94,26,307,0.7189695550351288
image_130.h5,ec7534c054e7b1c21ec0a7f7af4630703a80ec69c25f0279ba76bf732edd7fb5,e5b5c986961a0a64e7eb1022ed4944149d5b7a8f42a859a21a0ca6489ec292f8,658,16384,0.41578947368421054,0.587360594795539,0.7559808612440191,0.48024316109422494,0.6940784560355332,0.972900390625,15624,102,342,316,0.41578947368421054
image_131.h5,9d12a8e14fea403b10f9ac87917d813eede2507f0dd16488ecb9b9d46cddd2b2,b18f9b09dca1731c2ea23516f99221420588d33388c2755af361b591bfdaa4ea,0,16384,0.0,0.0,0.0,0.0,0.5,1.0,16384,0,0,0,
image_132.h5,95fb87321068de1ff956b87471c0dd957039f2f3224d40fa1583409229ac97b2,35e2c24223bac985aac7449720d7ae42ff98ffb9a67d7954f1fee0dabfa6dbf3,1086,16384,0.5851502651738362,0.7382899628252788,0.6190773067331671,0.914364640883978,0.7697046238480447,0.95703125,14687,611,93,993,0.5851502651738362
image_133.h5,22fbb55167c2d2710ef67a878957d67e4fff9168db9e7254cc6d11205fdf127e,6500ded30236bf82fc67cc1ca8089c747b280d0e62a1fa6e8759764a88a6e9a3,0,16384,0.0,0.0,0.0,0.0,0.497406005859375,0.99481201171875,16299,85,0,0,
image_134.h5,f35bf6db30c0147b73b0817635e09e406e7448ed9a533554f6ca0df43e759af1,b18f9b09dca1731c2ea23516f99221420588d33388c2755af361b591bfdaa4ea,0,16384,0.0,0.0,0.0,0.0,0.5,1.0,16384,0,0,0,
image_135.h5,2ad2dae5ec126a98a42518c780254b0cb3091ffb103c24b579cb783f568998ed,816ac3e434b3e7b71cb1c9ce62cc98d86b0dd4c89a2a6af8bc6c6f84b34ea812,182,16384,0.6356589147286822,0.7772511848341233,0.6833333333333333,0.9010989010989011,0.8149318001510242,0.9942626953125,16126,76,18,164,0.6356589147286822
image_136.h5,c9a784186f4505f50dc8fba60550360e011c614596c0617fcab770a68b51b25b,b18f9b09dca1731c2ea23516f99221420588d33388c2755af361b591bfdaa4ea,0,16384,0.0,0.0,0.0,0.0,0.5,1.0,16384,0,0,0,
image_137.h5,81df3858add314e06e526d6c09fb7ecf669e6812152f3d3740a00ac67cf92fa8,bc65a1d51cbad1d11d48cf38c8ac849c88120c17081232cf95c6927932b2c502,179,16384,0.6711711711711712,0.8032345013477089,0.7760416666666666,0.8324022346368715,0.8333373564509998,0.99554443359375,16162,43,30,149,0.6711711711711712
image_138.h5,0dbfcd5d937401f6815ac4140f82e01440e44a368b2de9377eeb7b8a8e916d3a,b18f9b09dca1731c2ea23516f99221420588d33388c2755af361b591bfdaa4ea,0,16384,0.0,0.0,0.0,0.0,0.5,1.0,16384,0,0,0,
image_139.h5,3d8122ee6dac4248fca4dd1dd0e159651bc129a12c2a32c62c05fd025db2b7ea,d8e1b3b469c05dc47a948f97aef4e8395ab7030b8cf1d244315a8891707cab8c,67,16384,0.0,0.0,0.0,0.0,0.497955322265625,0.99591064453125,16317,0,67,0,0.0
image_140.h5,46d19a39519d0d1f079be3dd7593375617de84e766f4817d9f37707266a365eb,173976906073adb4a2529659428f352550baba3af4635f3de1c4ac9a521be78b,95,16384,0.0,0.0,0.0,0.0,0.497100830078125,0.99420166015625,16289,0,95,0,0.0
image_141.h5,25da57f946673b1f16a2d96f63b84b7c27241e8d8a5373e19a72657b5773c47a,b18f9b09dca1731c2ea23516f99221420588d33388c2755af361b591bfdaa4ea,0,16384,0.0,0.0,0.0,0.0,0.5,1.0,16384,0,0,0,
image_142.h5,6a0877c48642bf82569c05f8939fb66b3556cc036363f10783a6637143aea86a,b18f9b09dca1731c2ea23516f99221420588d33388c2755af361b591bfdaa4ea,0,16384,0.0,0.0,0.0,0.0,0.498016357421875,0.99603271484375,16319,65,0,0,
image_143.h5,43f765b7bf0334a369f7c8af825f34f44220a1ec5b712caf7d929f3d8f9a99b8,ba1e2abf7bc2bde0a59813102c098d2ae89c8ae7f53ef091cd40132246328c95,66,16384,0.0,0.0,0.0,0.0,0.497039794921875,0.99407958984375,16287,31,66,0,0.0
image_144.h5,c63daee10df573eeb8c8fda0b96f9a100c4cd6cd6f8bb874fe3205d511f4eca5,b18f9b09dca1731c2ea23516f99221420588d33388c2755af361b591bfdaa4ea,0,16384,0.0,0.0,0.0,0.0,0.5,1.0,16384,0,0,0,
image_145.h5,d377739bcb7fd4be1e29bce95889c8d7ab9af59b2a1e43fc9c49ac1254ee042b,68269d0e5bd18c1e665f96349e8055c23433389d7d391a84b046408ec621378c,675,16384,0.546458141674333,0.7067221891731112,0.5904572564612326,0.88,0.757617924542043,0.96990966796875,15297,412,81,594,0.546458141674333
image_146.h5,30db0fa9dc610718e8ed99914d29ae109ba7ca8b237b81d52ca04c7271728569,fc7d95cf7aceff4dadb152f6c7d97a87767fd2ae382a2c83fa46fbb3e67a67c1,666,16384,0.5184743742550656,0.6828885400313972,0.7154605263157895,0.6531531531531531,0.7465718162578858,0.975341796875,15545,173,231,435,0.5184743742550656
image_147.h5,a9e7c34a7a89ae6cb72a24984475d74b443650c5463622c47bc6794e46e496b6,9e9448468b87f35daf7b17bcf6520c9972da5b8813cf04f3e537edd57b5f903b,14,16384,0.0,0.0,0.0,0.0,0.49957275390625,0.9991455078125,16370,0,14,0,0.0
image_148.h5,e969dfab701800f2c916c4f3ab24633e17fef21fa7e15d76a03eb3c544c05cf8,b18f9b09dca1731c2ea23516f99221420588d33388c2755af361b591bfdaa4ea,0,16384,0.0,0.0,0.0,0.0,0.5,1.0,16384,0,0,0,
image_149.h5,eb64f830f6af21fa289213ea6a506d5ccfd5689135c1c8991f8b372e2bb139ec,4c3c4c68bf2a8357b920cfaed3708b723a07588ea6d132fa0e255abcc776599b,767,16384,0.6493848857644992,0.7874267448055408,0.6657657657657657,0.9634941329856584,0.8119407650299006,0.97564697265625,15246,371,28,739,0.6493848857644992
image_150.h5,89e35319a85f9a2080b0c6014a756d85822f45c5e444f335de60b9e2f1c7a400,b18f9b09dca1731c2ea23516f99221420588d33388c2755af361b591bfdaa4ea,0,16384,0.0,0.0,0.0,0.0,0.5,1.0,16384,0,0,0,
image_151.h5,b2cc70507bbc6e27732da3abb0f5c89e79aac9ac26b92b6ff50287a380ecbc3f,ffcc8f9d5549ab94ee8cf6b6c9404be01a3933974c32b5472d80e8a6b5157aea,480,16384,0.2447973713033954,0.39331280246370437,0.24930284439486894,0.93125,0.5791345832484851,0.91583251953125,14558,1346,33,447,0.2447973713033954
image_152.h5,14c9ce7b28f9e99587b70c8331d387c0e9872278ad8e121f8492ce6f43a94783,8c828cd435d2c65e4f0b31083cdc77941d27d0a605deee3e868a3fd734ce92c3,2308,16384,0.6668086919471666,0.8001022494887525,0.9756857855361596,0.6780762564991335,0.8070192997491417,0.9522705078125,14037,39,743,1565,0.6668086919471666
image_153.h5,c89c5fb6c211064d88d077fe58a54deb9e33ca33defa79cd584ce67a08d4ac80,6500ded30236bf82fc67cc1ca8089c747b280d0e62a1fa6e8759764a88a6e9a3,0,16384,0.0,0.0,0.0,0.0,0.5,1.0,16384,0,0,0,
image_154.h5,6ae3440fe7976d4990ff2692bf53f21900fc591cdc8f85bdd0103807c7f3d119,5fca7335d15742f461451fc01c837f6c6135e8ae24a0784802f79db60aae4ffe,1787,16384,0.7960396039603961,0.886438809261301,0.8734383487235198,0.8998321208729715,0.8840782751799815,0.974853515625,14364,233,179,1608,0.7960396039603961
image_155.h5,2247acc83b99e4b69fed72a7c07fd0a609ef59b518aaa4833191e30c2380e321,44e67c84dda58a7fe99c22e801589dbb1da91fbe240169b516d282c81df77fa8,350,16384,0.48044692737430167,0.6490566037735849,0.9555555555555556,0.49142857142857144,0.734486972199364,0.9886474609375,16026,8,178,172,0.48044692737430167
image_156.h5,8083bf9626d73a7ffc8276ca530985d4558bcd3cc8de9eb83d7919ed0d2054d3,16a565f98076b133e0d61278845872f9c55498769e742066cffe7fbec64cb02a,269,16384,0.5457875457875457,0.7061611374407583,0.9738562091503268,0.5539033457249071,0.7690748631309148,0.992431640625,16111,4,120,149,0.5457875457875457
image_157.h5,ae3ca397096f476895ee89537cd325ec262739e507fbd914bc2157f529e1ec96,12f1a362c8e7503b89b3760257591c936e17c53efcdced88cf3065f227e95bba,108,16384,0.28865979381443296,0.448,0.39436619718309857,0.5185185185185185,0.640104027235487,0.9915771484375,16190,86,52,56,0.28865979381443296
image_158.h5,19236ffe1f7c888f96276c737d63dd4796176282739e40c59ae5592924ef6fd7,d5b6433275fe378739af760d24efd3c5bf854434c685772ae787440d4ffc54bb,40,16384,0.0,0.0,0.0,0.0,0.497772216796875,0.99554443359375,16311,33,40,0,0.0
image_159.h5,a30c34885c195e6b38493574d9d51618f4e9e8af3c4c56a778550989658fc6b4,00fa273cb5da516e4be9a4428f9a49f3762728632aef3e229fe99e4168e6e803,310,16384,0.6702702702702703,0.8025889967637541,0.8051948051948052,0.8,0.831354768253628,0.9925537109375,16014,60,62,248,0.6702702702702703
image_160.h5,84d125d935b69648877e76f743d02b1e69c6d25dce47419990307392d2ad0e88,4af22d9f0dba526ecf995de5a1045d8446335ac12bca45c3866e47083055c35f,199,16384,0.38308457711442784,0.5539568345323741,0.9746835443037974,0.3869346733668342,0.6877402403570545,0.992431640625,16183,2,122,77,0.38308457711442784
image_161.h5,c7a0394a5352d2398e63fb33700711d23cf6e6b524cceb91d9519fe96efd506e,b18f9b09dca1731c2ea23516f99221420588d33388c2755af361b591bfdaa4ea,0,16384,0.0,0.0,0.0,0.0,0.5,1.0,16384,0,0,0,
image_162.h5,5b674f604389363f2921ea16752535472428de0bef76de33790b5b713b685ec0,1420b87502bb2508eccaac5b49e5409a87c8b633b272979384c2dfa0cb628d04,589,16384,0.4972677595628415,0.6642335766423357,0.5175355450236967,0.9269949066213922,0.7312074370487525,0.96630859375,15286,509,43,546,0.4972677595628415
image_163.h5,1d2425f65c5f15b45131f1ea2a41d875ababa2dd23cef30652efac6316c3b750,5b85661b9327cf33a402cc322daee09f31ac399c60ccf3ddff6f6e183764a40d,536,16384,0.4113785557986871,0.5829457364341085,0.4986737400530504,0.7014925373134329,0.6888851799483191,0.9671630859375,15470,378,160,376,0.4113785557986871
image_164.h5,3d951c42815e9781fd1e383f8cce77258f0c65b23f99d4ef86eb132467075403,a1fbc8743ad0984b818c337fb8f368982526ade37671a8bd550929a9f52dd334,64,16384,0.0,0.0,0.0,0.0,0.4979248046875,0.995849609375,16316,4,64,0,0.0
image_165.h5,2f4e4438e59f24cfc6e19de951308ee47a21de6d8e27a4a0fcab1c36b2d23655,dc121e37e982aa865820ea81acafe56571b1f21dd5cd383709042369577fa769,1953,16384,0.7849939491730537,0.8795480225988701,0.7872168284789643,0.996415770609319,0.8740387393738935,0.96746826171875,13905,526,7,1946,0.7849939491730537
image_166.h5,4261870f63ebb8314f3fdedacbae324b013bae95a517a859d94d06d052f81436,b18f9b09dca1731c2ea23516f99221420588d33388c2755af361b591bfdaa4ea,0,16384,0.0,0.0,0.0,0.0,0.4962158203125,0.992431640625,16260,124,0,0,
image_167.h5,3e0108956e3d1cd483c6e47c4a94192d2d16a900865683f141ce3fb53c40d640,49670fc73ddb8dc5e9559635d5501d51c237865ee21e078896e6e4b0d15c773c,26,16384,0.0,0.0,0.0,0.0,0.49920654296875,0.9984130859375,16358,0,26,0,0.0
image_168.h5,20164ebeedcb2c47366e2d318fe63b47fe67d6d6f883acd1905134577e627bff,4bf704b4abd41d4e51eca6a675a2c60ec109675ffe13d1420c4138ba377d38e6,0,16384,0.0,0.0,0.0,0.0,0.5,1.0,16384,0,0,0,
image_169.h5,7682857b70b7f2bad971b4841f1de557183a2f526a8a814141f60c2397604cd7,32e691dcb45d9ef5547529b4e7959f6f992de2b722abff55ebada66f97601ac0,25,16384,0.0,0.0,0.0,0.0,0.499237060546875,0.99847412109375,16359,0,25,0,0.0
image_170.h5,85715655d7b0142a8ac7b28f0cd076530eeb0c7056b1477e85cb184669f356f1,e0bacedafb4e6b7b5efe2b8d5a3f3f19d5e42375252b95e99a6544bdfe36ab2c,41,16384,0.0,0.0,0.0,0.0,0.498748779296875,0.99749755859375,16343,0,41,0,0.0
image_171.h5,eff328a31d69207455df9efd12f7ea72714aead973abedf33eb52fa8af2a2ab9,e8c6be1c871185357b6bf1c52e67d4c0fa1b52fcb17b93333a039b8110fd463c,892,16384,0.7658168083097262,0.8673796791443851,0.8292433537832311,0.9091928251121076,0.8749459049575343,0.98486328125,15325,167,81,811,0.7658168083097262
image_172.h5,098f1bf55707099682eecfe498d0c1e5b2e16adfd2b7ec3c93f557a6032a22ed,9eb6cd125726dd51e212f8ad2cb3899772f16eba5ed59fa02d4601baaf70ffdb,163,16384,0.3094059405940594,0.4725897920604915,0.34153005464480873,0.7668711656441718,0.6461231068367923,0.98297119140625,15980,241,38,125,0.3094059405940594
image_173.h5,9d08b7f1fe01e9a347e554e2eb2b515ac05b662f0fe95e09a8434196d050aca8,60ecad9f4719766a220ed1fb1199b52e030f4a0e5fefae9a7f50fd47a9d8cf92,128,16384,0.21476510067114093,0.35359116022099446,0.6037735849056604,0.25,0.6038050063042593,0.99285888671875,16235,21,96,32,0.21476510067114093
image_174.h5,8cbd70353a04fb94ab5c25baceb173256dad588cf122c4e164e0da543996cbc0,92b02591f09909ea18b7d30218f0df0df445c306e98f5f500c450838a91da7fc,1110,16384,0.4627586206896552,0.6327204148986327,0.6636993076162215,0.6045045045045045,0.7065909185673185,0.95245361328125,14934,340,439,671,0.4627586206896552
image_175.h5,264d86d5f0f67d387e94c5b6e2e494ee16d20430a59c9f1d0a951122cc64520f,b18f9b09dca1731c2ea23516f99221420588d33388c2755af361b591bfdaa4ea,0,16384,0.0,0.0,0.0,0.0,0.5,1.0,16384,0,0,0,
image_176.h5,aff8ba559185415c0abd54f906b509a9fe4cbd725dc99781e6ff3b6619ddb0d5,6500ded30236bf82fc67cc1ca8089c747b280d0e62a1fa6e8759764a88a6e9a3,0,16384,0.0,0.0,0.0,0.0,0.5,1.0,16384,0,0,0,
image_177.h5,9cd58a2661644c770f6f5a2230b32f555c65ef58ac1813202e6fa90bbb42a54c,b18f9b09dca1731c2ea23516f99221420588d33388c2755af361b591bfdaa4ea,0,16384,0.0,0.0,0.0,0.0,0.5,1.0,16384,0,0,0,
image_178.h5,83a78ca0e5433723173bf18aa97373214568f1ef8b6789b4ba562e98725c5877,b18f9b09dca1731c2ea23516f99221420588d33388c2755af361b591bfdaa4ea,0,16384,0.0,0.0,0.0,0.0,0.5,1.0,16384,0,0,0,
image_179.h5,4590b398d4523b463e6c52473adf95dc337f0f020135ea725ceddfebd46e7b52,b2102fff82fd7fe94910c1c170770aff415a6552304125f165c5c0cb3e26841f,10,16384,0.0,0.0,0.0,0.0,0.49969482421875,0.9993896484375,16374,0,10,0,0.0
image_180.h5,0c62b70cc0eed33110338bf8f76c0d5950316fad60251c3779eb65c252cc3cf2,4bf704b4abd41d4e51eca6a675a2c60ec109675ffe13d1420c4138ba377d38e6,0,16384,0.0,0.0,0.0,0.0,0.4913330078125,0.982666015625,16100,284,0,0,
image_181.h5,a9de4417e29d6c666fcd31279b0a7530fa1c5bf6b3a14d3d6485811ec98e3f19,f4d1ed4afa981b227cfdd46effa7e649e53cb6da1f60b28c8ff3777d39ec9d83,74,16384,0.6190476190476191,0.7647058823529411,0.6770833333333334,0.8783783783783784,0.8082982442318186,0.99755859375,16279,31,9,65,0.6190476190476191
image_182.h5,22efb4d5965422feec9b818ec046b1bf87cadae11b71d81a55e432b1f3fd8eb0,b18f9b09dca1731c2ea23516f99221420588d33388c2755af361b591bfdaa4ea,0,16384,0.0,0.0,0.0,0.0,0.5,1.0,16384,0,0,0,
image_183.h5,efc9395aa030203c92b4143d74f78e45d75e2ae9e2aec81ebfefbd38429cfb75,7effeb00d75eb0371a0c5fecef8c119ad99cbedf5ac7bf6444b73d242b8900ac,59,16384,0.2804878048780488,0.4380952380952381,0.304635761589404,0.7796610169491526,0.6366326893162432,0.9927978515625,16220,105,13,46,0.2804878048780488
image_184.h5,bb450564ba3ab65f04e4b992918145e1fa54ed06fca248017bc1681d6dcb9f3a,23a46207a6fbca3d2e58771588a870b4001363cedc74b779bf519ebdeb19b29e,302,16384,0.6252676659528907,0.769433465085639,0.6389496717724289,0.9668874172185431,0.8071963485121152,0.98931884765625,15917,165,10,292,0.6252676659528907
image_185.h5,89565ff85186f6f06f343b72191e33b1611516747e2496e45be373dfb0cd84d9,27d570cc279ae3f4339ee45e5b78c9e6077df823d150f4dd9711480093205e84,407,16384,0.491869918699187,0.659400544959128,0.5230547550432276,0.8918918918918919,0.7342315700480517,0.97711181640625,15646,331,44,363,0.491869918699187
image_186.h5,29054d978f6ab28b54af0e9798e30031a4b3487e9497a63d7afec83157e0b88d,9e422e8690cbcefa68cf87c17d458ed4abc6dfaa18eb66d0e44e7f8bf8f98308,77,16384,0.0,0.0,0.0,0.0,0.497650146484375,0.99530029296875,16307,0,77,0,0.0
image_187.h5,ca0933b1c36bd6ffd62febc6a40fea37fe74ecc20795b241b5d9608b8058b410,79fb7fd370226e6483f1d040d3785d90dfdaf132ae96f9179c877abc95ec4535,8,16384,0.0,0.0,0.0,0.0,0.49945068359375,0.9989013671875,16366,10,8,0,0.0
image_188.h5,5f79fa5847d2baefc99a0323cbc10d52e3ab06334ba1f86732c7bd8c6db9c42a,a4697ef15b34b61ddd65f2e9cb7ac93ac1a9e146a50083955128352f61eae963,1107,16384,0.5400733368255631,0.7013605442176871,0.5624659028914348,0.931345980126468,0.7414429082356175,0.9464111328125,14475,802,76,1031,0.5400733368255631
image_189.h5,3171dd37f701ab5f743e5becf70675101c14c396753b220173766a3fba1bbb2e,e78741bbe96303bb1e204c985c95b347bb9d20f7f32c139f27caf7fd126cb50b,4974,16384,0.7767624020887729,0.8743570903747244,0.8048698004734528,0.9569762766385203,0.82953742953716,0.91650390625,10256,1154,214,4760,0.7767624020887729
image_190.h5,08c1a86ec99616bd360bf9d12c20411caaa3ebc52b34f721eb0c4f51417ac286,6acd9cfd7c066a92bfb15b7bf25bf250d6436b813b8fc58e0e172b0c7cb0ca9c,469,16384,0.15822784810126583,0.273224043715847,0.9375,0.15991471215351813,0.5668814143933885,0.97564697265625,15910,5,394,75,0.15822784810126583
image_191.h5,f643f0b9c17765bf42394f0e235c96e898d8afea53e2a6f9d572705d5bc5dc71,b18f9b09dca1731c2ea23516f99221420588d33388c2755af361b591bfdaa4ea,0,16384,0.0,0.0,0.0,0.0,0.5,1.0,16384,0,0,0,
image_192.h5,5ea0468c77e7c3e2bb091930c546ba4ad749ce087de1d5640b8e440aa86934d3,6f58e940335ed609aba624c1184ccf0ec5713c7bbe201cf03a9634360948150c,1021,16384,0.6385362210604929,0.7793983591613491,0.7289002557544757,0.8374142997061704,0.8036843639915126,0.970458984375,15045,318,166,855,0.6385362210604929
image_193.h5,93c978a47be36beb32e705c53a24e7368e3339408cf5c77a12dc6852cdf6e8d1,b18f9b09dca1731c2ea23516f99221420588d33388c2755af361b591bfdaa4ea,0,16384,0.0,0.0,0.0,0.0,0.48150634765625,0.9630126953125,15778,606,0,0,
image_194.h5,a61dfc0bcb38c8058736c0d146d9054288ce4bc53d6e3cb85e3e718cc10449d1,eddc955075366dbc37b809d5299489424019a151b88afdb8b637ddcaf194bc9f,2452,16384,0.7829252150893448,0.8782479584261321,0.805858310626703,0.9649265905383361,0.8680641198859479,0.9599609375,13362,570,86,2366,0.7829252150893448
image_195.h5,39f029dc63534220a8386e7ed2df693cc871a45606f6a8a042e9339892e9ba2c,92d98d05bc2f5f6d2c3901eac532da7fc5e919374c5032d67cfb32ad3a891975,1275,16384,0.4739511295527893,0.643102908977166,0.5348595213319459,0.8062745098039216,0.6998239627967124,0.93035888671875,14215,894,247,1028,0.4739511295527893
image_196.h5,506ad9c07c03cd201bc5ed2dbc5a3c6ce3f71c24d10b349b09af5f209f92011b,f09091b5073172f31a4166927321fda5c982b67dfddf25fb61ed1659d1be624d,886,16384,0.6555133079847909,0.7919154800183739,0.667699457784663,0.9729119638826185,0.8131644622645253,0.97235107421875,15069,429,24,862,0.6555133079847909
image_197.h5,171bb6cbd81bb32fe0f0370ca20960b2c6af8b9533a0cfc2aba94b2a33f2e2c2,b18f9b09dca1731c2ea23516f99221420588d33388c2755af361b591bfdaa4ea,0,16384,0.0,0.0,0.0,0.0,0.5,1.0,16384,0,0,0,
image_198.h5,88c962ae63e88f236b7149283432def42aa67e44adb3fb6143c92a71534eebe1,8eef13d48e94900f8009c7e8871b19382af588b243884455d5aca431201aa452,40,16384,0.0,0.0,0.0,0.0,0.498779296875,0.99755859375,16344,0,40,0,0.0
image_199.h5,eab65c974f2b71adb78e42971a2c0e058d2a64cb42945e27fded7ed13a1eab1b,7f531000c5f8d61900e9bfe8c9843b7ac6aeab2f7b785392c35232c69acceb5e,2660,16384,0.5613423403791675,0.7190509420795533,0.5718091009988902,0.968421052631579,0.7077786441177414,0.87713623046875,11795,1929,84,2576,0.5613423403791675
image_200.h5,985a724f2ea67fd63366b461878e0dd74c9210d605fe72e4a48d7805ac7e677e,b18f9b09dca1731c2ea23516f99221420588d33388c2755af361b591bfdaa4ea,0,16384,0.0,0.0,0.0,0.0,0.5,1.0,16384,0,0,0,
image_201.h5,9ebc56cd16e1ef68dac0d46821d2ff581fb46a5dd838826d09a820409bf8fc2d,d3fa7ac17984b4cdb34ab9af7fdd1b4722ec6c32761b9301ed7dd3f81d1ba03f,37,16384,0.0,0.0,0.0,0.0,0.498870849609375,0.99774169921875,16347,0,37,0,0.0
image_202.h5,ee41ed2875bae8b7c5d73b67171c73e36fd0f5f1e5949c917bd49e7d72374e9d,6500ded30236bf82fc67cc1ca8089c747b280d0e62a1fa6e8759764a88a6e9a3,0,16384,0.0,0.0,0.0,0.0,0.5,1.0,16384,0,0,0,
image_203.h5,76d1a48439e3115388a9b4bbb45b18f30afebe7e8d5e3ead9312d91fb77d9997,41c8d5926362db51653325f9a70163806adf834e805f831c3e802385fb7a9210,1432,16384,0.6891408114558473,0.8159660897209466,0.825589706933524,0.8065642458100558,0.8274648833692658,0.96820068359375,14708,244,277,1155,0.6891408114558473
image_204.h5,d23e524ab56ea66b80cae08f561945239a986a8df44fe43b28350d53cd41cd49,6500ded30236bf82fc67cc1ca8089c747b280d0e62a1fa6e8759764a88a6e9a3,0,16384,0.0,0.0,0.0,0.0,0.5,1.0,16384,0,0,0,
image_205.h5,94e855e185a6231f07cc886de8daf4e5d1932a829166749b9baecfab648adaef,8ce259db9d511e4f762302057efe9c2a120ba5f9c0ab61565deaafce7bcf094a,367,16384,0.5821678321678322,0.7359116022099448,0.6189591078066915,0.9073569482288828,0.7836388970819848,0.98541259765625,15812,205,34,333,0.5821678321678322
image_206.h5,1dcddeee4275eceecb2408574535e087eb2a2ccfd5bf33518c02e09a8bf577ca,b18f9b09dca1731c2ea23516f99221420588d33388c2755af361b591bfdaa4ea,0,16384,0.0,0.0,0.0,0.0,0.5,1.0,16384,0,0,0,
image_207.h5,e95ede2d88b336eee81415c12d4710d55ace16bd71a5ab30c2d6a696165fd60f,b18f9b09dca1731c2ea23516f99221420588d33388c2755af361b591bfdaa4ea,0,16384,0.0,0.0,0.0,0.0,0.479278564453125,0.95855712890625,15705,679,0,0,
image_208.h5,088790dd44f4c842baf583b3eb7cfb84ad57440470b5e6e24c20243153b191bf,b18f9b09dca1731c2ea23516f99221420588d33388c2755af361b591bfdaa4ea,0,16384,0.0,0.0,0.0,0.0,0.5,1.0,16384,0,0,0,
image_209.h5,77d4fdc59c1f6e6a63cf2aa857c9febabbbc67a1779353952aa419234c783acc,31c8cb54ed49bb70d19f96149121dd9f9082bf995c38e08710339b20d760a133,270,16384,0.2314487632508834,0.37589670014347204,0.30679156908665106,0.48518518518518516,0.602342236790642,0.97344970703125,15818,296,139,131,0.2314487632508834
image_210.h5,76584de1b66b4f358975da0cb68564efd615ef71a1db64a6a0f5c652e3e668f4,bcdcded305019228ab204a90344f382b408bbb71d2458801221bc1e033f10733,61,16384,0.7777777777777778,0.875,0.9607843137254902,0.8032786885245902,0.8884603611876339,0.9991455078125,16321,2,12,49,0.7777777777777778
image_211.h5,9159da57edaf17d06d7f1112b56a0ca65ce34c5a8ba178ab1e4f05b337a2ae6a,dc154ac57efeae0f6b85576d0f5c60b78acd5575ce99a888397f196f9aef7f59,103,16384,0.037037037037037035,0.07142857142857142,0.4444444444444444,0.038834951456310676,0.5153439153439153,0.99365234375,16276,5,99,4,0.037037037037037035
image_212.h5,af937176ea47ad62c8d7d46995c6ead92c94ccba62a6743a78f7f560b3028416,b18f9b09dca1731c2ea23516f99221420588d33388c2755af361b591bfdaa4ea,0,16384,0.0,0.0,0.0,0.0,0.5,1.0,16384,0,0,0,
image_213.h5,a3c538586d9414ecfbc2223f3c1c8ee4fd20faafcdbb70c2fa6e75202653522e,5f201b581b89493af864d8a93e2bbad95e8877f27a9718d95ad01b7795d8f436,37,16384,0.0,0.0,0.0,0.0,0.482513427734375,0.96502685546875,15811,536,37,0,0.0
image_214.h5,e62a626cbd7025cab044fc06474510a95a70161ec43f32d6a13fba788b1b1a62,b18f9b09dca1731c2ea23516f99221420588d33388c2755af361b591bfdaa4ea,0,16384,0.0,0.0,0.0,0.0,0.495208740234375,0.99041748046875,16227,157,0,0,
image_215.h5,a26a1173fd3a4a1468e6dc347d2c0ff15b4c3d2bdb4e8f524980eab4656687ad,b18f9b09dca1731c2ea23516f99221420588d33388c2755af361b591bfdaa4ea,0,16384,0.0,0.0,0.0,0.0,0.5,1.0,16384,0,0,0,
image_216.h5,e700f646503489c41e3e337e8928fef2a3cdc27ae622ec562ef88a7a09f37cfd,b18f9b09dca1731c2ea23516f99221420588d33388c2755af361b591bfdaa4ea,0,16384,0.0,0.0,0.0,0.0,0.49029541015625,0.9805908203125,16066,318,0,0,
image_217.h5,94d1944a636518469efbbaf31f0526b90eec131219acb3b00d852ba99323df1c,6500ded30236bf82fc67cc1ca8089c747b280d0e62a1fa6e8759764a88a6e9a3,0,16384,0.0,0.0,0.0,0.0,0.5,1.0,16384,0,0,0,
image_218.h5,fd82dc01809b70575282f3d296a4026f3408f718d8b13d59ff471ae5f3d69119,b494440709ce57a73d811bcb9d952aad29d1040b96a0feee1a0300b7e663d36d,594,16384,0.1603399433427762,0.2763671875,0.16162193032552827,0.9528619528619529,0.4864792395940079,0.819091796875,12854,2936,28,566,0.1603399433427762
image_219.h5,201251cf5538111e91331f734e54cf8ac28ad71495ff8bbeb243e1ae231c5434,c5e383da5a287fbaa72e3915f7dea478010d2a7411eb4ed458c8935cebee334c,13,16384,0.24528301886792453,0.3939393939393939,0.24528301886792453,1.0,0.6214198369643513,0.99755859375,16331,40,0,13,0.24528301886792453
image_220.h5,7ff0b5cb1d65631688ae09128bd6fb164464fb72b4c5731c340d974e807cdf79,4ebc2437d2d6b4b549d04bc6798e7277bf9554a58f4ede36b0f7a5513f2046e6,28,16384,0.0,0.0,0.0,0.0,0.4991455078125,0.998291015625,16356,0,28,0,0.0
image_221.h5,c81fed8ef9ac90601465b4b0f5c6fb5ae631ae573d0b8197cf3d613f9c5f4a7c,65c545b16301ddbd5b62da50b7e22e5ac6ecbc2e9baa14dafe148bf50a679c2a,349,16384,0.426917510853835,0.5983772819472617,0.4631083202511774,0.8452722063037249,0.701152210582614,0.975830078125,15693,342,54,295,0.426917510853835
image_222.h5,5dd7c723bb586c8c2aea5738e5e1459efcd734beb564929187408947b8a96595,88d16a8119b894de9d35b84441ba3cac4df42436a2508ebc160cb2804076139a,58,16384,0.017241379310344827,0.03389830508474576,1.0,0.017241379310344827,0.5068810815247934,0.99652099609375,16326,0,57,1,0.017241379310344827
image_223.h5,836353cf13ef254ad2b7a0025013ed70fc514c496aba1489b642649dacb49179,e14df48df39b958178b254de3c336a55850d0504d582f289685505f73ccd8229,250,16384,0.22209026128266032,0.36345966958211856,0.24005134788189988,0.748,0.5908253368523569,0.96002197265625,15542,592,63,187,0.22209026128266032
image_224.h5,5dfdba68fa12d4b127e7a09fc1bb8d7653f5fa8366dd375e2e7392b01ef90aa6,b18f9b09dca1731c2ea23516f99221420588d33388c2755af361b591bfdaa4ea,0,16384,0.0,0.0,0.0,0.0,0.5,1.0,16384,0,0,0,
image_225.h5,12ecec645770b524d436b16bd594bba19269160f6222225e1aaceeb2b7a6b915,b18f9b09dca1731c2ea23516f99221420588d33388c2755af361b591bfdaa4ea,0,16384,0.0,0.0,0.0,0.0,0.4990234375,0.998046875,16352,32,0,0,
image_226.h5,a0285ff5cd9d654bee7811b7d7e87176a702a7dc7e7f4e4f64ebb19f1b1d7484,011d5e4c6ac73250fe84f85308f1611cab8e9e7e1ff55eee685c2e97fc10b069,198,16384,0.09696969696969697,0.17679558011049723,0.1391304347826087,0.24242424242424243,0.5348034087199122,0.97271728515625,15889,297,150,48,0.09696969696969697
image_227.h5,d91720103e571b8c05a659aa60397753157a352d2ed022da45d19d4a0008491e,b18f9b09dca1731c2ea23516f99221420588d33388c2755af361b591bfdaa4ea,0,16384,0.0,0.0,0.0,0.0,0.5,1.0,16384,0,0,0,
image_228.h5,7f847385a0f39b646e0f768aacf5b06b99c8364ceea7e6129ebf2ee23547270e,3d4e833eddb97afb9d41f05336e08c8d3ce85563677626c452750c05e5797041,166,16384,0.7102272727272727,0.8305647840531561,0.9259259259259259,0.7530120481927711,0.8535452742257434,0.99688720703125,16208,10,41,125,0.7102272727272727
image_229.h5,eaccd26fed99664e7797e2aebf643fe6c9d6dfdf8d2707a01eb399e4f53cfb08,28acf27a585cbc38a950f971e574efb72100574747f02db3ee3b1a12c2e294af,240,16384,0.46808510638297873,0.6376811594202898,0.5641025641025641,0.7333333333333333,0.7278727604965239,0.98779296875,16008,136,64,176,0.46808510638297873
image_230.h5,d0fa5fa0f35b2b78c70be58a99d206e894017af9b22b4eeafa7e4414ef1f3624,6bcc489bb6155aa63516c6ff2e62887f5738f60618112c980b10e49020a3bbb9,395,16384,0.5119363395225465,0.6771929824561403,0.5181208053691275,0.9772151898734177,0.7444667320815632,0.9775390625,15630,359,9,386,0.5119363395225465
image_231.h5,07c5dc324d01611c09d58b4940e8f4ce575abdca9f97c342696a0277d32ac8af,94fedac432762f63e5c9f67eaa676030f889bcdbf9c6946cb4a7629fbe33c936,70,16384,0.16576086956521738,0.28438228438228436,0.16991643454038996,0.8714285714285714,0.573476526187375,0.98126220703125,16016,298,9,61,0.16576086956521738
image_232.h5,9e6e7c7a59321abbcc57cf5373574e5c002ecbfb611db50b36dfd3f8c57c7f3c,8baddadfa567fe83db18e4c5ab57d841148474214e318041e3f8d5269c147b0a,59,16384,0.5882352941176471,0.7407407407407407,0.8163265306122449,0.6779661016949152,0.7932610636031212,0.998291015625,16316,9,19,40,0.5882352941176471
image_233.h5,dbc474b74db140ca4cec4c0361ff617d6befb70630c535641eafb0d3d4a32d7c,8113312e243506b37270461a1aeb5bb9d637563537bed4949def31306b922fa8,8,16384,0.0,0.0,0.0,0.0,0.499755859375,0.99951171875,16376,0,8,0,0.0
image_234.h5,d7bae2109379884573aabb1d30a164430e69974fa6c66abe3bc58acadd3e0132,71cda26838dc714885291384b2a263dda41df79ea427535d63a6eea966b79701,74,16384,0.5333333333333333,0.6956521739130435,0.975609756097561,0.5405405405405406,0.7655959373470387,0.99786376953125,16309,1,34,40,0.5333333333333333
image_235.h5,8887482f7c9d2ed54ee53b67544f48f4185817ebf9d5eb979a41dc3ef97dcdc7,6e1bc675783ba49acf60012ab9562b3327bf85cd1d2609b00e9cdadaee00789f,215,16384,0.7003367003367004,0.8237623762376237,0.7172413793103448,0.9674418604651163,0.8474173610486667,0.99456787109375,16087,82,7,208,0.7003367003367004
image_236.h5,ce43013f39f5f8d5ce61a166ed897fff410b541009f0f121f454f9a68fd74374,b18f9b09dca1731c2ea23516f99221420588d33388c2755af361b591bfdaa4ea,0,16384,0.0,0.0,0.0,0.0,0.5,1.0,16384,0,0,0,
image_237.h5,aa850378a614fce716237399a5da73bddb9b7e22a8896f08c88fe69cb0da281f,173418ec7fb72f5cec89d5f0ae2870beed5779a3219004bef9d0e886945f10c9,256,16384,0.5339805825242718,0.6962025316455697,0.7568807339449541,0.64453125,0.762551053331314,0.9912109375,16075,53,91,165,0.5339805825242718
image_238.h5,8777d0f6ddd49cea295ed0385d273918db04d0ec5a6ec2f7466452483bb7e85a,b18f9b09dca1731c2ea23516f99221420588d33388c2755af361b591bfdaa4ea,0,16384,0.0,0.0,0.0,0.0,0.5,1.0,16384,0,0,0,
image_239.h5,ad144db8253baa3f5693836c429818a573ac1ab94de10448afc3ef5822826c09,cc11163ff0ee9cd84f441939703284b25ba4db1c9aceddc595b0d62d244943cd,139,16384,0.0,0.0,0.0,0.0,0.495635986328125,0.99127197265625,16241,4,139,0,0.0
image_240.h5,3cfb8e2af66465f73e4c2017b106f441bcbf27daea6a56c4d6fdd740c83699a3,a8f47b7651c38d4699723b86caed641294aaf8a57c6cb49fe91d6261bb40dcb2,285,16384,0.5822102425876011,0.7359454855195912,0.7152317880794702,0.7578947368421053,0.7863117021943449,0.99053955078125,16013,86,69,216,0.5822102425876011
image_241.h5,2cad39ada4e53c3e3c27faf6942e1989161290f246499e410c5b946421dffde1,c0214323052efad3752bd6c2ea8da3c67502fbf6ec308a776e65d684520dfdc4,443,16384,0.6374269005847953,0.7785714285714286,0.6440177252584933,0.9841986455981941,0.8109381806661122,0.98486328125,15700,241,7,436,0.6374269005847953
image_242.h5,57214a0a764a9894826ac8a67f84085789a37170fb419e45620018517b91777b,4bf704b4abd41d4e51eca6a675a2c60ec109675ffe13d1420c4138ba377d38e6,0,16384,0.0,0.0,0.0,0.0,0.5,1.0,16384,0,0,0,
image_243.h5,03e2bc05975093cbff4cc9ab751e3c015f82174d7d62213e8fec065e6e7b291f,6500ded30236bf82fc67cc1ca8089c747b280d0e62a1fa6e8759764a88a6e9a3,0,16384,0.0,0.0,0.0,0.0,0.5,1.0,16384,0,0,0,
image_244.h5,5d0e3638debed448e8ce168776705731f2368e010b9c9ea91fe1585f58ba957f,278bffcc55a817f153c07773fc0cf0a587026559f28379a9d8ea94571f73abee,69,16384,0.11594202898550725,0.2077922077922078,1.0,0.11594202898550725,0.5561085328122456,0.99627685546875,16315,0,61,8,0.11594202898550725
image_245.h5,02ab79e1140adabbd1083d7024f072975f85669d6c532a43f866b95ba6888500,ab2fef83d2c4bb7de0d127f66b43792ce77b7c9135ed06c057dcff78d6243750,138,16384,0.34146341463414637,0.509090909090909,0.4375,0.6086956521739131,0.665762382163699,0.9901123046875,16138,108,54,84,0.34146341463414637
image_246.h5,b3b484d69126308932b48646f3257329eec787bd4e59fd6d0949d8de01a0794b,896637d1538c9adc5b3185da3f543f7a1e47c868480fb36606c825e74bdc8752,8,16384,0.0,0.0,0.0,0.0,0.499755859375,0.99951171875,16376,0,8,0,0.0
image_247.h5,d68916562a1482e2cc7b73ce9ab2cace533886a763d6d4ef278d524b67b3ae6a,614b036fd481242a6dc5e6c30f9a60970f1c5f8684268bf7025b4cd1f2263e5a,281,16384,0.5742574257425742,0.7295597484276729,0.6535211267605634,0.8256227758007118,0.7818042948425601,0.989501953125,15980,123,49,232,0.5742574257425742
image_248.h5,794bf58920c60dc196b1a9f9f93ba8da0bac6fff9bba0cc7385f02d1df038502,cdb2649a038256f4b71d05b5f95dc43f2974caae0967dfd8366d47bea87b0448,88,16384,0.0,0.0,0.0,0.0,0.49725341796875,0.9945068359375,16294,2,88,0,0.0
image_249.h5,0e4071e76bf41f24fb9798db9c98c9cb1d5dcfefc996222da912d6112ebcd04f,b18f9b09dca1731c2ea23516f99221420588d33388c2755af361b591bfdaa4ea,0,16384,0.0,0.0,0.0,0.0,0.5,1.0,16384,0,0,0,
image_250.h5,5ad5a979058eb6c8434944a61784c0fabc618539f566acbe7d15c8dd64ccbbb1,4bf704b4abd41d4e51eca6a675a2c60ec109675ffe13d1420c4138ba377d38e6,0,16384,0.0,0.0,0.0,0.0,0.49560546875,0.9912109375,16240,144,0,0,
image_251.h5,8d41705265044f48791a51e2b7f1b84a063274feec99c2e9134000415a14a0eb,67f12b4584a201b9cf39a0147fdcf8b8ddf9dcb03e4d352bf7607285bfbf46fe,44,16384,0.4,0.5714285714285714,0.7692307692307693,0.45454545454545453,0.699083353703251,0.9981689453125,16334,6,24,20,0.4
image_252.h5,5a93491f29382434844676edcb1854c2bf952ce9dde0f8ace72c261d26c8ae6e,6500ded30236bf82fc67cc1ca8089c747b280d0e62a1fa6e8759764a88a6e9a3,0,16384,0.0,0.0,0.0,0.0,0.5,1.0,16384,0,0,0,
image_253.h5,44eb719d149b88c45538aba6f766f0a8fec52c7cab168ed4918250fe980f4e86,6500ded30236bf82fc67cc1ca8089c747b280d0e62a1fa6e8759764a88a6e9a3,0,16384,0.0,0.0,0.0,0.0,0.5,1.0,16384,0,0,0,
image_254.h5,1db076c31b63175a5d8fc51fb4ffef1d9fc4f463d4dd4491d3031ebefda75ec6,3e4f59f917038cbae3ec7f55053c9ea5d2abb3da11504c413aa098c529ec4823,156,16384,0.018867924528301886,0.037037037037037035,0.5,0.019230769230769232,0.5046723481990756,0.990478515625,16225,3,153,3,0.018867924528301886
image_255.h5,5aa439ad5680f284e617282d127dad3e7e4ee5cdd2e398147eb1627cb20d67af,aed1aa2cf7d17e183206e214f203e889d0404a27804c08b42a4ee87bfef1af0c,89,16384,0.0,0.0,0.0,0.0,0.497283935546875,0.99456787109375,16295,0,89,0,0.0
image_256.h5,6267fa941b70987a79f4b78f99ba060ce45cb9c92f42900dabba06c35b25eb20,b18f9b09dca1731c2ea23516f99221420588d33388c2755af361b591bfdaa4ea,0,16384,0.0,0.0,0.0,0.0,0.5,1.0,16384,0,0,0,
image_257.h5,022382145ee2aba0e76ba3b27f29c098f49852c9b9a1ba374c0473229f80c8ba,971f7faa008d2549f61ee704816d0bf6c700bc9e47b0de017a9c7736304ecc02,160,16384,0.2558922558922559,0.4075067024128686,0.3568075117370892,0.475,0.6211703123954779,0.98651123046875,16087,137,84,76,0.2558922558922559
image_258.h5,15805f30c3d212375b892ca7cbf79e09d898b07b9e6a125ce16e1be00deed021,b18f9b09dca1731c2ea23516f99221420588d33388c2755af361b591bfdaa4ea,0,16384,0.0,0.0,0.0,0.0,0.5,1.0,16384,0,0,0,
image_259.h5,7199a705a68f61f17478994cc54c7e6e111181a286e6115168f11a0a9e5c80f6,b18f9b09dca1731c2ea23516f99221420588d33388c2755af361b591bfdaa4ea,0,16384,0.0,0.0,0.0,0.0,0.49639892578125,0.9927978515625,16266,118,0,0,
image_260.h5,8cb5463e5f3c19e3295bf435eb14cc47aa2c720b82d6bdd7325b251fc8d25f8a,b18f9b09dca1731c2ea23516f99221420588d33388c2755af361b591bfdaa4ea,0,16384,0.0,0.0,0.0,0.0,0.5,1.0,16384,0,0,0,
image_261.h5,6385abcf9aa0633a4762f3c979dbc5c0820d044c59803daaef844904851e7bf6,ecc88050a3d90f539e35bd483aa43513ca5af71c0da200fd0139342c1f35a0ae,63,16384,0.15966386554621848,0.2753623188405797,0.25333333333333335,0.30158730158730157,0.576776631825966,0.993896484375,16265,56,44,19,0.15966386554621848
image_262.h5,ebf91008b517ae5bcd9430d04d4061a86419206aeec43fe51f4e273c6c6e92a3,7819175a1753ab87cd2d59bef065d79e2c15ab608fbc33fcebeb1b85cdf466d3,123,16384,0.0,0.0,0.0,0.0,0.496246337890625,0.99249267578125,16261,0,123,0,0.0
image_263.h5,9721ae3c9b1ba1975fd5fbbf900f798d26ec7a51723554fc4cb78a57426b8f2a,681fb392282a7253e18bc7bd307d18792afdd142e7a760be268f83c50a5c7e07,13,16384,0.0,0.0,0.0,0.0,0.499603271484375,0.99920654296875,16371,0,13,0,0.0
image_264.h5,108fa89bbdd655bd0be46a356194cb0ce0e4226e8242b68144b6beb5f04d8829,13982b045ac34d10a3100c7779c099a9a261cf78797b8579f823342a98507bd7,450,16384,0.4566744730679157,0.6270096463022508,0.491183879093199,0.8666666666666667,0.7138317969941305,0.9716796875,15530,404,60,390,0.4566744730679157
image_265.h5,1494bd3a978e52c654b73d6fdc527fb38dd7aa696959a72295288b58cef4da00,b18f9b09dca1731c2ea23516f99221420588d33388c2755af361b591bfdaa4ea,0,16384,0.0,0.0,0.0,0.0,0.5,1.0,16384,0,0,0,
image_266.h5,bfc9c2bd07da0dde8209e8c61c643574fe8c20524cb611e92b008a0b928985af,b18f9b09dca1731c2ea23516f99221420588d33388c2755af361b591bfdaa4ea,0,16384,0.0,0.0,0.0,0.0,0.5,1.0,16384,0,0,0,
image_267.h5,a851d7c756359f331d7c2625a1d420873b41f071a0f630f1c186cde3dae21192,fad491ab437365809106f4da9e0e8a23f60ea47e47b36c26c414604afc218f37,516,16384,0.5060109289617486,0.6719883889695211,0.537122969837587,0.8972868217054264,0.7388103762326487,0.972412109375,15469,399,53,463,0.5060109289617486
image_268.h5,b4080d11a14291738cef54f35706ef86acc32c43c99eaa959dbeff02289929ff,a4b0889fef0aae738378651a0cf6b426eebf6dc0e4531b508c6f9a924cb83c2d,454,16384,0.428078250863061,0.5995165189363416,0.4726810673443456,0.8193832599118943,0.6985195151392497,0.96966552734375,15515,415,82,372,0.428078250863061
image_269.h5,9f49feac3af39e107ec592d0f27baf587e29f60b89992e81a640ea02f2ef673a,78ce6dce0fa062b8b5dbd3b27eec1be27d3dcdc7784a2a75fce1b1ad64a64420,1315,16384,0.5814781834372217,0.7353603603603603,0.5838176128743854,0.9931558935361217,0.7595678488482036,0.942626953125,14138,931,9,1306,0.5814781834372217
image_270.h5,a4b2fbc2a2ae1a2630356cd6cc6421df54df07b4d3c764b0608f91a5af19a86b,85c26a11b46bbe0c0b21758db3921c5b44b6429626539e2fb2c76d92cace9ba2,61,16384,0.0,0.0,0.0,0.0,0.498138427734375,0.99627685546875,16323,0,61,0,0.0
image_271.h5,0e5b0f0182ab36de7796630d44407bdf45d98eb25446169dd01aebf65250c1e3,fdb9c3c25667917299571828225ed6b1f54916bf57af465430539212dd588b00,586,16384,0.5948905109489051,0.7459954233409611,0.6744827586206896,0.8344709897610921,0.7869702633385607,0.97967529296875,15562,236,97,489,0.5948905109489051
image_272.h5,99655a36e09336883037109f0bcb5e0296fe9af36a995519ec3fbc00760a8e7b,931120737fc5b221aac5c67736b7370dba8f8f109f0b631caad76a570876b064,519,16384,0.5544303797468354,0.7133550488599348,0.6177715091678421,0.8439306358381503,0.7661779391522336,0.978515625,15594,271,81,438,0.5544303797468354
image_273.h5,ad16bf9e1cf0aaa01b9878e936eda0fa1a805b3f5bf687f1ee84710db4dd40de,b18f9b09dca1731c2ea23516f99221420588d33388c2755af361b591bfdaa4ea,0,16384,0.0,0.0,0.0,0.0,0.5,1.0,16384,0,0,0,
image_274.h5,c6f935b1d6ee0cccfc4c0848b32a778560adac3e288e96f4c5dacfa2bc6a24ce,be903383da41868a8418099c5606d94be9191d7768d05088f9598b93d9612266,55,16384,0.39655172413793105,0.5679012345679012,0.8846153846153846,0.41818181818181815,0.6972062452973746,0.99786376953125,16326,3,32,23,0.39655172413793105
image_275.h5,4cb746dabae8be10eca72549e036589de2c4011d2991612586d0fe280ff82eac,cbde06318a09071480a2e155a6180f8dae2ddfb424f1f0084aef224d84c0b812,95,16384,0.0,0.0,0.0,0.0,0.497100830078125,0.99420166015625,16289,0,95,0,0.0
image_276.h5,7ee89b464a3766be92912cfc387bad2cb86b74d010cd69af7913a2c2ae44cf33,188a185a7b53819c037cae631773132d59e4303406d8deae19f7db6a82d93513,43,16384,0.0,0.0,0.0,0.0,0.498687744140625,0.99737548828125,16341,0,43,0,0.0
image_277.h5,5c0b38651b8956c77f5133a371323cc86ff26dfc1d192eaacae81fc97e4785dd,a3ec7e43a70a2b8d495cf535831428a0d70b4c67806bdab07b12ad4bde25783d,86,16384,0.225,0.3673469387755102,0.2830188679245283,0.5232558139534884,0.6077567476589755,0.99053955078125,16184,114,41,45,0.225
image_278.h5,380906ed94c4af0cb8c373d3d4d9d1605fb061c850e6488f86e7b34d13713187,33cb7f4473da06fbc18c4ee2267c1c97ca1b10e34213114f75a4599fdd25173f,81,16384,0.5934065934065934,0.7448275862068966,0.84375,0.6666666666666666,0.7955704124412024,0.99774169921875,16293,10,27,54,0.5934065934065934
image_279.h5,ee313e75e952a904745e0ee20352a1d7737d78fdf2022c45464c42029933586f,0df2ec9f50c1a91f4b4bb7209da4ba1fbb7ea1057c7bcd0f816b369f9b7766e9,4,16384,0.0,0.0,0.0,0.0,0.4998779296875,0.999755859375,16380,0,4,0,0.0
image_280.h5,dac80841191e448c150e0ce9f8250b2b2fa6f1d5ff747995203178e608dc68be,ffbd6c29eabde8c1e3b1a5a4a3b2702ec0a5e4bb19bd2bf5efebff538d1c02e8,17,16384,0.0,0.0,0.0,0.0,0.499481201171875,0.99896240234375,16367,0,17,0,0.0
image_281.h5,7d7dc16dfd8302d04d20a2ff5444cd8bf61358efe85e9cd06a148c9f26501f9b,3972440960bdeb59f490dbb83fef5772d220553f52a737cc8e19786392e1dab6,52,16384,0.0,0.0,0.0,0.0,0.4984130859375,0.996826171875,16332,0,52,0,0.0
image_282.h5,4d6e762890c1912d2d849075ff9bb4111180689bdfc7398170363042e6c7dde6,b18f9b09dca1731c2ea23516f99221420588d33388c2755af361b591bfdaa4ea,0,16384,0.0,0.0,0.0,0.0,0.5,1.0,16384,0,0,0,
image_283.h5,0f699f53fb9ab86231a4fed2fa757ebcf3c55497d50c322ff62d15648cf0befb,6e0fb75881a645498a4f9924da9529766457cfa61284c35ddcd534daf4a2d292,252,16384,0.6418732782369146,0.7818791946308725,0.6773255813953488,0.9246031746031746,0.8169121205127983,0.9920654296875,16021,111,19,233,0.6418732782369146
image_284.h5,0f6ee5827b9050a5d8f5a6acca03386369fa146416ba2b8cf3705bbe99a60c8a,b18f9b09dca1731c2ea23516f99221420588d33388c2755af361b591bfdaa4ea,0,16384,0.0,0.0,0.0,0.0,0.5,1.0,16384,0,0,0,
image_285.h5,ed2fd7d6c6c76a8dde764056cf8d036a103bcf81996a0b058020a18fb82f977b,b18f9b09dca1731c2ea23516f99221420588d33388c2755af361b591bfdaa4ea,0,16384,0.0,0.0,0.0,0.0,0.499053955078125,0.99810791015625,16353,31,0,0,
image_286.h5,0cf3e9eff7627e929fdce790dbd1445b3012dd914a3ce9efadaae0c197eb1562,b18f9b09dca1731c2ea23516f99221420588d33388c2755af361b591bfdaa4ea,0,16384,0.0,0.0,0.0,0.0,0.5,1.0,16384,0,0,0,
image_287.h5,2c6a1e541b08df14ee914c8c1d51b6b6e06755d431b48d172582b7e83b58ba54,8f22c5e60c4dad811c5af20035b5acbd0e1700131f7ef3aaea87701c95b745a8,902,16384,0.5994297933000713,0.749554367201426,0.6266766020864382,0.9323725055432373,0.7816360186985463,0.9656982421875,14981,501,61,841,0.5994297933000713
image_288.h5,63ecaa9ef555bb6f2cf449b7b86f5d6e96d0ae2b46332f1df6f4502afff17286,b18f9b09dca1731c2ea23516f99221420588d33388c2755af361b591bfdaa4ea,0,16384,0.0,0.0,0.0,0.0,0.5,1.0,16384,0,0,0,
image_289.h5,6058498c521333c90a08a8354a8f96dc72925e31552ab036b10c6e78461a57b7,b18f9b09dca1731c2ea23516f99221420588d33388c2755af361b591bfdaa4ea,0,16384,0.0,0.0,0.0,0.0,0.5,1.0,16384,0,0,0,
image_290.h5,ddb406a40a821332c61f1b2d4788f0bef177e038fff37f3dcfe1ed8df114b64d,79803963964e94a29dd7c0f9b41d8bb2efd81333ef5ff23f1dd484ff0bb29512,198,16384,0.28085106382978725,0.43853820598006643,0.6407766990291263,0.3333333333333333,0.6352472012371145,0.98968505859375,16149,37,132,66,0.28085106382978725
image_291.h5,1b17db5ce2f2a0c4212418aacf5c2da0f708656064c4599b828f8f7f84f330f5,65487cce0406b654c1f0788b238fad513aa3f0b74bf50cdb16a56b8e1e990489,158,16384,0.43613707165109034,0.6073752711496746,0.46204620462046203,0.8860759493670886,0.7124972479654123,0.98895263671875,16063,163,18,140,0.43613707165109034
image_292.h5,6ecb21daaf2b24538a3a93d59dbc92d8f69979f1ac1ec3db173c880f1dbeac9b,b18f9b09dca1731c2ea23516f99221420588d33388c2755af361b591bfdaa4ea,0,16384,0.0,0.0,0.0,0.0,0.5,1.0,16384,0,0,0,
image_293.h5,c0a86671ac6ce591cae009cec30dd4971489f218c62882edefeac09f8ea6edec,b18f9b09dca1731c2ea23516f99221420588d33388c2755af361b591bfdaa4ea,0,16384,0.0,0.0,0.0,0.0,0.5,1.0,16384,0,0,0,
image_294.h5,16360c94cf5557fd8bc9277a0962f5f0714d2036af646d1cbd96b476cb46f1a4,d66bfedb4b10c37791210f3fbbd6b15cd0aac82f6c854437e5a36d1f54bd6a9f,299,16384,0.05573770491803279,0.10559006211180125,0.7391304347826086,0.056856187290969896,0.5190706609761545,0.982421875,16079,6,282,17,0.05573770491803279
image_295.h5,517b732990060f824a4650db4f8f0ab5d54f94ce1a225b966c1c29ede694ed4d,fb625a4191865c2d933e414b63987752b0e1a0ce07c77c41aa680685ff7f9e5f,23,16384,0.0,0.0,0.0,0.0,0.499298095703125,0.99859619140625,16361,0,23,0,0.0
image_296.h5,a59c36d07825b7e1b747e179e35248689c7943572fd4404c0f3363dabdd9739f,57a129a523f631e8769f8830309e64b71feeebeddf8b5e4c3427567f7eeab909,22,16384,0.0,0.0,0.0,0.0,0.49932861328125,0.9986572265625,16362,0,22,0,0.0
image_297.h5,9f71e1e417b290029d5144b3d1c52b7121eb6f6401a30c1b1918ea13c4462f24,a8e05fcb8ecda40733c905bd7a114bea2e6a5b61c39fccbb7279075edd64d1ef,27,16384,0.0,0.0,0.0,0.0,0.4984130859375,0.996826171875,16332,25,27,0,0.0
image_298.h5,566dd2d5cf8580b42e7ce323e1370f1f23f96513045152654271bc982c3dbcc7,2ea48055d3c7f64502dd10c6b9ccade33b411920a3e4f0545df599606f87ffaf,71,16384,0.028169014084507043,0.0547945205479452,1.0,0.028169014084507043,0.5119785370752166,0.99578857421875,16313,0,69,2,0.028169014084507043
image_299.h5,ccc0dc221615db7f3e5393caaf18fb2b526d9ddbbbdd1ea23e1e6502215a3406,b18f9b09dca1731c2ea23516f99221420588d33388c2755af361b591bfdaa4ea,0,16384,0.0,0.0,0.0,0.0,0.49932861328125,0.9986572265625,16362,22,0,0,
image_300.h5,d3b36c0ddf26a14b04595e0936cbc31cd7fc2688f636f6dda769cbb34131d901,0d60f75bdd8c652b37e721ebbc7b3906a9a857e257afbb787556988ca1127866,43,16384,0.0,0.0,0.0,0.0,0.47711181640625,0.9542236328125,15634,707,43,0,0.0
image_301.h5,8ffa502a599101eb8698e40a9fb3e7640c41b608ae8c919b0434f72692c0d09e,09344807fa97c986b0aa2bda7715e92d1b1e973c125d2c2fbf2aa39d4cab0647,487,16384,0.48324324324324325,0.6516034985422741,0.5050847457627119,0.917864476386037,0.7266250727102832,0.9708251953125,15459,438,40,447,0.48324324324324325
image_302.h5,fd16200c57a5aee08a577913025e2eceb37da2026c4be43a6494a92f6963c9b2,b18f9b09dca1731c2ea23516f99221420588d33388c2755af361b591bfdaa4ea,0,16384,0.0,0.0,0.0,0.0,0.5,1.0,16384,0,0,0,
image_303.h5,d1fb34c2f2791812c058dd12a8fd5d89c77de27221d7dc3d1ea12c19abb5a760,1553d852adc392318a5cab5d5575a42a84190b6f3a33ef4c2efb1536ac555b54,81,16384,0.04938271604938271,0.09411764705882353,1.0,0.04938271604938271,0.522340930674264,0.99530029296875,16303,0,77,4,0.04938271604938271
image_304.h5,3da8e4fb37ea461a0c4bbeda71f77144456beb0681d0eda0f33409bae750cfb5,ec65a1311d60c1bbfa2e45761e3a10593c1787ba1df6dee0421fe5904682b9eb,221,16384,0.691358024691358,0.8175182481751825,0.8842105263157894,0.7601809954751131,0.8433664815119346,0.99542236328125,16141,22,53,168,0.691358024691358
image_305.h5,8e6258d723b8a3af36040465db967baef457d36b2e1df4d1ba91c3165ee64117,6500ded30236bf82fc67cc1ca8089c747b280d0e62a1fa6e8759764a88a6e9a3,0,16384,0.0,0.0,0.0,0.0,0.4984130859375,0.996826171875,16332,52,0,0,
image_306.h5,2d844120630110c255d3dec5a6916f4d5f44893b461e6aab3b74315b6bbe5e2c,915982619ab955a58125aaf7db4bc69f19eb41627571c22168538930e4a49c4f,430,16384,0.49065420560747663,0.658307210031348,0.49645390070921985,0.9767441860465116,0.7316713774216286,0.973388671875,15528,426,10,420,0.49065420560747663
image_307.h5,ed2bfec5265dd2ad4a3a0f4c5b13cffc7231537f3d1c43c13795e78498a4e673,43331b8664f8fb72d0e1872652a6ad737792c948cb0210502308f0076b095b46,561,16384,0.6351706036745407,0.7768860353130016,0.7065693430656934,0.8627450980392157,0.8088431634724904,0.9830322265625,15622,201,77,484,0.6351706036745407
image_308.h5,3288596933961ced3dce01ef9a16066d318ba40107c4436b1c9e97c8e4e38509,b18f9b09dca1731c2ea23516f99221420588d33388c2755af361b591bfdaa4ea,0,16384,0.0,0.0,0.0,0.0,0.499969482421875,0.99993896484375,16383,1,0,0,
image_309.h5,98556c5cc64d28c95139bc7d1e8b9565c4a3154a28034c8aab2a5fcf15101fa2,b18f9b09dca1731c2ea23516f99221420588d33388c2755af361b591bfdaa4ea,0,16384,0.0,0.0,0.0,0.0,0.5,1.0,16384,0,0,0,
image_310.h5,8574cb07374e85755b85afe46fcc4655332299b77fd0d02e32e80c8a048191c1,b18f9b09dca1731c2ea23516f99221420588d33388c2755af361b591bfdaa4ea,0,16384,0.0,0.0,0.0,0.0,0.5,1.0,16384,0,0,0,
image_311.h5,643474b15422b7db675368f820979dc788849c35ff0cc4493fb4db90c6f2a153,3c4639a92fab62e84790dab6d961034ef2a9fba7742770c969c1122001d33a2c,723,16384,0.5464169381107492,0.7066877303844129,0.5705782312925171,0.9280774550484094,0.7554842916226756,0.96600341796875,15156,505,52,671,0.5464169381107492
image_312.h5,986c2fc73ac54cf5a5648bc5c39ff1145c6351e002acd9ec05bc90d3daaf3c6b,d111016b27ad1c2d79598a001a19f04ebfd3e7e6c5a9584cf838530dae6a7e75,42,16384,0.0,0.0,0.0,0.0,0.49871826171875,0.9974365234375,16342,0,42,0,0.0
image_313.h5,5301b7537792a060be63f79452b3ad3b367f43eeb671ee33f1d54bdbe336b4f0,e77c6de108f32bdbe1a1ea622a1cef9b3bd17c0ecfa237e3fd2391d17c8d4785,1659,16384,0.6324554608830364,0.7748517200474496,0.6388888888888888,0.9843279083785413,0.7840604197507175,0.94207763671875,13802,923,26,1633,0.6324554608830364
image_314.h5,7c3761c43c4b28548848364a8658dfa88619dd75db211c2798daf2789d0759ea,185bb710be2b6d066d098a7786c9354a2e1000e03c2592989226d821cd20ed67,90,16384,0.22340425531914893,0.3652173913043478,0.84,0.23333333333333334,0.6094714853568183,0.99554443359375,16290,4,69,21,0.22340425531914893
image_315.h5,deacc18c701508bf40141fd8d1da0c765d726d6e4b1412c8562ec85f4c83fb06,32804b9b1caa753fa7cea5fcf6cf82f8c952bf5a4313ae000a09b703c76d0fe9,944,16384,0.4711340206185567,0.6405045550105115,0.9461697722567288,0.4841101694915254,0.7194622824885966,0.96868896484375,15414,26,487,457,0.4711340206185567
image_316.h5,930ca183a6cfeb5844897e91d0835fcf1839e5daff3d63ab8000902353e0be87,012db3396ce8cb837a02348b4155c1d10ae2212455ec9daff056adeda157948a,615,16384,0.7789017341040463,0.875710804224208,0.875,0.8764227642276423,0.88462284559415,0.99066162109375,15692,77,76,539,0.7789017341040463
image_317.h5,e47ca1ac53e0395e9eecf50c6d528f41fd5f5afe65961616bece787055e1fac0,b18f9b09dca1731c2ea23516f99221420588d33388c2755af361b591bfdaa4ea,0,16384,0.0,0.0,0.0,0.0,0.5,1.0,16384,0,0,0,
image_318.h5,b08c18b3ce59f0b66c1e149c07269c06078e2fdb873ed2d273df05f3d2761341,ba953f844c4aa13435073ff2de2c7a068722ff3127b0b553ceb8a96fc2a324f4,31,16384,0.02276707530647986,0.04452054794520548,0.023508137432188065,0.41935483870967744,0.4943412067021679,0.9659423828125,15813,540,18,13,0.02276707530647986
image_319.h5,be84986733ab9ddff3db1c4720a20ddfb10013d069ffb628d0ba81836609ae5b,3433bb511a86f4d8b8a37cb7ee42536daf0b491bd6d026870eb91e59a361dd70,179,16384,0.043243243243243246,0.08290155440414508,0.5714285714285714,0.0446927374301676,0.5162173714994917,0.98919677734375,16199,6,171,8,0.043243243243243246
image_320.h5,cba4c8b4b69617b2f366ea365f4be737b4f2040a3ccbe509d1ca42a0a69cf1b7,697955a69f54cfa858f4c6a7a0eea1cf6b5f2b4c3d7aea6bae82ba30a20ed8fb,195,16384,0.18974358974358974,0.31896551724137934,1.0,0.18974358974358974,0.5900391038581532,0.9903564453125,16189,0,158,37,0.18974358974358974
image_321.h5,c4c061f926c8bbe49c248c711078b96a3df28bb92331290736dd427d2a5db298,e3861830f220795edcb1722db37ee12e8d7f8c8caee2fcc0c28f267fb7d546f1,1,16384,0.0,0.0,0.0,0.0,0.49725341796875,0.9945068359375,16294,89,1,0,0.0
image_322.h5,a8ca142e08f9a3a211e56593a6962471b5fc16298e7304399a3cb7b11679c7b6,b18f9b09dca1731c2ea23516f99221420588d33388c2755af361b591bfdaa4ea,0,16384,0.0,0.0,0.0,0.0,0.5,1.0,16384,0,0,0,
image_323.h5,7ba531f5aa9ba9a711e9168bbcf7c3654de9307e43cc3f66c026a81032a91a80,a1b23f3d6922c6d43efe74a468173043f679695450ad355568f5ed0469bfd9a0,331,16384,0.5190615835777126,0.6833976833976834,0.946524064171123,0.5347432024169184,0.7544712496157212,0.989990234375,16043,10,154,177,0.5190615835777126
image_324.h5,3c820e6d1624741dabb486996df5529e178b1c12601c1d83f2cd4cac4dbda338,fc6288904bcab710ccf91315133aa67e8d5c1a230cd363146bd121f52dcd919c,476,16384,0.2965722801788376,0.4574712643678161,0.5050761421319797,0.4180672268907563,0.633704737556209,0.97119140625,15713,195,277,199,0.2965722801788376
image_325.h5,12743b30bcbcf6940ffbeea1531654241354677cd87e7454a940354f5e974b38,f9f071ab714fe73c0f47ef2de915447fc408e1bf6879edfed11a18224ce7140d,85,16384,0.09568480300187618,0.17465753424657535,0.10220440881763528,0.6,0.5330869983294447,0.9705810546875,15851,448,34,51,0.09568480300187618
image_326.h5,f5ff222c73333d72793d23d5c1920797f08fc2036f2feb1067ca34a8582c9e1f,b18f9b09dca1731c2ea23516f99221420588d33388c2755af361b591bfdaa4ea,0,16384,0.0,0.0,0.0,0.0,0.5,1.0,16384,0,0,0,
image_327.h5,1d28c42e3cd0881fe882e4b1ea43c69c01fec104b73d9d437be64502031bf4b4,04e3b4f8f0d94da2822fa22ae5977366655d3a5defd01aaa2c4dfa04b7878663,17,16384,0.0,0.0,0.0,0.0,0.499481201171875,0.99896240234375,16367,0,17,0,0.0
image_328.h5,7a460aa060ad6617f74036ba9f275d542f977d34f3771f4234658620737237fd,a4128de1e1d41cd1e3b8ac3eabfc97afa90c5652717fbe7802bccc0cdd17fd2b,94,16384,0.0,0.0,0.0,0.0,0.49713134765625,0.9942626953125,16290,0,94,0,0.0
image_329.h5,6df1fce274ae4dba92c896ea8f64ca0b97a3b55066dab11e3c64be1617c1d4ea,b18f9b09dca1731c2ea23516f99221420588d33388c2755af361b591bfdaa4ea,0,16384,0.0,0.0,0.0,0.0,0.5,1.0,16384,0,0,0,
image_330.h5,94348e2dc5d862521b68b63a9a22588fe3362cf14eae06b0afc4b3f83cbee6d6,4bf704b4abd41d4e51eca6a675a2c60ec109675ffe13d1420c4138ba377d38e6,0,16384,0.0,0.0,0.0,0.0,0.5,1.0,16384,0,0,0,
image_331.h5,85a198e5114b4ffc95a717538622b17497b35f21b0f8a93e918040adc4d6ebf1,b18f9b09dca1731c2ea23516f99221420588d33388c2755af361b591bfdaa4ea,0,16384,0.0,0.0,0.0,0.0,0.5,1.0,16384,0,0,0,
image_332.h5,a0c38c9ddeef10f74d405d95e3d22298558ec6bd52a14142b2439b14d2081f8c,f080e9c6fd53ce076966ace5c717fb63b0c5d198539786a8b6e4e02a67aafb17,11538,16384,0.0,0.0,0.0,0.0,0.14788818359375,0.2957763671875,4846,0,11538,0,0.0
image_333.h5,9d9e032b5ad86e19b35a569676dc24f50d66a33b9e5d342078b5c71f9edf34a6,cd39247a21223dab3112f7113dbf0606f8f29c3648304dd8513e1588e751488d,177,16384,0.7272727272727273,0.8421052631578947,0.9315068493150684,0.768361581920904,0.8620669397072647,0.99688720703125,16197,10,41,136,0.7272727272727273
image_334.h5,917ae4d8efe6186672bf33639edb16a3543d41bed55a234d715f66a1639c7af8,dfec0490bfd98c7612a88308ed8d7b9601ef650199cdebd9582409a38c16c7cc,364,16384,0.540133779264214,0.7014115092290988,0.5798922800718133,0.8873626373626373,0.7615057788668993,0.98321533203125,15786,234,41,323,0.540133779264214
image_335.h5,b2bab6983fbfc906c5741025268fe888e0cefdc2274254467aa2201005b1f14b,c2c02144d706c8554a9c88e24d94f79c6fede34ea420cc2b38f4fc2ae7ccea04,119,16384,0.3884297520661157,0.5595238095238095,0.9591836734693877,0.3949579831932773,0.691950078334582,0.9954833984375,16263,2,72,47,0.3884297520661157
image_336.h5,eece662d64054fa21bb685d030ff3bc0b25ad808a7c1ae9166dfbf818cbf81bf,948c3e580720b82ad1e94e7a8bc000c90ef51080e9afc2865c70859cfc3d9c33,3219,16384,0.6527777777777778,0.7899159663865546,0.6841027973618377,0.9344516930723827,0.7665802764486975,0.90234375,11776,1389,211,3008,0.6527777777777778
image_337.h5,9c9aba022ce89e89d316311e709da94a40e13c716b60815abf145c45b54874ab,b18f9b09dca1731c2ea23516f99221420588d33388c2755af361b591bfdaa4ea,0,16384,0.0,0.0,0.0,0.0,0.5,1.0,16384,0,0,0,
image_338.h5,685fcbcb9ff66b2fb529dcdb044975748b56f9a5ab85ae005ba012ec86a9b522,b18f9b09dca1731c2ea23516f99221420588d33388c2755af361b591bfdaa4ea,0,16384,0.0,0.0,0.0,0.0,0.5,1.0,16384,0,0,0,
image_339.h5,3c3fa784c8952f88168f1848fab96e3de986a0664ee2dd602f898216ac5116e7,4bf704b4abd41d4e51eca6a675a2c60ec109675ffe13d1420c4138ba377d38e6,0,16384,0.0,0.0,0.0,0.0,0.5,1.0,16384,0,0,0,
image_340.h5,847b7697495943037092803646d05401c7ec2bb01222ba3856874dc01c20ce58,65b2e1058d84e1c9eb2eff4d0ee2ca72e899e55fcf5199253a3fc0f7f1bda319,20,16384,0.0,0.0,0.0,0.0,0.4993896484375,0.998779296875,16364,0,20,0,0.0
image_341.h5,5b9ff335170890da4a3593d568316a735461ef2b10ce32969b9b63d30c230027,1f617ad32c3276783b93a98a017154297329f24429a1c28e75b2ddf03985ce71,210,16384,0.0,0.0,0.0,0.0,0.49359130859375,0.9871826171875,16174,0,210,0,0.0
image_342.h5,d245dfb8f204b12cb344ae0ff3684fb5243c72bbfb142c48cbbe46aec22beae6,0ac54de1812501a506e2b61a00e327226f60df57667bf2ca2351041521ffdd57,460,16384,0.712707182320442,0.832258064516129,0.823404255319149,0.841304347826087,0.8514776769263022,0.990478515625,15841,83,73,387,0.712707182320442
image_343.h5,bee72a539b29be558956747f82ba994b933fc7fd3f7a94b747bda93ed977492a,b18f9b09dca1731c2ea23516f99221420588d33388c2755af361b591bfdaa4ea,0,16384,0.0,0.0,0.0,0.0,0.5,1.0,16384,0,0,0,
image_344.h5,f2f31fb1868eeb3f38df06c2f28874da9e7c3327cfabbac4cd557c08f840a9fb,5e6564bece38ab30138c40a8f9ba3a1e32658502ad3ad5a7f9385dd3ae720633,285,16384,0.5597189695550351,0.7177177177177178,0.6272965879265092,0.8385964912280702,0.774037248791144,0.988525390625,15957,142,46,239,0.5597189695550351
image_345.h5,a3aa28d1a7199c3b785f1b4355834ffae058335eb382510d2aad5904f43c4752,bc16b9ed16074daa51073033ade7dfc486827d428b6fca6e84868301927fc83b,43,16384,0.0,0.0,0.0,0.0,0.498687744140625,0.99737548828125,16341,0,43,0,0.0
image_346.h5,438513355788224978d6a0ab9487f019a4b7d172a4cd4116dcfcfeae7c2fa0a6,6500ded30236bf82fc67cc1ca8089c747b280d0e62a1fa6e8759764a88a6e9a3,0,16384,0.0,0.0,0.0,0.0,0.5,1.0,16384,0,0,0,
image_347.h5,c28adc350abfdb6aa75587c34aa6e954edb0895b46a484cf57ec4394da5a525c,d62d3918b3c9c2288fd14f5a5697ea1d1236dbec2198b2427c18b4fdb398a85e,91,16384,0.0,0.0,0.0,0.0,0.497222900390625,0.99444580078125,16293,0,91,0,0.0
image_348.h5,c16e53c62e6f6813979c648b70ddaf4631ee67c37f1933fba6dd392d05612d60,6500ded30236bf82fc67cc1ca8089c747b280d0e62a1fa6e8759764a88a6e9a3,0,16384,0.0,0.0,0.0,0.0,0.5,1.0,16384,0,0,0,
image_349.h5,3f5391c553da137f122b4538d72548e7320c02d8e1eb0eee97550ac173e395a8,efa70fac88c9df494bc9ede4ef97a88f8f42ee647497f35cd3eac8aff3ab46a4,189,16384,0.7241379310344828,0.84,0.9130434782608695,0.7777777777777778,0.8603445090289739,0.99658203125,16181,14,42,147,0.7241379310344828
image_350.h5,83f1902286a0252f90f97042a1b5192c91ce5ffee1e6fcb9dc42edd854825940,b18f9b09dca1731c2ea23516f99221420588d33388c2755af361b591bfdaa4ea,0,16384,0.0,0.0,0.0,0.0,0.5,1.0,16384,0,0,0,
image_351.h5,b0172ead1236dfea07bf5fe68a5c7eff69b88a785b2c0930b7499bf679286ddb,6dfcd23e6d55d6f8d5dbe16a166a897c16fceda8af3d4d8335265269a56a7625,54,16384,0.0,0.0,0.0,0.0,0.49835205078125,0.9967041015625,16330,0,54,0,0.0
image_352.h5,ab0adea47efe0e58d02cb1e293dc503a618221c6130f672948975f68e1fc8e4c,face3922862668ee8b96ddba9609f49135092acb55ad607a30bf352d7ede93b7,242,16384,0.0,0.0,0.0,0.0,0.49261474609375,0.9852294921875,16142,0,242,0,0.0
image_353.h5,ce4355fa7a6eb646cdf78b4b37f96faad91644423aff85d418c1511d785bdf86,d8205dec389e13022cb270f09270ecbd4eb00a1fc1af3a47befd8e03bb9c1efc,68,16384,0.22058823529411764,0.3614457831325301,1.0,0.22058823529411764,0.6086752038465824,0.99676513671875,16316,0,53,15,0.22058823529411764
image_354.h5,40c3f2770b41ea9c6c6ffe9999b053e3afff9adb601ea6251551fe533a41e07c,b18f9b09dca1731c2ea23516f99221420588d33388c2755af361b591bfdaa4ea,0,16384,0.0,0.0,0.0,0.0,0.5,1.0,16384,0,0,0,
image_355.h5,75e1f1a838d6fc7e80e745e461852ecfdfd04603b6503e20f82a225b69741d67,b18f9b09dca1731c2ea23516f99221420588d33388c2755af361b591bfdaa4ea,0,16384,0.0,0.0,0.0,0.0,0.5,1.0,16384,0,0,0,
image_356.h5,6f63f86555b063f287049d7ca54fbb1a79f0dd4dbf126c5888551c7f07aa8050,b18f9b09dca1731c2ea23516f99221420588d33388c2755af361b591bfdaa4ea,0,16384,0.0,0.0,0.0,0.0,0.49822998046875,0.9964599609375,16326,58,0,0,
image_357.h5,80a0d65c4d0f85b0695faead5fff96b24124130c7d3630e02388453305d1b894,a6e91048bdb32ec74e66c925968c1ac8921e76ffacc8515c9ff753fda890e961,18,16384,0.0,0.0,0.0,0.0,0.49945068359375,0.9989013671875,16366,0,18,0,0.0
image_358.h5,35cca0e2d2c9b29bff92aead788c7a360d28f1d33877a4dfcd996bbd91094911,c8bf0da9ff0267df786a744388288fe4efc43d6a6ca1fd6f1083dab44818e79a,83,16384,0.0,0.0,0.0,0.0,0.497467041015625,0.99493408203125,16301,0,83,0,0.0
image_359.h5,7b32309d35eb2c33ce2d54e743c1d9bb0b9e111b73128ab6bd19b9d81406f6bc,5f9dcfb849884beb68bf6214b9f7142c45e39f2a2e8c4598177c54d9b5166296,139,16384,0.39299610894941633,0.5642458100558659,0.4611872146118721,0.7266187050359713,0.6917077824118205,0.990478515625,16127,118,38,101,0.39299610894941633
image_360.h5,17fa18b3f45da4e5bb2bfaa27ac15eb9e5982be0b5a5c5d39c11a0922e6229a2,e89496b4b66baa31e15d8133c2a3ce52de809f535ce48c81b9985873078f2615,106,16384,0.3867924528301887,0.5578231292517006,1.0,0.3867924528301887,0.691407607434491,0.99603271484375,16278,0,65,41,0.3867924528301887
image_361.h5,71d040e403da7d09a4ee79467778aa9c0259d49e7fc42497ca4a50640705736d,b18f9b09dca1731c2ea23516f99221420588d33388c2755af361b591bfdaa4ea,0,16384,0.0,0.0,0.0,0.0,0.5,1.0,16384,0,0,0,
image_362.h5,1e872333ad59573acdddcf1e54b4f91450d6cafc5197bf9b48ace02a98eb83a8,93dd2e313abe775e3e7b7bee3d2bf947507d6d6040609fe76ff8bc7f3d1b429c,4506,16384,0.5177215189873418,0.6822351959966639,0.7365577566246463,0.6353750554815801,0.6602363973902762,0.83721923828125,10854,1024,1643,2863,0.5177215189873418
image_363.h5,e64f9ea3eff6c7df787156a5da787d33fb258de43332e50fee7cd4bbd67f759b,dfd08c293bc105e42093dfebdc903fa6d75ccc48e720fa7686b2d1f01135f83c,70,16384,0.10596026490066225,0.19161676646706588,0.16494845360824742,0.22857142857142856,0.548856232157076,0.99176025390625,16233,81,54,16,0.10596026490066225
image_364.h5,5609a19420f89ee8f824b0cef5f76d9d757ac252f75f3c0d86beaf75320d247b,ab58fa2958d141ba9c9d756a44830403a224f4ce179504412e87ceb55f86c14f,772,16384,0.13757575757575757,0.24187533297815664,0.20542986425339366,0.29404145077720206,0.5247512383224459,0.91314697265625,14734,878,545,227,0.13757575757575757
image_365.h5,a7764772422fa30694ae838cc843853007cfbe128770ad5df0b29b30f633a557,0cacfd099222d52184e7d5c733c80ef883c10678481bf5c1030a9382e906d690,247,16384,0.4111111111111111,0.5826771653543307,0.43106796116504853,0.8987854251012146,0.6957176642054751,0.9805908203125,15844,293,25,222,0.4111111111111111
image_366.h5,89b673187040133e37a08aee63ec18f0aba4ba6d67007ff3a6dc907e85865a99,d6397d4350c4ccf8eb0331af037c12d8b33ee92576bbe97b50c1205561d60755,303,16384,0.5241935483870968,0.6878306878306878,0.5739514348785872,0.858085808580858,0.7547784908891574,0.985595703125,15888,193,43,260,0.5241935483870968
image_367.h5,41bab6a274d4e61c705eb51daf1287d9df64ea860b11a10dbf180aff708ae89d,52575ecb8fde8ad269df1c7151ff675c7ccd6a8a70d1acf8d03eda8da2510aeb,245,16384,0.13709677419354838,0.24113475177304963,0.918918918918919,0.13877551020408163,0.562004044589129,0.9869384765625,16136,3,211,34,0.13709677419354838
image_368.h5,9108884d6f045c546b514366b4a18a2ced59372ae94897e58c13c25d0c06c174,b18f9b09dca1731c2ea23516f99221420588d33388c2755af361b591bfdaa4ea,0,16384,0.0,0.0,0.0,0.0,0.5,1.0,16384,0,0,0,
image_369.h5,c34af7e2d70ef36330d491da6c24387efa732e01c226f9efab5beea9138a71d9,b18f9b09dca1731c2ea23516f99221420588d33388c2755af361b591bfdaa4ea,0,16384,0.0,0.0,0.0,0.0,0.5,1.0,16384,0,0,0,
image_370.h5,96096a45e9cb3a33cf4238f6bb48c930563d2f1eba1e8e3117544b1dc192ce57,b18f9b09dca1731c2ea23516f99221420588d33388c2755af361b591bfdaa4ea,0,16384,0.0,0.0,0.0,0.0,0.5,1.0,16384,0,0,0,
image_371.h5,ba4fffabd0e7bade3ce2858665c52f399fba555bf331185a947a03dce49156b6,b18f9b09dca1731c2ea23516f99221420588d33388c2755af361b591bfdaa4ea,0,16384,0.0,0.0,0.0,0.0,0.499908447265625,0.99981689453125,16381,3,0,0,
image_372.h5,ae776dce2cf79c3002462e9e2242d3de7a23e1d943d2b2353e88328e325aa730,ee55daed5ece288f13f2ec6bf7bcce2115b75ed92e77ef845503ff0cb9da12fd,19,16384,0.0,0.0,0.0,0.0,0.49151611328125,0.9830322265625,16106,259,19,0,0.0
image_373.h5,262e9beb038cae119842f3c7414426cba2b0bedcf98d97a72b83ce4e6e9cc015,41884c0203c0a9d133dd3377381c43d16e5bcad863d0a584c1087fccf34aa168,179,16384,0.46703296703296704,0.6367041198501873,0.9659090909090909,0.4748603351955307,0.7305408408390186,0.99407958984375,16202,3,94,85,0.46703296703296704
image_374.h5,c1d0896386a2e94a35ef832d511dc6acefec019a5d605f0463ebc7e7dc4d007f,b18f9b09dca1731c2ea23516f99221420588d33388c2755af361b591bfdaa4ea,0,16384,0.0,0.0,0.0,0.0,0.5,1.0,16384,0,0,0,
image_375.h5,36f457e7e2d029928d221fbd3d2da6a37ebac3a7ee1e527a76a70b954817825e,b18f9b09dca1731c2ea23516f99221420588d33388c2755af361b591bfdaa4ea,0,16384,0.0,0.0,0.0,0.0,0.496124267578125,0.99224853515625,16257,127,0,0,
image_376.h5,f05232af83a51ce2121bb642e7ff2ea4694e188db4b54cb9b63cf47c236caae5,1e58b5a0c27823336b60bc1d65d3d9e653f04b3385b125827816fc64d85b7318,164,16384,0.7527472527472527,0.8589341692789969,0.8838709677419355,0.8353658536585366,0.8749887553205089,0.99725341796875,16202,18,27,137,0.7527472527472527
image_377.h5,906229e7523239177861cc809a721358989c9802a4893f849fb4b3a413b21555,b18f9b09dca1731c2ea23516f99221420588d33388c2755af361b591bfdaa4ea,0,16384,0.0,0.0,0.0,0.0,0.5,1.0,16384,0,0,0,
image_378.h5,da0d651fbe6f5b16fb6765d0f51924cce161d68455d8d20b2e745be2c28fabcd,6500ded30236bf82fc67cc1ca8089c747b280d0e62a1fa6e8759764a88a6e9a3,0,16384,0.0,0.0,0.0,0.0,0.5,1.0,16384,0,0,0,
image_379.h5,5755a78179de2871b68f77e816d346384774228c21850385952f639adba1873c,d10b6ec97396700e475304c4efb292e3bcd66da82dc547d2b33d1092358ab170,640,16384,0.6786155747836835,0.8085419734904271,0.7646239554317549,0.8578125,0.8310981252510145,0.984130859375,15575,169,91,549,0.6786155747836835
image_380.h5,6923bb9833c66636f25a282f4ea9a7679e2754904c2cffcc314616c6652f0b88,c65f0da623f1d721c13f4f63c44df717125a2e8d53107474925e3030b745e643,20,16384,0.0,0.0,0.0,0.0,0.4993896484375,0.998779296875,16364,0,20,0,0.0
image_381.h5,63a206bc7365a8b72c2174db4b431ba42d97768527ebb8d81882e05ce41e530f,475ad268da1cc9ba3b47a2818dda4ca898a25e036b4b8049c6021780ed18c550,203,16384,0.3592436974789916,0.5285935085007728,0.38513513513513514,0.8423645320197044,0.6702158165431101,0.98138427734375,15908,273,32,171,0.3592436974789916
image_382.h5,cb0c0a7ca2b59279704e08a675c048871c868f71d30ef65abe9df5aa549ba7ff,7564bd28dce877f8a93455668a3ca55eef09c1acd2119ab6d6145bfb2fd87b7a,147,16384,0.5625,0.72,0.8737864077669902,0.6122448979591837,0.7791019700503252,0.9957275390625,16224,13,57,90,0.5625
image_383.h5,75bfa1465233a24cd93a0a208baba6b645cbc765334fb6e623f2fc4e75dce0e0,6500ded30236bf82fc67cc1ca8089c747b280d0e62a1fa6e8759764a88a6e9a3,0,16384,0.0,0.0,0.0,0.0,0.5,1.0,16384,0,0,0,
image_384.h5,dae7305b834664146ccd276d1a81c50eb2eaaf77173bb4f74f4c690839401efb,3126bc60ee0e2418b58d37ed2632978b77ff350ce079bf606749f58baecdaef9,97,16384,0.4315068493150685,0.6028708133971292,0.5625,0.6494845360824743,0.713210688305595,0.99493408203125,16238,49,34,63,0.4315068493150685
image_385.h5,95648dadb8b8c58e0990058108f5f111cf6e9ddaff9f76524bc17e04b1a47826,6500ded30236bf82fc67cc1ca8089c747b280d0e62a1fa6e8759764a88a6e9a3,0,16384,0.0,0.0,0.0,0.0,0.5,1.0,16384,0,0,0,
image_386.h5,a49bce85b62f77767be725b7d7191c50a7744c6a4226dcf178c14abe82df5baa,b18f9b09dca1731c2ea23516f99221420588d33388c2755af361b591bfdaa4ea,0,16384,0.0,0.0,0.0,0.0,0.49908447265625,0.9981689453125,16354,30,0,0,
image_387.h5,ee86e3e31bd98536599d56bcce1206b1a62c35a53eadff5b3500c7e755952665,3b020944d20a921f2fc0c359c074030ff4923b99e4e64ce32eeb8477fbf313c7,95,16384,0.0,0.0,0.0,0.0,0.497100830078125,0.99420166015625,16289,0,95,0,0.0
image_388.h5,6cacb560d882a25c8b59ea42cd233cda71e09e68af3f537b739c024b82b8d319,b18f9b09dca1731c2ea23516f99221420588d33388c2755af361b591bfdaa4ea,0,16384,0.0,0.0,0.0,0.0,0.496978759765625,0.99395751953125,16285,99,0,0,
image_389.h5,6311221f2e7f8344670ca0206f13e7ad3e14e350d07e7a067348d71580757ff0,b18f9b09dca1731c2ea23516f99221420588d33388c2755af361b591bfdaa4ea,0,16384,0.0,0.0,0.0,0.0,0.5,1.0,16384,0,0,0,
image_390.h5,7b244511a311a36d7cc32ddad57b982957a690ea420a78d6d070157550b78896,b18f9b09dca1731c2ea23516f99221420588d33388c2755af361b591bfdaa4ea,0,16384,0.0,0.0,0.0,0.0,0.5,1.0,16384,0,0,0,
image_391.h5,e32e172923f9e739fb64fc5bc02a752e43152a4d29939fe05504ed8b67684230,6500ded30236bf82fc67cc1ca8089c747b280d0e62a1fa6e8759764a88a6e9a3,0,16384,0.0,0.0,0.0,0.0,0.5,1.0,16384,0,0,0,
image_392.h5,c35efebf7a96f4fd049d6f6c416b91627fe82e929562540dfad7c6f0d3ebd24a,3254e0dd1dbe4a016d2edf2bdaf622ed7d46c60d61c7b226026e504f4cc8fb95,375,16384,0.5553869499241275,0.7141463414634146,0.563076923076923,0.976,0.7685475141679572,0.98211669921875,15725,284,9,366,0.5553869499241275
image_393.h5,4f6ec7389f40e957c428ce3aa90278708eaf23af6f73e2792444c2da8f742fbd,e91ed9c1cdbfbc663d65fb334a5e09bc969870644c1540345cd7e0685ba934ae,18,16384,0.3157894736842105,0.48,0.8571428571428571,0.3333333333333333,0.6574978629869337,0.99920654296875,16365,1,12,6,0.3157894736842105
image_394.h5,3334d855979fbaa50a51162ed8022ae88e46bb24b9c8ea1e08554ece6162ac22,94744fec31988011a011075da2ff927305fb294ade680ff0a0f769aace38fdd2,34,16384,0.0,0.0,0.0,0.0,0.49896240234375,0.9979248046875,16350,0,34,0,0.0
image_395.h5,8ade3bdfbe1d07627ea8fdc122f8573e930b1a7f22ee0b7acf81dcb1e07ed53d,a53c87cf59f381e26bada079894a27fa800b698dd6fb7ce16197d212ae5f8635,1118,16384,0.0,0.0,0.0,0.0,0.46588134765625,0.9317626953125,15266,0,1118,0,0.0
image_396.h5,e1182cc8403d979b1494dccd9848da9dae7be9272fb5ea379a9f518b723f107a,e0d04286f0500f56d44d12f836758015f618d7a5d0fb501c2141c19a881dbeb8,859,16384,0.5,0.6666666666666666,0.7299168975069252,0.6135040745052387,0.7333827331777764,0.96783447265625,15330,195,332,527,0.5
image_397.h5,3a4ecdfcf17010bfda2241e93edd8232bac62acf56ccbc643febf847d17e3581,b18f9b09dca1731c2ea23516f99221420588d33388c2755af361b591bfdaa4ea,0,16384,0.0,0.0,0.0,0.0,0.5,1.0,16384,0,0,0,
image_398.h5,9aac6f1f433b465bdd03df96692ce1ec2d5f446b3a65aa9cf800e761374968a9,27088838cf08ca36bca04678cff25163d869ba7216955ffc3cad46e349acf982,687,16384,0.8667601683029453,0.9286250939143501,0.9596273291925466,0.8995633187772926,0.9303672717703995,0.99420166015625,15671,26,69,618,0.8667601683029453
image_399.h5,de162547491f5335e4d8367cf2cf973316dda81c30626486464c914dfea3f7fc,ea03c3ba2c058a5a6b4068595f9d42f209b966077159fbc539e09f534d5094ff,436,16384,0.3638344226579521,0.5335463258785943,0.40931372549019607,0.7660550458715596,0.6637240649115306,0.96435546875,15466,482,102,334,0.3638344226579521
image_400.h5,4047403d03ae6fb80dd7c2416c98370d1d5fc4cf0d47f9baee27c4a7b25b60d0,40fcb2ebcc6a7bb4fac74a493706857b515e90e92dcb082aa8fd9f3086d4a6ab,195,16384,0.39631336405529954,0.5676567656765676,0.7962962962962963,0.441025641025641,0.6941377840033524,0.99200439453125,16167,22,109,86,0.39631336405529954
image_401.h5,08f3a39796d0933c91a602e0f2033ed14eb6279d5c41d962d276b9193c775346,de85bf7a74ecc0d33ae5c558cf2da211de3a037776266f0c747f93f4eb829bbe,23,16384,0.0,0.0,0.0,0.0,0.499298095703125,0.99859619140625,16361,0,23,0,0.0
image_402.h5,e2f80a3f7244409fa280f530a49d61e95a38e2ec8e012ee06f405791d0ebfdf1,a2050b598ae59dfdb51fd48883ac30821d47e61a46ba65b249dfcf98680d7977,223,16384,0.5306122448979592,0.6933333333333334,0.8552631578947368,0.5829596412556054,0.7617685317020866,0.99298095703125,16139,22,93,130,0.5306122448979592
image_403.h5,cc025dc0126526d7b4f44b55cf0bcf70c0be10716f86bf5f759bbcf5ea81c9b2,d93ae328b646958db5dcac6694ecfc12bf6f08ad3adc2331b25890783e747c91,76,16384,0.2777777777777778,0.43478260869565216,0.6410256410256411,0.32894736842105265,0.6369022148868105,0.99603271484375,16294,14,51,25,0.2777777777777778
image_404.h5,02a783015ab652b08d6e73efd53a433f44c8283a9c541a4fff5c9e96f94d8b74,975004f9742b4c8161cee59df13ed4dcf06481bacb2a24fe0161d56837d51d37,42,16384,0.15789473684210525,0.2727272727272727,0.165,0.7857142857142857,0.5735654345943754,0.9892578125,16175,167,9,33,0.15789473684210525
image_405.h5,3fc3b4227aae1f1d771f2bd0a33d60b9717c2e0552b1589b79e47e88bd24f7de,fb01b621d3d34e68b1c18dbe1380650a40e7fd6732f76d239b11210421bf0475,35,16384,0.0,0.0,0.0,0.0,0.498931884765625,0.99786376953125,16349,0,35,0,0.0
image_406.h5,207163f01227e3d86fb9a03182cf474898bc175247572edda8dac087552fa71a,b18f9b09dca1731c2ea23516f99221420588d33388c2755af361b591bfdaa4ea,0,16384,0.0,0.0,0.0,0.0,0.5,1.0,16384,0,0,0,
image_407.h5,3d958c363a82fb9c60b2d39605d8ad5f28806efbc7eab2dd68dca22121b5c9d8,b18f9b09dca1731c2ea23516f99221420588d33388c2755af361b591bfdaa4ea,0,16384,0.0,0.0,0.0,0.0,0.5,1.0,16384,0,0,0,
image_408.h5,7b47574711c1c3c73a4ca848ce640660d24b58c3d912ee7b68b7647770e2873f,de2d1302591e3dc87caef0072991390137d740537d451de0613006ba397863b1,358,16384,0.3621212121212121,0.5317018909899889,0.4417744916820702,0.6675977653631285,0.6680225137719719,0.97430419921875,15724,302,119,239,0.3621212121212121
image_409.h5,b7a9127948672d37ecf06aedc952f8cae36f3bf5886f7e9b626fd6d166df2f8e,8d432e4a2e608dc679e37a25b1db35a77177a64ff611010621a5db5ade1c6985,35,16384,0.0,0.0,0.0,0.0,0.498931884765625,0.99786376953125,16349,0,35,0,0.0
image_410.h5,34ac649c9c522beb7eaf2e69f3a6fd2601583b600682d8e1eb8661c62d1e3ec1,2eca8ea2666b7ca7f9cd4bc0c1db96cb0f48c46f0261aaaa81af40d1ec087414,428,16384,0.39853300733496333,0.5699300699300699,0.4553072625698324,0.7616822429906542,0.6839470367351115,0.969970703125,15566,390,102,326,0.39853300733496333
image_411.h5,206d5b6d5beeaaae2c1494155cec479c3f0fb210f2104ae666f8756f52a42f83,f2910681e988c7196cdafe41ea73a39987d507f2e6771772368802a887911d99,604,16384,0.6852331606217616,0.8132205995388163,0.7589670014347202,0.8758278145695364,0.8349533825814579,0.98516845703125,15612,168,75,529,0.6852331606217616
image_412.h5,59bd42f2cc3920be209c74df7a4aa416ebd51face358fd4b2907745e8ece16f3,a66922ba935eca5b57563890cfd7daf67f530a8e44d38ac0f2af23dec3fb18e9,400,16384,0.6211180124223602,0.7662835249042146,0.783289817232376,0.75,0.8048701228488324,0.98883056640625,15901,83,100,300,0.6211180124223602
image_413.h5,ac0c2535edb66aa4a864b8f192384b833188ee7bfb408cc2f69f89ec48c6f39a,979f13ab9bdf505c8404e3dc6e277fd22d06879e5048385abc010b90a755f8e5,13,16384,0.0,0.0,0.0,0.0,0.4930419921875,0.986083984375,16156,215,13,0,0.0
image_414.h5,369634015fbbc19bad892e095347a777e43fb2d5f028c34c12cea67bf2e80f47,8edb2a5ba3d427c5007e02779c0292deada595b9e5812e2ce94725e25ec53ce5,185,16384,0.5235849056603774,0.6873065015479877,0.8043478260869565,0.6,0.7586891528854951,0.99383544921875,16172,27,74,111,0.5235849056603774
image_415.h5,62ee0546cf6d5ade456c60a094b109b2d49380482edb71b250b9a71182b5ad6b,b18f9b09dca1731c2ea23516f99221420588d33388c2755af361b591bfdaa4ea,0,16384,0.0,0.0,0.0,0.0,0.5,1.0,16384,0,0,0,
image_416.h5,487743e0bb5e2b2469d934f879ee76e153eb5461d0bef5b4d488867dad100af0,a6eaf32c6943538f5f0c9f00f8f53173f573ff710bca3c049a75d55324c00626,336,16384,0.25295508274231676,0.4037735849056604,0.25598086124401914,0.9553571428571429,0.5969687323068491,0.942138671875,15115,933,15,321,0.25295508274231676
image_417.h5,b60073bbafe2c2e0f13f555b9ae8c13df0bbfdbc6608393aa40c1ab479fe6759,52945724bcf14bade82f8faf3ef7b78d9a1828a555e65c624ca8aa1d124a215e,26,16384,0.0,0.0,0.0,0.0,0.49920654296875,0.9984130859375,16358,0,26,0,0.0
image_418.h5,127810d43407433cfc5539bf9448c912bb6107194e4cc3f5fa4a1fd0b823e429,6500ded30236bf82fc67cc1ca8089c747b280d0e62a1fa6e8759764a88a6e9a3,0,16384,0.0,0.0,0.0,0.0,0.5,1.0,16384,0,0,0,
image_419.h5,188103eaa8b3d46a30903c58dd60bdd913f61ec6b914b73c99caf572efa96cd1,6500ded30236bf82fc67cc1ca8089c747b280d0e62a1fa6e8759764a88a6e9a3,0,16384,0.0,0.0,0.0,0.0,0.49749755859375,0.9949951171875,16302,82,0,0,
image_420.h5,262626f828c3ab639f35e983d1a88911718916e4d560f92f72b54d5b42cef9f1,a7935eb200c7bcb7fd4b0f60d7dfc21db041a629ebd904739bfaaee034e0809c,225,16384,0.577639751552795,0.7322834645669292,0.657243816254417,0.8266666666666667,0.7846218266345282,0.99169921875,16062,97,39,186,0.577639751552795
image_421.h5,b88d8ff0ac751a4238063fced721b72a690d777f189556ca756b3c6d81624749,b18f9b09dca1731c2ea23516f99221420588d33388c2755af361b591bfdaa4ea,0,16384,0.0,0.0,0.0,0.0,0.499755859375,0.99951171875,16376,8,0,0,
image_422.h5,3e1e9ad4c18e6decfa620dd180091364ce7116e04091693579f3f3c3da81d475,afe7225798a14361ac4045419f6be9b0fa63e658474eac859d618aba0e3da36f,23,16384,0.0784313725490196,0.14545454545454545,0.125,0.17391304347826086,0.5377810098398333,0.99713134765625,16333,28,19,4,0.0784313725490196
image_423.h5,752d5c36bced68d5f648bdf808a8c040fb43a591d9b6fb2a8305963aaba1790e,b18f9b09dca1731c2ea23516f99221420588d33388c2755af361b591bfdaa4ea,0,16384,0.0,0.0,0.0,0.0,0.499725341796875,0.99945068359375,16375,9,0,0,
image_424.h5,b9646d0214904f28439524f05616b42a4739e952eea1e713f4ebebb5946c6b4b,3f31d260b8936a67bc879037b94f2a7299fd85fd07683061147bb1e693d459d3,337,16384,0.40896739130434784,0.5805207328833173,0.43,0.8931750741839762,0.6909600993082082,0.97344970703125,15648,399,36,301,0.40896739130434784
image_425.h5,48c053241ff0a8c8478b7ff9aa27d6b92f313078b87fdaa4cc4762d54c9acf77,b18f9b09dca1731c2ea23516f99221420588d33388c2755af361b591bfdaa4ea,0,16384,0.0,0.0,0.0,0.0,0.495269775390625,0.99053955078125,16229,155,0,0,
image_426.h5,0d3655c4fd76b07a352ddb40a068326081b318662043e1e0391e8371eb86cb05,1232f287fc318b6cb721af417f8b17d9cef6f2e33c728dbaa9cbc36f7d83286f,217,16384,0.5082872928176796,0.673992673992674,0.5592705167173252,0.847926267281106,0.748649819248346,0.9891357421875,16022,145,33,184,0.5082872928176796
image_427.h5,ba04c3ea861e08348339bb98e7da87f95aa712b45ce72082b6501efe3ffea2e7,a9d2a43b9ce28e7e73da1c3c7beff4e34a4fdd5e8796e3b706960102a3c98f05,68,16384,0.0,0.0,0.0,0.0,0.495758056640625,0.99151611328125,16245,71,68,0,0.0
image_428.h5,d8dec6abc2fa8c916393a8f90dfef6a1d15a45e3b4be54ebda08c9e6ee87d9ef,4bf704b4abd41d4e51eca6a675a2c60ec109675ffe13d1420c4138ba377d38e6,0,16384,0.0,0.0,0.0,0.0,0.5,1.0,16384,0,0,0,
image_429.h5,e4197f0bdd812acc048cdaca01d9ad1ea02b57c5ee294ccf77f1759cb8c1639f,b445e6851db9f4aae0ff6f64388d90b3a187ca6fc06a80dfb90188bd18824e6d,360,16384,0.542528735632184,0.7034277198211625,0.7588424437299035,0.6555555555555556,0.7651026140385344,0.98785400390625,15949,75,124,236,0.542528735632184
image_430.h5,7da0818b87bf82601e96cb51274f7c219f2be3072a2d94719ca336d1c4465a68,b18f9b09dca1731c2ea23516f99221420588d33388c2755af361b591bfdaa4ea,0,16384,0.0,0.0,0.0,0.0,0.5,1.0,16384,0,0,0,
image_431.h5,fc0de4fe62c8aa036886c22724de9535aeec93429d0f45fca7cc0748dea10270,4d32bcde3559d3d12cb35d4494bc86e92aad10c4716c78df11a4f65b69929bf2,62,16384,0.0,0.0,0.0,0.0,0.49810791015625,0.9962158203125,16322,0,62,0,0.0
image_432.h5,f6d698ee3a82877c7af0cc11f1fc92b7217fda24f93c78569b31dc4735a13250,f1eb880e701e2d39747598418b96d45bcd2001b49159bd43a4189b828d0d8f51,1254,16384,0.8706957132817991,0.9308790383170549,0.8799715909090909,0.9880382775119617,0.9292732445577038,0.98876953125,14961,169,15,1239,0.8706957132817991
image_433.h5,d0c1949926d9be3574a551ed372119154877cf0110a5f08da3bdefafac73366b,930f4545f4ce3d1ab14033d27803a96863b55cc9e3115a1a17fbf1ab79bfafaf,82,16384,0.0,0.0,0.0,0.0,0.49749755859375,0.9949951171875,16302,0,82,0,0.0
image_434.h5,684859b406f147e9f8fde0e35f7c1d2bccd4006f26d626c5c599d6553fd9c2b9,0d80a7ece8d49e9e66db65b80e808537b963b97e4ef6798d9606845499e33012,24,16384,0.23333333333333334,0.3783783783783784,0.5384615384615384,0.2916666666666667,0.6159644623557428,0.99859619140625,16354,6,17,7,0.23333333333333334
image_435.h5,9d99f390f7cf4fc80153cb68a359681e5c2cd51b400a806c3ae96fec7a2cec8b,37d94ba653369486e44253fca67184372bd2b753834ff2270e60c7ed01b86400,818,16384,0.5876923076923077,0.7403100775193798,0.6131621187800963,0.9339853300733496,0.7766886634492268,0.96728515625,15084,482,54,764,0.5876923076923077
image_436.h5,ad665f07f631da32961c3eec5b93f9fa977b8b180f0dd3e9361904eadbf8fc79,b18f9b09dca1731c2ea23516f99221420588d33388c2755af361b591bfdaa4ea,0,16384,0.0,0.0,0.0,0.0,0.5,1.0,16384,0,0,0,
image_437.h5,cf4bad4b145673cb42c3c5e464089a59e90bb810c754083a649909cafc47eedf,b18f9b09dca1731c2ea23516f99221420588d33388c2755af361b591bfdaa4ea,0,16384,0.0,0.0,0.0,0.0,0.5,1.0,16384,0,0,0,
image_438.h5,cc02c8aa98bfabb5cead0d66f8a02c77e899fab50f3855cd37bd8ea041bbc18d,b18f9b09dca1731c2ea23516f99221420588d33388c2755af361b591bfdaa4ea,0,16384,0.0,0.0,0.0,0.0,0.5,1.0,16384,0,0,0,
image_439.h5,61beb442d04215b02fd87effb5d17a4e2be2c6796b830565785620c484ad9760,be1832a8d460b59957fa40b0e5dcf37befb4a5f8bee3569ef5e4319a0dde92cc,326,16384,0.3591989987484355,0.5285451197053407,0.37763157894736843,0.8803680981595092,0.6636959148553634,0.96875,15585,473,39,287,0.3591989987484355
image_440.h5,2593d6ca2306683756123f41ce216e8d45191e315a4da7ed1763d2b1f2735f2b,6563c280f855166cb8541e6efaf80b4ff8d5de92eee8841f96ca93702b3b4e21,352,16384,0.36283185840707965,0.5324675324675324,0.4904306220095694,0.5823863636363636,0.6702903961050788,0.97802734375,15819,213,147,205,0.36283185840707965
image_441.h5,4440aae0544083b2b72ddfceacfba5e9dbeac4a15ae5c7d518794fff63534e95,0c85a53202f04534e386f0d09b929dba8699df58c45b7d3afd5a5715a374962f,44,16384,0.0,0.0,0.0,0.0,0.4986572265625,0.997314453125,16340,0,44,0,0.0
image_442.h5,b85dc960cad0afd0cf7b49a96acaa172256aded1b6606aeb8513a01a5b04119f,b18f9b09dca1731c2ea23516f99221420588d33388c2755af361b591bfdaa4ea,0,16384,0.0,0.0,0.0,0.0,0.5,1.0,16384,0,0,0,
image_443.h5,693932150dc2afed6828551e896d0730192a4c1991ad1e28dbfc73a4f889f405,b18f9b09dca1731c2ea23516f99221420588d33388c2755af361b591bfdaa4ea,0,16384,0.0,0.0,0.0,0.0,0.499114990234375,0.99822998046875,16355,29,0,0,
image_444.h5,84f7f3630ef604105cd389078a25c653dc0d0c3078896621a2e1b87f1ffd433a,6500ded30236bf82fc67cc1ca8089c747b280d0e62a1fa6e8759764a88a6e9a3,0,16384,0.0,0.0,0.0,0.0,0.498321533203125,0.99664306640625,16329,55,0,0,
image_445.h5,499478df08a09128b866a879ee45f6d170d2984fa2c9a91a732e87aa69f768ac,b18f9b09dca1731c2ea23516f99221420588d33388c2755af361b591bfdaa4ea,0,16384,0.0,0.0,0.0,0.0,0.497314453125,0.99462890625,16296,88,0,0,
image_446.h5,650798bf0d86d9b160a300f58b239570491bf4434779be0f757f96d8ef38d105,b18f9b09dca1731c2ea23516f99221420588d33388c2755af361b591bfdaa4ea,0,16384,0.0,0.0,0.0,0.0,0.5,1.0,16384,0,0,0,
image_447.h5,e5ea4b01b24b6fbafaf165595a8e9fa0f40af60bdf25dff0eb75a8a2e3abff4b,ea305eb10a219c259cb556de8a1e067109afc1d6d50d7ce31d63269102ccaf2f,96,16384,0.0,0.0,0.0,0.0,0.4970703125,0.994140625,16288,0,96,0,0.0
image_448.h5,322f05b355926835e8d965c96772061582a7c4d549eefcd57d869ce204992d8d,b18f9b09dca1731c2ea23516f99221420588d33388c2755af361b591bfdaa4ea,0,16384,0.0,0.0,0.0,0.0,0.5,1.0,16384,0,0,0,
image_449.h5,2318af9b1c8e12d72a4492fac8838596835dfebca62cc7d818699534210d6a35,3d6d8afd0761c435b6b7d26d90d012f501c288e1d486dc51e359d4a5674a238e,82,16384,0.04225352112676056,0.08108108108108109,0.09090909090909091,0.07317073170731707,0.5169748494631239,0.99169921875,16242,60,76,6,0.04225352112676056
image_450.h5,6ca908d4b9a55cc6ba7e3feb171c264955e9a3c83e7c87d6be88d52fbd25c1fa,c30dda1d957c282245b0ce5bb9bdf168b95d1dce3b4ccf0843f0adde35d47f92,263,16384,0.36451612903225805,0.5342789598108747,0.70625,0.4296577946768061,0.6762043493173091,0.98797607421875,16074,47,150,113,0.36451612903225805
image_451.h5,32a760236aee7c7cc2d631aa6330131263839cdb09d936f886a9e6cd7bebd401,6500ded30236bf82fc67cc1ca8089c747b280d0e62a1fa6e8759764a88a6e9a3,0,16384,0.0,0.0,0.0,0.0,0.5,1.0,16384,0,0,0,
image_452.h5,8ff2ce23dabf0cefdc27f0f6b39fe9f7c9c2253f05abc1420c8157fd1aa1d33d,b18f9b09dca1731c2ea23516f99221420588d33388c2755af361b591bfdaa4ea,0,16384,0.0,0.0,0.0,0.0,0.5,1.0,16384,0,0,0,
image_453.h5,356a155556198bd679fa97cf75205f031755983491d14fce8f0d373fb4169b84,71c20470f7c0c13ff313d5223c782d72b1c7f2d8c84e7f3bbda73aa43c1589bf,756,16384,0.5953488372093023,0.7463556851311953,0.6673618352450469,0.8465608465608465,0.7838596320192853,0.97344970703125,15309,319,116,640,0.5953488372093023
image_454.h5,3a65a4c3f4e4e357d8047bcd50a8192587c1ef5b9d26b1f6d0d79e19cd2274bf,e2f1f64eafcf88e83515bc3ab60a074d2cf8c5e3a3bc04e6f6701d4254e77662,356,16384,0.5195618153364632,0.6838311019567456,0.5398373983739837,0.9325842696629213,0.7502182363500158,0.98126220703125,15745,283,24,332,0.5195618153364632
image_455.h5,aaf3f5267630bbfb09b60113fd6c5285b37f9d411541c626f5071156de56ff38,dbdb699a63016f7dbc9a30b5b036da539d6f8ea5643d302e13df370a4cf8840f,33,16384,0.0,0.0,0.0,0.0,0.498504638671875,0.99700927734375,16335,16,33,0,0.0
image_456.h5,7ba159faa2b73457a7889baf1967ed02eb9e1e9111ebb50ed31c5e492eb7fb87,4bf704b4abd41d4e51eca6a675a2c60ec109675ffe13d1420c4138ba377d38e6,0,16384,0.0,0.0,0.0,0.0,0.5,1.0,16384,0,0,0,
image_457.h5,a419617178c09bd465d5fbbc8693f0d46c0ac12f52e990d7bb006bb91f2182a6,8126aa98832645660f638cc6e6cc0dc592fa04610aa7d007b68fb35c330f3d2d,46,16384,0.3829787234042553,0.5538461538461539,0.9473684210526315,0.391304347826087,0.6906033785663583,0.99822998046875,16337,1,28,18,0.3829787234042553
image_458.h5,cb7e9e6842c10703cf01e4711161cabdc02f045fea33db81a365d61b20b8dd2d,d3b692cab43cdcc452d9750e57d8436bb279098a961e480178151e14760eb462,11,16384,0.0,0.0,0.0,0.0,0.49676513671875,0.9935302734375,16278,95,11,0,0.0
image_459.h5,af523011205ae0a79df1f09ec709290bba562075e373064f5b9cf12e9dd789b1,4bf704b4abd41d4e51eca6a675a2c60ec109675ffe13d1420c4138ba377d38e6,0,16384,0.0,0.0,0.0,0.0,0.5,1.0,16384,0,0,0,
image_460.h5,003302dac48ac7bda0c85cf08f8b2ab5f3df922ea7ddb8b8c3304c51f42fd3ef,5d3781d699b13623b88c36debfc532bc4605abb1337aec50f2c0e9f2d4cc9e88,11,16384,0.0,0.0,0.0,0.0,0.499664306640625,0.99932861328125,16373,0,11,0,0.0
image_461.h5,58052357b8c0a096539f9a5cee0e484e35e3d3b98fe8cb818a65055a33d06fce,b18f9b09dca1731c2ea23516f99221420588d33388c2755af361b591bfdaa4ea,0,16384,0.0,0.0,0.0,0.0,0.5,1.0,16384,0,0,0,
image_462.h5,4a6127adf29e978fc9f264a13e048372e2b46869bbeead0d4523005f55262afc,adf45e268b6714f031dda3b528a96a295adb1d192f89fa29a056c827e30b3619,1096,16384,0.5872420262664165,0.7399527186761229,0.6511789181692095,0.8567518248175182,0.7722548752245,0.959716796875,14785,503,157,939,0.5872420262664165
image_463.h5,b1b96e06b571d73c001dc277e7f7fcad7e611607920133ce05930b508a0cb685,b18f9b09dca1731c2ea23516f99221420588d33388c2755af361b591bfdaa4ea,0,16384,0.0,0.0,0.0,0.0,0.499359130859375,0.99871826171875,16363,21,0,0,
image_464.h5,551aa65d78c1f9ac8f71cc67a14c5bff4abf510f78858b63aa4574e7bb7b67f1,6500ded30236bf82fc67cc1ca8089c747b280d0e62a1fa6e8759764a88a6e9a3,0,16384,0.0,0.0,0.0,0.0,0.5,1.0,16384,0,0,0,
image_465.h5,069796bbc98a62e56bbbc179c02b820fc42cc3a4e93822d46efde2736b690d34,b18f9b09dca1731c2ea23516f99221420588d33388c2755af361b591bfdaa4ea,0,16384,0.0,0.0,0.0,0.0,0.5,1.0,16384,0,0,0,
image_466.h5,3b6141e0d9fb6d96df367629fe8866adffd79b2c9ce459557586f43461ae7884,b18f9b09dca1731c2ea23516f99221420588d33388c2755af361b591bfdaa4ea,0,16384,0.0,0.0,0.0,0.0,0.486358642578125,0.97271728515625,15937,447,0,0,
image_467.h5,f250117f57e84ec3ebf25f9845166857ac6a92820b55b52d15f6776719e7f19a,b18f9b09dca1731c2ea23516f99221420588d33388c2755af361b591bfdaa4ea,0,16384,0.0,0.0,0.0,0.0,0.5,1.0,16384,0,0,0,
image_468.h5,7442d75427d89c0ad835cdb8714e244aaee666b538a28107212c00fcda2b2b6e,8bc20da32d2b5c8dc90a30538cd9dc112eac4cef719f5de55a1f42bd9cee57d2,333,16384,0.7202643171806168,0.8373879641485276,0.7299107142857143,0.9819819819819819,0.8561774970719676,0.99224853515625,15930,121,6,327,0.7202643171806168
image_469.h5,a0611778b128188be3754ae42b30240a86873413318711b98bbdc6b4d38ebb45,d9c776442f3c153a21e1b31e89a9bdb0d5f157ce4a95b1c09887037906e55463,145,16384,0.3933649289099526,0.564625850340136,0.5570469798657718,0.5724137931034483,0.6927563249543321,0.9921875,16173,66,62,83,0.3933649289099526
image_470.h5,ffca11855b7fcbe0f6cd872f4865f389994baf18403663fb9afdaba7583a7fca,d7a61601e22045125ebf98499f8152476eba13cd272eb72455a50b03b9f60d8f,42,16384,0.19047619047619047,0.32,1.0,0.19047619047619047,0.5941999906948612,0.9979248046875,16342,0,34,8,0.19047619047619047
image_471.h5,052b394d5b3c12503d08aba97210422ce5a9daa932a5138f3ba6b748133200de,b024587826811c110406cf6dce11ac273b9e66da55795ca9cbd16bf2e3afa4c3,1168,16384,0.4074932406334492,0.5790340285400659,0.42609046849757676,0.9032534246575342,0.6537107406115905,0.9063720703125,13795,1421,113,1055,0.4074932406334492
image_472.h5,b2b6de6559ed07d80cde168bf1695e030ce76031f29164abf45c92960dae42dc,4bf704b4abd41d4e51eca6a675a2c60ec109675ffe13d1420c4138ba377d38e6,0,16384,0.0,0.0,0.0,0.0,0.484954833984375,0.96990966796875,15891,493,0,0,
image_473.h5,eb78f06b32d06b6d1b5515c2b0a64fadda6c485a9643484589f9fb4980758b68,b18f9b09dca1731c2ea23516f99221420588d33388c2755af361b591bfdaa4ea,0,16384,0.0,0.0,0.0,0.0,0.5,1.0,16384,0,0,0,
image_474.h5,66db732b43b1285c6ac3716125f675a0f93220e66719fe1b543be9d5a3e557e9,809f8205e7dc43dd8df0f415eb1f2aef1f1d10cbb130f1120278dd06acbdf6f2,145,16384,0.23529411764705882,0.38095238095238093,0.277602523659306,0.6068965517241379,0.6088718992751739,0.9825439453125,16010,229,57,88,0.23529411764705882
image_475.h5,fbdb5d775eedffad944f9550aa4e5c6f272caf343c340c0e9a2d71b9dd3e6cc0,1df92966853b6f458cfb8391b5f6232214e72b6f1a219cfdec51f4458793797b,33,16384,0.0,0.0,0.0,0.0,0.498992919921875,0.99798583984375,16351,0,33,0,0.0
image_476.h5,a184a5c62e36f21e6f1d377638346c5b428119f523fef23bf52d1e8b01689dbe,fb90e5cf87a9b9a6a59fbfb7843391849a0a9dfa0210870ac4d8ecaabeb0bdc3,42,16384,0.18085106382978725,0.3063063063063063,0.2463768115942029,0.40476190476190477,0.5880732376642673,0.99530029296875,16290,52,25,17,0.18085106382978725
image_477.h5,9a1d0b868dd8a2a24544046361ce2dad5dc2e50baeb492e3214f670ab6fa73ff,196ac5a76617a8667accf00bf3fc6f86bc4516ce014963f3f8bd9c2cb1625281,927,16384,0.6696296296296296,0.8021295474711624,0.6812358703843255,0.9751887810140237,0.8204091300602928,0.9727783203125,15034,423,23,904,0.6696296296296296
image_478.h5,bb35f4dfefc5c61d8dbcc762af605f0e91a5142e0c9df08faea2369f07c062d2,ac6440ad303bcf0ed5a9a8f8a3492d983d7a59a93d98a96cb7721fe4ddc44f82,231,16384,0.242914979757085,0.39087947882736157,0.7894736842105263,0.2597402597402597,0.615729727075308,0.98858642578125,16137,16,171,60,0.242914979757085
image_479.h5,e3d2f0eefcdd27c5feeb35f6cbac1a952fd272cb0de426cea72c087bd335dfa0,b18f9b09dca1731c2ea23516f99221420588d33388c2755af361b591bfdaa4ea,0,16384,0.0,0.0,0.0,0.0,0.5,1.0,16384,0,0,0,
image_480.h5,65e064b447cc298d3bc67462f14f4869e071b2223f262e984f2b27b35abb496a,b18f9b09dca1731c2ea23516f99221420588d33388c2755af361b591bfdaa4ea,0,16384,0.0,0.0,0.0,0.0,0.5,1.0,16384,0,0,0,
image_481.h5,06c1e3626791f9063d59aa9dbb637d4ae8078d0b2c1ffb5936d6e1159b586d17,b18f9b09dca1731c2ea23516f99221420588d33388c2755af361b591bfdaa4ea,0,16384,0.0,0.0,0.0,0.0,0.49993896484375,0.9998779296875,16382,2,0,0,
image_482.h5,d2ef6d7ac404531fc652e2c6f905820c3011e890752101eb01224b93c6b070b1,b18f9b09dca1731c2ea23516f99221420588d33388c2755af361b591bfdaa4ea,0,16384,0.0,0.0,0.0,0.0,0.49432373046875,0.9886474609375,16198,186,0,0,
image_483.h5,abb843c3710fa84a40faede304b6a6f99fb0305d679f23e60b9f18c632076bc5,d1fac801bce40e0ecf62f29e266831185ca48406db5d69738bee61ad0c7f5779,99,16384,0.4077669902912621,0.5793103448275863,0.9130434782608695,0.42424242424242425,0.7020171385185352,0.99627685546875,16281,4,57,42,0.4077669902912621
image_484.h5,80412437adb74790ebcb9a1ac6cc8ca7b48f115509dba8148ea1f6d10a235b6a,b18f9b09dca1731c2ea23516f99221420588d33388c2755af361b591bfdaa4ea,0,16384,0.0,0.0,0.0,0.0,0.5,1.0,16384,0,0,0,
image_485.h5,74fd40e543f89d80ca29c13111a04bccc9d72d3e4eb45f9a3075f9ad9c927d5b,b18f9b09dca1731c2ea23516f99221420588d33388c2755af361b591bfdaa4ea,0,16384,0.0,0.0,0.0,0.0,0.5,1.0,16384,0,0,0,
image_486.h5,c7430ce6853030a558873f1fbaecac502fa7120daf330905b470c8f938b1e0f0,b18f9b09dca1731c2ea23516f99221420588d33388c2755af361b591bfdaa4ea,0,16384,0.0,0.0,0.0,0.0,0.5,1.0,16384,0,0,0,
image_487.h5,63594390b6edc5fe01e8abf92e7fd2643b20760c2eb6c4b65ed22f8622372cbc,b18f9b09dca1731c2ea23516f99221420588d33388c2755af361b591bfdaa4ea,0,16384,0.0,0.0,0.0,0.0,0.487152099609375,0.97430419921875,15963,421,0,0,
image_488.h5,c137a9fcad62457d6b931893d0283af88c7f5f66dc9b50acd11e3d322db3a06f,5c778a3dc99dede09b71422b4fe9905294ca2e10abf7a993bac12655f1180b01,56,16384,0.0,0.0,0.0,0.0,0.498291015625,0.99658203125,16328,0,56,0,0.0
image_489.h5,480a57109e03fab69b2b57991054c574c16db931ee925e380ce517a1ebe9ac4a,5c273b6ca5a0f8231342f62036cbd881906ee467582d93fce49c59c8e2e8c6ec,39,16384,0.0,0.0,0.0,0.0,0.491455078125,0.98291015625,16104,241,39,0,0.0
image_490.h5,3e9944e899cdaf180cdffdfe0163365c9f28313292728f6bf1208a4061c7f25f,b18f9b09dca1731c2ea23516f99221420588d33388c2755af361b591bfdaa4ea,0,16384,0.0,0.0,0.0,0.0,0.5,1.0,16384,0,0,0,
image_491.h5,c324960806b6165894b0603a3e1159485877a581d6eeeec725ed5faaab261d9c,e4636dea9c1c9d78dbc0644a4c3dddb974b215dd475680b61f4667619c591c11,6206,16384,0.7136393878908849,0.8328933064140395,0.8038069544364509,0.8641637125362552,0.7591879000973343,0.86865234375,8869,1309,843,5363,0.7136393878908849
image_492.h5,ba16734d01d155e83d989d5202b13443a3bba1779a5d8fe0f21bb0caa54219a8,b316cecc781ff1c6b65f769faf586255594668f4d65affa89eaa35be2637f5a8,101,16384,0.15418502202643172,0.26717557251908397,0.21739130434782608,0.3465346534653465,0.5712205922414255,0.98828125,16157,126,66,35,0.15418502202643172
image_493.h5,ab373f46dfcb21c408f262f6a8c7d67a0657e7a1a7e2ca019a9f29c5901135c3,b18f9b09dca1731c2ea23516f99221420588d33388c2755af361b591bfdaa4ea,0,16384,0.0,0.0,0.0,0.0,0.5,1.0,16384,0,0,0,
image_494.h5,e1de7fe63245cc59281f360a5121bfb2b8ee29dd03f73dffd7a37baddde1e50f,c29e2967c581044cca767db3eb2e6f1d1aec2be9bdc74f6ab8515e2bbfe3dba8,245,16384,0.6051948051948052,0.7540453074433657,0.6246648793565683,0.9510204081632653,0.7978918116123243,0.99072265625,15999,140,12,233,0.6051948051948052
image_495.h5,72efc3a2fb548baec902334cede29e11e9b76b168e381748f6c14efbe679ba22,4bf704b4abd41d4e51eca6a675a2c60ec109675ffe13d1420c4138ba377d38e6,0,16384,0.0,0.0,0.0,0.0,0.5,1.0,16384,0,0,0,
image_496.h5,e9ada76e39f07253b367957b98afb8f365ede0cd5ceb13d1fa7e1ea63cbdbe9c,27072c7d05e57e44fce9aeb20c05aee9fb20f331d2c44ff5b6a0b0f4058f5500,151,16384,0.4147727272727273,0.5863453815261044,0.7448979591836735,0.48344370860927155,0.7042289851801071,0.99371337890625,16208,25,78,73,0.4147727272727273
image_497.h5,86dcab9bbe0922ae5af1d4cab3edbb4c28ab9d81ebe70d9f960f2111d916a372,c43ae031bee4220a3da8dd06ee54b083adb8d3f893e5dad4d9f2d53e3f4a740c,1155,16384,0.6638452237001209,0.7979651162790697,0.6875391358797746,0.9506493506493506,0.8137360358982091,0.966064453125,14730,499,57,1098,0.6638452237001209
image_498.h5,1da64e516975f4cef699597adb36c5d604b05da52543ab1263c34483191c0a93,b18f9b09dca1731c2ea23516f99221420588d33388c2755af361b591bfdaa4ea,0,16384,0.0,0.0,0.0,0.0,0.5,1.0,16384,0,0,0,
image_499.h5,fd6c1c6bf5b24d12f30cb198adbd61886e0322cf4e9e3ae616fa0c68bfdf815b,4bf704b4abd41d4e51eca6a675a2c60ec109675ffe13d1420c4138ba377d38e6,0,16384,0.0,0.0,0.0,0.0,0.5,1.0,16384,0,0,0,
image_500.h5,185daf38be01ddb4d23e8ee95339bddedf6fbce1b6b4bdf6a651e060cc2acb9e,28586b2872f3c3055101ebdcdd06182f933681a67072dfd3e20b7e335d25c8f4,84,16384,0.3584905660377358,0.5277777777777778,0.6333333333333333,0.4523809523809524,0.6771652634422131,0.995849609375,16278,22,46,38,0.3584905660377358
image_501.h5,0058e98752ac2e1e99742341ee6ddedcb41191efa8527ef426893e21d52dc206,f4b9be8adea4a64e0c27cf071f0870fb0361999a1457bfefe4b197523250a499,643,16384,0.437192118226601,0.6083976006855184,0.6774809160305344,0.552099533437014,0.7043406470476694,0.97210693359375,15572,169,288,355,0.437192118226601
image_502.h5,c5a4775349e4f23e837914e1377ec51eb0b825f2a258b8f1c263facbbea5cf23,b18f9b09dca1731c2ea23516f99221420588d33388c2755af361b591bfdaa4ea,0,16384,0.0,0.0,0.0,0.0,0.5,1.0,16384,0,0,0,
image_503.h5,9e7ddcc6094d595f3b1e00a1c45b4f7d14c8e7b6f30cce105c5d8adb5e2f8d53,0eff788808e48d0e10f2cd7ca396fe2fe93d556d7fbeee383a4f0519ded9bf1b,912,16384,0.11119081779053085,0.2001291155584248,0.24332810047095763,0.1699561403508772,0.5174230014764473,0.92437744140625,14990,482,757,155,0.11119081779053085
image_504.h5,f8615a8e19e3982f48e873f01bfc081cabad8ecc8a4e08fbf27dde8770fdd80a,2205c8f355c5632f5f3dc4126593cef81011ca8fc634d78f897a63b5b3707867,493,16384,0.0,0.0,0.0,0.0,0.484954833984375,0.96990966796875,15891,0,493,0,0.0
image_505.h5,e7db189be0cd1edbf1114d84b85b1ed750dcda86e6972472afa1fb3c74b33751,c38bebca8dcf3d0bb12b0f0d8c8a470619858a132fbf1791ebd242b8e3acfefa,2496,16384,0.3460949464012251,0.5142207053469852,0.8862745098039215,0.36217948717948717,0.6178795145442818,0.895751953125,13772,116,1592,904,0.3460949464012251
image_506.h5,2630eee5e2e88d5436be08fc7eefd098402186c25951638975511c41a360b063,241c21383140cbc7e160635ed936e46509945ef881224285936e9d9377f2efda,96,16384,0.6481481481481481,0.7865168539325843,0.8536585365853658,0.7291666666666666,0.8229094302099083,0.9976806640625,16276,12,26,70,0.6481481481481481
image_507.h5,af8fe98003626981e98d03d722d72b28a0ba2a6b9a907dee610262ed99086760,3b921a548c6f664979a1cd4ae92e0a5a4d86a5e4e659f9c54f7553a6e75e7087,80,16384,0.42702702702702705,0.5984848484848485,0.42934782608695654,0.9875,0.7102629768683126,0.9935302734375,16199,105,1,79,0.42702702702702705
image_508.h5,7c8a5e5913f9c02e6b720c2d7b6c06c408377652203243005ac12483ae67db01,12983c6f2cf17d669ef41c88ddd438d1c267d2630105ddbafd2b1f3b1453f1ea,54,16384,0.0,0.0,0.0,0.0,0.49835205078125,0.9967041015625,16330,0,54,0,0.0
image_509.h5,f22ba72ca0ae8826d1e03a065b1e3f9b697f1e4e73cf892ac54d55b59de49da2,b18f9b09dca1731c2ea23516f99221420588d33388c2755af361b591bfdaa4ea,0,16384,0.0,0.0,0.0,0.0,0.5,1.0,16384,0,0,0,
image_510.h5,6a611d41252c07442346c6848acfc755e6095387d2e6369dfa00e55c6a482b9d,ee0c272975fe849b8d732298a0ebc212407b2df97908abdd342c1a4b5ee1cd37,362,16384,0.0,0.0,0.0,0.0,0.48895263671875,0.9779052734375,16022,0,362,0,0.0
image_511.h5,7d6a8496de3c7bb48d28fbdf333eda73c40dc28609f040d8df8a523b910e3eed,df025d99508accd0c696fbb4f318f5153aece1e84595cbb181237363c06bb6af,17,16384,0.0,0.0,0.0,0.0,0.499481201171875,0.99896240234375,16367,0,17,0,0.0
image_512.h5,f3d6d81f92a420f71f9132e0238083d3c9e135a7125daf9292cae9606774ba0f,b18f9b09dca1731c2ea23516f99221420588d33388c2755af361b591bfdaa4ea,0,16384,0.0,0.0,0.0,0.0,0.5,1.0,16384,0,0,0,
image_513.h5,4189353eba22b8d318f6290927ff4815892ec9a5243468ea422937ecae610036,b18f9b09dca1731c2ea23516f99221420588d33388c2755af361b591bfdaa4ea,0,16384,0.0,0.0,0.0,0.0,0.5,1.0,16384,0,0,0,
image_514.h5,91baebf5cdff7baa60d5876d124b1ff1f714699f4633752efbb402a433f40a92,39e8e9b910210016eabce55f0cbdd185d313899a264514c986d9e3e9c90776fe,18,16384,0.0,0.0,0.0,0.0,0.49945068359375,0.9989013671875,16366,0,18,0,0.0
image_515.h5,90acd702ba61d4d4544366cdf5e68b23a7a630195ce7d76dd69159846cc4a147,b18f9b09dca1731c2ea23516f99221420588d33388c2755af361b591bfdaa4ea,0,16384,0.0,0.0,0.0,0.0,0.5,1.0,16384,0,0,0,
image_516.h5,1eb57103f2521198d720bcbe2845dc1fca0835cce91e38d2f05763985d75b5ca,9a4166c917b375f1023db3b99cc6ab869d3bb01e016ab8712707d86e386ae923,330,16384,0.0,0.0,0.0,0.0,0.488739013671875,0.97747802734375,16015,39,330,0,0.0
image_517.h5,a00e8afa5245c70acbec4d88928e7ae0dca1225dc169e0791dce878a34907d68,1ca445dfcc5385ef60675ec39cb31ecd49a8a564b133a16982f5a82a27edd59c,48,16384,0.0,0.0,0.0,0.0,0.49853515625,0.9970703125,16336,0,48,0,0.0
image_518.h5,23c2602a1ec3decc551c1fb86f2a47aac2153ea9b2e6dccfcfe85dc0c8572ebd,ea5b3c124d293295872b577e289e952dbdaf3ee42eaa4af231ddb840219342ac,245,16384,0.6149870801033591,0.7616,0.6263157894736842,0.9714285714285714,0.8028793941331858,0.99090576171875,15997,142,7,238,0.6149870801033591
image_519.h5,9a956909bc610d843d8b3b48e9ec32bd482574d765269c650f22ec1588b6e0f9,ef9226357abd192ded02be027c600e020d394eea521da1fac62b971e7e738384,128,16384,0.100990099009901,0.18345323741007194,0.10365853658536585,0.796875,0.5226114971158091,0.944580078125,15374,882,26,102,0.100990099009901
image_520.h5,1e9dcb252923e6143331d90b34d997f5e11e0f3d4fe82c2d44036a8c7f8184e0,2fa52aa61b6d5e059da504e52b845e2076bb58cd7d15bc613261826f86de23f3,138,16384,0.2075134168157424,0.3437037037037037,0.21601489757914338,0.8405797101449275,0.5901410211691203,0.97296142578125,15825,421,22,116,0.2075134168157424
image_521.h5,f200d698826eed16ea26d69bfa0f793871a8152ec40cb17cd90c6ffc57f25cd5,ba4a1235c6979033596ac672b91b7bd59fa661f7cf9a817ab626524db33194fa,462,16384,0.5016666666666667,0.6681465038845728,0.6856492027334852,0.6515151515151515,0.7415378038923086,0.98175048828125,15784,138,161,301,0.5016666666666667
image_522.h5,f49a0731adad178999ee323a8c367c23d29a56b7e570442f2efff97316a7b0d2,1d9ed9e1b9c898a025ac4a94fa049b53a45b20317d3ca0f4b87de805ce3f2b30,217,16384,0.32014388489208634,0.48501362397820164,0.5933333333333334,0.41013824884792627,0.6542726174997406,0.98846435546875,16106,61,128,89,0.32014388489208634
image_523.h5,96d66e50886fd8166ab8a5f25e5b9eb8bd4b575792b76986ddae06d21e992cf1,3c39bd80b254b098aefe03ba6d2f09c465365d9d9ff1dfcc45c490ebbeafc173,57,16384,0.0,0.0,0.0,0.0,0.498260498046875,0.99652099609375,16327,0,57,0,0.0
image_524.h5,ce72828757a2783e40946f6cd1ddb9cc00c9eaf845a316c7f37f40e99c312d12,b18f9b09dca1731c2ea23516f99221420588d33388c2755af361b591bfdaa4ea,0,16384,0.0,0.0,0.0,0.0,0.5,1.0,16384,0,0,0,
image_525.h5,29a664043ad7eb97d12ce2728ded5d972a443ea5d76b093cf9acee066d0b94fe,b18f9b09dca1731c2ea23516f99221420588d33388c2755af361b591bfdaa4ea,0,16384,0.0,0.0,0.0,0.0,0.5,1.0,16384,0,0,0,
image_526.h5,923fa874303347c2d67d0751294a696e1484cd8ade2ec72af261132c64172d90,2ee4db3800cf436af32fb45abcbc5f166405a2560d1d53d82535eefa69eacbb1,78,16384,0.02666666666666667,0.05194805194805195,0.05263157894736842,0.05128205128205128,0.5088766788766789,0.9910888671875,16234,72,74,4,0.02666666666666667
image_527.h5,1aceb47d3f2ade98d819bb878b1f1b6dd90000d648a77b411395baed360751cf,499b7444f79f49d1e9a1592844a259e48ec0afa37468a7e0becc4098b1fff726,217,16384,0.5658263305322129,0.7227191413237924,0.5906432748538012,0.9308755760368663,0.778123893235455,0.99053955078125,16027,140,15,202,0.5658263305322129
image_528.h5,9a53f8058e8b765aac9aaf2ebe41bf1b7c206fd15ce6411a4145e2bcee499391,77398abbd495288c2ffc6632a2e84c402aaca64766d9f972da79f2e077bb27fc,663,16384,0.5533553355335533,0.7124645892351275,0.671562082777036,0.7586726998491704,0.7638950973996713,0.9752197265625,15475,246,160,503,0.5533553355335533
image_529.h5,c7940bec87a49364c9593c9427b2df3d7ff0d06faa04296e6d8315f0155fd474,b18f9b09dca1731c2ea23516f99221420588d33388c2755af361b591bfdaa4ea,0,16384,0.0,0.0,0.0,0.0,0.494110107421875,0.98822021484375,16191,193,0,0,
image_530.h5,2405ec76f1c63fc93d3ebea086f279c152d4518eb5460b22fcd103e039f5cd9f,7876a4f8672eecc2c8bed4bfdf0402221c9bf734431ee1b85817b6d37bbe060a,963,16384,0.6449704142011834,0.7841726618705036,0.6915146708961142,0.9055036344755971,0.8070133143723812,0.970703125,15032,389,91,872,0.6449704142011834
image_531.h5,fa6b809904ee51cd78224ed5d054f4f09446c473ce42ff8ac77192a04c7fe8b0,0b95f62fad8cb9e471180aefef46fe54a023fa70b7f6153d8ef9fa6bcf4fae03,63,16384,0.07044025157232704,0.13160987074030553,0.07106598984771574,0.8888888888888888,0.5125902874716118,0.95489501953125,15589,732,7,56,0.07044025157232704
image_532.h5,ab98018f5ded65104d195abb1b1c28b502543bcebea357239f47de72d4c29eb8,f2506efd64e216d86c53624e46aad3905663d38eae638e1da9864109b76779a9,68,16384,0.0,0.0,0.0,0.0,0.4979248046875,0.995849609375,16316,0,68,0,0.0
image_533.h5,e15b9d394fa91e50eac225e9847578403a4f45a804b99d5fa5c65a55bb8b8fef,b18f9b09dca1731c2ea23516f99221420588d33388c2755af361b591bfdaa4ea,0,16384,0.0,0.0,0.0,0.0,0.4930419921875,0.986083984375,16156,228,0,0,
image_534.h5,ba663c7f0e4ed5a0877951c308646aa152e3a02aecb4ea47d6b531ce5a59211b,b18f9b09dca1731c2ea23516f99221420588d33388c2755af361b591bfdaa4ea,0,16384,0.0,0.0,0.0,0.0,0.5,1.0,16384,0,0,0,
image_535.h5,52d5752bbdb43ca697e8d2fc958448821561364a14c4e1f95206425de4b5a259,77d9c00372f2f2fd60631fab9b994210ba42d56628234728fe812899d786b4d7,236,16384,0.6872727272727273,0.8146551724137931,0.8289473684210527,0.8008474576271186,0.8409812231609082,0.9947509765625,16109,39,47,189,0.6872727272727273
image_536.h5,fb004b28e384db8de7e4d4050dab6eb78e83263ed6921d57812d4a55cf618c10,9551f0e0333e3361058eb5ae970f6d2cf082630d4ebe4fd52b381755c3ac86cb,484,16384,0.7928994082840237,0.8844884488448845,0.9458823529411765,0.8305785123966942,0.8931647585782526,0.99359130859375,15877,23,82,402,0.7928994082840237
image_537.h5,1a19485fe44932933b396bac31316e0ce918a0d97bdfcb699565543220eddff7,2aa356c32cd30f6db46a4186da0c4c3035884a2493a4b6754416f6908c3ada59,550,16384,0.5842824601366743,0.7375988497483824,0.6099881093935791,0.9327272727272727,0.7806422697003704,0.97772216796875,15506,328,37,513,0.5842824601366743
image_538.h5,873320f2a3cc02504c6ddc8313bbcd8b48173509cea09e53cea35866a1ca252d,e8f61dfe49360858fb20ad5faf8ce0f831ff79426c8f452969f4708bd9cd7b0f,32,16384,0.0,0.0,0.0,0.0,0.4990234375,0.998046875,16352,0,32,0,0.0
image_539.h5,854c91c579e68216de8be3b33c69cf9e7696d14fb8909bb693e85aea7cb9cc69,6500ded30236bf82fc67cc1ca8089c747b280d0e62a1fa6e8759764a88a6e9a3,0,16384,0.0,0.0,0.0,0.0,0.499420166015625,0.99884033203125,16365,19,0,0,
image_540.h5,a855963358ebb38992717782cff7b88e30f2c9e17fd7e526e16d056d5b0e6b1f,4bf704b4abd41d4e51eca6a675a2c60ec109675ffe13d1420c4138ba377d38e6,0,16384,0.0,0.0,0.0,0.0,0.49969482421875,0.9993896484375,16374,10,0,0,
image_541.h5,8dac635d8c9ba8d24f4537c0c94b6cdcf734c481658dc35d2fc8f23e0ffb9ea8,b18f9b09dca1731c2ea23516f99221420588d33388c2755af361b591bfdaa4ea,0,16384,0.0,0.0,0.0,0.0,0.5,1.0,16384,0,0,0,
image_542.h5,961707240d025fd1baf3b527433ebdfb3d1ac172476913289ee636208b1a1bd6,34100b395b2c38fc223e28d697df376f4df587a5a56036854117a48be673c538,218,16384,0.6234177215189873,0.7680311890838206,0.6677966101694915,0.9036697247706422,0.8080330715459272,0.99273681640625,16068,98,21,197,0.6234177215189873
image_543.h5,9200ef797ce95d45796c55dd7ab8af857f7a3c58a40cf6307cba08c0ffa0a190,99aafe4efe6c87f76cfe09af234467c0a7ec23b16e84eb9ccc0ab8ae2ca206e9,220,16384,0.09865470852017937,0.17959183673469387,0.88,0.1,0.5431850733653335,0.98773193359375,16161,3,198,22,0.09865470852017937
image_544.h5,97e036ea3d1fc496ab86aabb055a4953a4d8c3c8207468333f1d3ab89c575877,b18f9b09dca1731c2ea23516f99221420588d33388c2755af361b591bfdaa4ea,0,16384,0.0,0.0,0.0,0.0,0.5,1.0,16384,0,0,0,
image_545.h5,b86c30a4cfdd8b19ccd1a891236c0feec56b2b98fc7527fea58c530fb6104d77,45dcbb8d1ad0a57ab673d4977dd26e307c76e7d3cbe6667d8fdd0429e2ec6c82,704,16384,0.6109756097560975,0.7585162755488266,0.8119935170178282,0.7116477272727273,0.7954456214114493,0.98052978515625,15564,116,203,501,0.6109756097560975
image_546.h5,3dc6d66dacded0a3573c3b3866b994a8e5a6da0961988e31338376a1556d039e,90ee15d1bfbe68c05d52455f58b296b00cb1eeaef505743369931606225f90e2,52,16384,0.0,0.0,0.0,0.0,0.4984130859375,0.996826171875,16332,0,52,0,0.0
image_547.h5,d7535eb331a9cb0068823dec6838278ffc4140439133758ab4a35f1ee4cb2218,86f47a54688674cfa7b31e6363416362a0e1909ddfd5719e4b21f1c12aa91ca7,273,16384,0.7432835820895523,0.8527397260273972,0.8006430868167203,0.9120879120879121,0.8689767770999357,0.9947509765625,16049,62,24,249,0.7432835820895523
image_548.h5,af572397f09a846001b3b76f0e58ffd52b7a4f5a58e9df21c36171fd43a887de,0e5b411084938f8c1c2bf99e4e72046aad8ca5b494cd0816ba5c03b30fc0366f,71,16384,0.05058365758754864,0.0962962962962963,0.06532663316582915,0.18309859154929578,0.5178396267291479,0.985107421875,16127,186,58,13,0.05058365758754864
image_549.h5,f78e61d66425a161bcdc1a611d0e8b01fb20d54a42e099fdc45eedb5a347e229,b18f9b09dca1731c2ea23516f99221420588d33388c2755af361b591bfdaa4ea,0,16384,0.0,0.0,0.0,0.0,0.5,1.0,16384,0,0,0,
image_550.h5,01f6c58f2d91cee0b8e7187d77d419ba517b9ff1e5d58e443e80d9d45bc330ea,b18f9b09dca1731c2ea23516f99221420588d33388c2755af361b591bfdaa4ea,0,16384,0.0,0.0,0.0,0.0,0.5,1.0,16384,0,0,0,
image_551.h5,487f94f6055c574a4bd3a28650a61dd87b6798e1b123f293111ee64353282b3d,1d23925bf0ef0951e0c7cd1326bb36a1a2fa1958972ef3d44341ded765db268e,1099,16384,0.6177504393673111,0.7637153720803911,0.9474393530997305,0.6396724294813467,0.7950049307990181,0.97344970703125,15246,39,396,703,0.6177504393673111
image_552.h5,fc143c2dcacf18758da92207e935c1670ecd8d5302b28e0e25e6b98dd38d5ed7,b18f9b09dca1731c2ea23516f99221420588d33388c2755af361b591bfdaa4ea,0,16384,0.0,0.0,0.0,0.0,0.5,1.0,16384,0,0,0,
image_553.h5,383134789db3059f057b9ecac4394ad7b91b570120a676e962f39019d7872537,b18f9b09dca1731c2ea23516f99221420588d33388c2755af361b591bfdaa4ea,0,16384,0.0,0.0,0.0,0.0,0.5,1.0,16384,0,0,0,
image_554.h5,06ddd8d0cec732c55b0b277ba80a0bd731c572df6f1a4974786424e781ea0b5e,9e44c6497a7a1aeb6a94198e4b3ad1767cf520d9c93292ddf6d576cf87b8db38,158,16384,0.19874804381846636,0.33159268929503916,0.20888157894736842,0.8037974683544303,0.5836269591055179,0.96875,15745,481,31,127,0.19874804381846636
image_555.h5,28a904c5c5cd5402c7076f0944984da33b496e09d6a36a961835da97050c2d82,09341f63acac28605783c492af717471efc75b38f4f46170ec71cf2513c228c7,42,16384,0.0,0.0,0.0,0.0,0.49871826171875,0.9974365234375,16342,0,42,0,0.0
image_556.h5,3a935518e35387c221b4793b0687741b7243b249ffa1aa5165c3d12d990cc2a1,64040d92e4bd112b9aac74aff15b18a87062403e8a379e69caf848da87ec334a,748,16384,0.7181705809641533,0.8359712230215828,0.9049844236760125,0.7767379679144385,0.8518714703213477,0.986083984375,15575,61,167,581,0.7181705809641533
image_557.h5,c91af9a698c5491250efe6bbb202508f7bcdb3418da6a085c9f2911820903bda,b18f9b09dca1731c2ea23516f99221420588d33388c2755af361b591bfdaa4ea,0,16384,0.0,0.0,0.0,0.0,0.5,1.0,16384,0,0,0,
image_558.h5,f94fb96b342ea950af382e24fdd206da599c7facacbc9f807b44c57e6cdb3479,b18f9b09dca1731c2ea23516f99221420588d33388c2755af361b591bfdaa4ea,0,16384,0.0,0.0,0.0,0.0,0.5,1.0,16384,0,0,0,
image_559.h5,90364f711c70d181ef31ae4cf0be9467d06e0039dfc4776390f67b9231286fdf,4d25c8a9889bf200a7808bcb3a6a2d182ed06067181b1cec0d1df6a9b7f8170b,154,16384,0.2037037037037037,0.3384615384615385,0.8048780487804879,0.21428571428571427,0.5979071389902532,0.99212646484375,16222,8,121,33,0.2037037037037037
image_560.h5,9ae644015d04a3016f58570f976ed854dede7c5b1e3a74693b8e27a6e0ee099c,b18f9b09dca1731c2ea23516f99221420588d33388c2755af361b591bfdaa4ea,0,16384,0.0,0.0,0.0,0.0,0.5,1.0,16384,0,0,0,
image_561.h5,6de5149c90d3ae0b0a1eea28ac031366bd5475025530a851d6652844a7cfaa92,0cd437a96dee8995a2094bf087b349bb6941c0025851d51867de2391d1c3ba09,26,16384,0.0,0.0,0.0,0.0,0.493927001953125,0.98785400390625,16185,173,26,0,0.0
image_562.h5,db11c96d2473f73315ab4e0158606212b47c752d6c46d905c2e3bf6367106369,84ffb941cb257aa0979908cafc5f801f4691a5b48a29c3c9d85f615f1147fbd1,487,16384,0.3946037099494098,0.56590084643289,0.40102827763496146,0.9609856262833676,0.6747459364021993,0.9561767578125,15198,699,19,468,0.3946037099494098
image_563.h5,9adae4a940aa4af74e89f3c911a845d29be0cf41849ddf5e22143cfcb4e0953b,b18f9b09dca1731c2ea23516f99221420588d33388c2755af361b591bfdaa4ea,0,16384,0.0,0.0,0.0,0.0,0.5,1.0,16384,0,0,0,
image_564.h5,6200a0138798cd5ab370ebd098a35218099b0ed3a28bd3783424d3bada4ae567,9beb5a6930d7e4fa961d285354d6f24d7e3982a530583264822c8d4a3eac0326,442,16384,0.5801011804384486,0.7342582710779082,0.694949494949495,0.7782805429864253,0.7822887448326906,0.98480224609375,15791,151,98,344,0.5801011804384486
image_565.h5,54846e0ff95060996c411209e4406fbfcc51b38f619e8f24735ccaea56f061a7,6b7bd8efed56ee3bf37f6dfce4e95f6d4078b552c367d2a4f51d0e47cdfb665d,703,16384,0.3063623789764869,0.4690312334568555,0.37352445193929174,0.6301564722617354,0.6217214316311455,0.93878173828125,14938,743,260,443,0.3063623789764869
image_566.h5,74f5026e541ddf59190e6817aa9e2721a822771616a0d6a51f73025e8a936647,6bfe7faa31574fefff4aa068b9b13e0acbd7ec42651e5f9d77d4feca48a15489,192,16384,0.08403361344537816,0.15503875968992248,0.30303030303030304,0.10416666666666667,0.5353558436329799,0.9866943359375,16146,46,172,20,0.08403361344537816
image_567.h5,7f8f9d24d25d26f7e46d9cc65c0c03add3a31d69f006074f1c82aee0a0cb73ed,b18f9b09dca1731c2ea23516f99221420588d33388c2755af361b591bfdaa4ea,0,16384,0.0,0.0,0.0,0.0,0.5,1.0,16384,0,0,0,
image_568.h5,5f273f5d87f5a6648512cd79164ae94cd4d686a047921079d2627f38a90dc3a2,d8f4c3a86bcc2a386fb1cee375688a705fdbf8cde13fc5a0693e4bc0a16f3293,108,16384,0.5405405405405406,0.7017543859649122,0.9523809523809523,0.5555555555555556,0.7687081531421154,0.99688720703125,16273,3,48,60,0.5405405405405406
image_569.h5,32ad492d9d97e97c90cd7ef70b1586e9dd1febad0ec224a45730ca9ec93085f4,b18f9b09dca1731c2ea23516f99221420588d33388c2755af361b591bfdaa4ea,0,16384,0.0,0.0,0.0,0.0,0.497222900390625,0.99444580078125,16293,91,0,0,
image_570.h5,ad8ede03233467fb8a49edca137e21f34780387c0aa66b65578f8f37fd1e4bf8,341b9d412c9395cd80e5cdad4ef13a048b9151273c5da5c84503449cc89fb396,85,16384,0.0,0.0,0.0,0.0,0.496612548828125,0.99322509765625,16273,26,85,0,0.0
image_571.h5,384fa9d651fdf01ac4cf3b6bee71f2ab2fb3b4caeb0b6feb7ab4d706a816d798,f248763786ea3225a6f52e199a09fceb18e3cca859c22c5db853953a2b4d4fbd,22,16384,0.06504065040650407,0.12213740458015267,0.06666666666666667,0.7272727272727273,0.5254944209999285,0.9859619140625,16138,224,6,16,0.06504065040650407
image_572.h5,ae11aece2f384cfca9007ea6f4cb0b1979a4ed748512f60f51478830ecc84f35,dff190735738bfce2e34141ff9a42eac0db684da37c8e725f4b60fbed1869bd8,170,16384,0.0935672514619883,0.1711229946524064,0.9411764705882353,0.09411764705882353,0.5420487772461456,0.99053955078125,16213,1,154,16,0.0935672514619883
image_573.h5,7cf37ce4e5cf4e54cfc3461d0c18755af22da867a755e9fa3c62869679483789,8edd005fa5d4758b58a43ade31e85a061046411ab30693bb6c80c9bd209d3cbd,634,16384,0.7729138166894665,0.8719135802469136,0.8534743202416919,0.8911671924290221,0.8812100532970057,0.9898681640625,15653,97,69,565,0.7729138166894665
image_574.h5,e9aa21c884dc75db26c705ecf8c8c8170477c1238041be996753262b53ea8622,b18f9b09dca1731c2ea23516f99221420588d33388c2755af361b591bfdaa4ea,0,16384,0.0,0.0,0.0,0.0,0.5,1.0,16384,0,0,0,
image_575.h5,946856df873a4e93a1bc8aa3747fb3ff90793d435f72e458c816ebc614a8562d,1b24cacb742ff3e8833ffd22cc1e190f04fc09a701606688b46297403129202c,74,16384,0.22448979591836735,0.36666666666666664,0.26506024096385544,0.5945945945945946,0.607593735168486,0.99072265625,16188,122,30,44,0.22448979591836735
image_576.h5,ff47422313ba886ec798aa2560a4456c1eed6508790d50412d9b259bac7d6afa,8a4bbd92c388db9415d9c242fef7342504ce9ddabf0acd3581734c9f5306320d,161,16384,0.018633540372670808,0.036585365853658534,1.0,0.018633540372670808,0.5044941097870924,0.9903564453125,16223,0,158,3,0.018633540372670808
image_577.h5,347b238e77786282d3c22cea9653175b20d53765be3c16de7c5540d8fd20d1b5,b2d1bb7c60e4ddb9afa8a6c9880be7ae6c97bcac3effa9d3f2ee4e63380a4ed2,60,16384,0.4152542372881356,0.5868263473053892,0.45794392523364486,0.8166666666666667,0.7055150892593112,0.99578857421875,16266,58,11,49,0.4152542372881356
image_578.h5,6818465e7106f1821a82521e640599bc6d83a02f69e321f1f4a89c6ebd42c8f8,78b39d22c3a5c5c5b085f9af69ae1b24ddbb0074cd2b66ecc3c5cbff0fec1243,274,16384,0.3712660028449502,0.5414937759336099,0.3782608695652174,0.9525547445255474,0.671925874957177,0.9730224609375,15681,429,13,261,0.3712660028449502
image_579.h5,b2b98b67a3b0a219a88add304c1d893a09bff6c3193300faf7a8f8a3c32eabae,4bf704b4abd41d4e51eca6a675a2c60ec109675ffe13d1420c4138ba377d38e6,0,16384,0.0,0.0,0.0,0.0,0.5,1.0,16384,0,0,0,
image_580.h5,3b3f5a4e6676a920b7df5560af98489d06ed601a07373cce0013339dd6cf1d1a,0b366c0924f954fbfa4197de32656acd88aab4febf7f467366457b6e91c94e14,222,16384,0.2911392405063291,0.45098039215686275,0.4946236559139785,0.4144144144144144,0.6386950806018019,0.986328125,16068,94,130,92,0.2911392405063291
image_581.h5,026e2a24708eab2477af2a40ebe3d402d1f3dbc50a4b56af78036998713bcf7b,b18f9b09dca1731c2ea23516f99221420588d33388c2755af361b591bfdaa4ea,0,16384,0.0,0.0,0.0,0.0,0.5,1.0,16384,0,0,0,
image_582.h5,800037e842056cdd78497f1ac9dd118a31f1f7d86c1760016b671e3ff8748452,7ea51ce741e1e88c355645dfc150b569aa92d6f75fd35de7f14b83d334aeb1b7,4,16384,0.0,0.0,0.0,0.0,0.4998779296875,0.999755859375,16380,0,4,0,0.0
image_583.h5,97a2a5ea3726bb6d7f95241467c7e1a01a58e723e530bde9efe0d27bca4a1aaf,b18f9b09dca1731c2ea23516f99221420588d33388c2755af361b591bfdaa4ea,0,16384,0.0,0.0,0.0,0.0,0.5,1.0,16384,0,0,0,
image_584.h5,e4810e3994d5319f5a61635f377ac0fec1b738af420d3f3efe86c7df1a62bf5f,4aff0c240383152dcaf592fe70f5ec4f0c533d0277dcf3a6c54ba300c7016462,514,16384,0.4875886524822695,0.6555423122765197,0.8461538461538461,0.5350194552529183,0.7348241853261183,0.98236083984375,15820,50,239,275,0.4875886524822695
image_585.h5,0732f839ffbfc55d245b7313f6c1408717155fa1995e0953d55c8f62ebb53df9,b18f9b09dca1731c2ea23516f99221420588d33388c2755af361b591bfdaa4ea,0,16384,0.0,0.0,0.0,0.0,0.5,1.0,16384,0,0,0,
image_586.h5,95b1db579847ec16f5d545e3111a89c900a472c757a1132ecb1ee318d7b815dc,8e115dcd8afe01c7b309f3bf89d976c71e5b88c5701d7edac738d20f89f3e5a4,1032,16384,0.5813432835820895,0.7352524775837659,0.7166513339466422,0.7548449612403101,0.7726966337807917,0.96575927734375,15044,308,253,779,0.5813432835820895
image_587.h5,ebd91df2135ebf442f7c3fb2fb1935c90a195c8042ef96fbea7ff8c358172f20,b18f9b09dca1731c2ea23516f99221420588d33388c2755af361b591bfdaa4ea,0,16384,0.0,0.0,0.0,0.0,0.49859619140625,0.9971923828125,16338,46,0,0,
image_588.h5,28e2e439fdafc80bf8f8ef90fdda1f06707686abb05077781e8c2243ec8427d1,ecbf1fef5f8178ff3fc89f5225cf4c9a736199664db87777fd57b1c4f4c8307d,1100,16384,0.4346689895470383,0.6059502125075895,0.45487693710118504,0.9072727272727272,0.6751532910818514,0.9207763671875,14088,1196,102,998,0.4346689895470383
image_589.h5,acdcb43dc6adefd50a356bf5ccbe651a7d61d46ce8b190ee11eb6fe6ed1aeb5d,b18f9b09dca1731c2ea23516f99221420588d33388c2755af361b591bfdaa4ea,0,16384,0.0,0.0,0.0,0.0,0.496795654296875,0.99359130859375,16279,105,0,0,
image_590.h5,40356c96af1901a2fbc13c4a8aaae5b69fbd1b3973ba3c8ccf551390b80380c6,4bf704b4abd41d4e51eca6a675a2c60ec109675ffe13d1420c4138ba377d38e6,0,16384,0.0,0.0,0.0,0.0,0.5,1.0,16384,0,0,0,
image_591.h5,9dc14df7992269b64c4ac5a95e55298fcec69fd3e586baff213a2be1d7fea6e5,a3e1b1b73779d23a6164eb91996b8b381488d5410e9737179c1e6e6d7d4ad82f,45,16384,0.26,0.4126984126984127,0.7222222222222222,0.28888888888888886,0.6288699529656099,0.99774169921875,16334,5,32,13,0.26
image_592.h5,08708c1503070e8b5e5279ffa9fee4f2f824130f49da8de51862eb53e797a254,9816e7a55821db90dce4a0b01bcffa17471c6c5cafc517d4e66147dc21654be4,332,16384,0.5873015873015873,0.74,0.6324786324786325,0.891566265060241,0.7871863481013157,0.9873046875,15880,172,36,296,0.5873015873015873
image_593.h5,4dfd41775b26159b4a7efb7d93f15bfe633ed40fd4231a86e72f5c2e8a826abe,2ac6bc6558705a08b399c25a8bd469cff3937127e4bc482c2b9e82e7600fab22,23,16384,0.0,0.0,0.0,0.0,0.499298095703125,0.99859619140625,16361,0,23,0,0.0
image_594.h5,ea51d09e7f637ba4d60ecdeaffba7ad16cef240fd5e8f565f2590821665469b9,8628bc72158f6216d63766e38bf1033e56fd2a8ec3e49b863ae4c2df087608a2,410,16384,0.28760330578512394,0.4467265725288832,0.30313588850174217,0.848780487804878,0.6169246262026143,0.9473876953125,15174,800,62,348,0.28760330578512394
image_595.h5,cd0356ef9ed48591caf83244d959885320c3f4e03f4e797aed5d7a1504a8adc8,b18f9b09dca1731c2ea23516f99221420588d33388c2755af361b591bfdaa4ea,0,16384,0.0,0.0,0.0,0.0,0.5,1.0,16384,0,0,0,
image_596.h5,62fdcf5ba922061261f0a140ae4540c62c721efe60a9272eca9f46dfe59e8434,441a4397370d7e25db8a8a7743412a7dce914964f3f14e15290297789778e1f3,331,16384,0.5653846153846154,0.7223587223587223,0.6086956521739131,0.8882175226586103,0.775669312042836,0.9862060546875,15864,189,37,294,0.5653846153846154
image_597.h5,e2e25de6c4cf976e5f3d48c28a45675f108f02546fc265d2b20247d0f8d53446,162ecb6d1e459468eb86f1269021813a9d7a78fae1bb8b05d7d93c0efd2c18ad,139,16384,0.13380281690140844,0.2360248447204969,0.8636363636363636,0.1366906474820144,0.563143388285718,0.99249267578125,16242,3,120,19,0.13380281690140844
image_598.h5,333ec27276bff3f80c4807d900700816347b528a6058a207456a0d3fb24fce15,a5e5349164036bf2acc8c75c68b2e2f7547b7095e12ba7d495631ca83117a6aa,1110,16384,0.5106035889070146,0.6760259179265659,0.8436657681940701,0.563963963963964,0.7362638454752106,0.96337890625,15158,116,484,626,0.5106035889070146
image_599.h5,66ba5555cb75c191b5a648a16599d7682c2a09d7787145b665c0f95769b9cffd,687f54378fbd7feec8c2b7fbc3f077024cb4d615305db87dc1486664f0cedb3a,190,16384,0.20642201834862386,0.34220532319391633,0.2088167053364269,0.9473684210526315,0.5818582567674988,0.957763671875,15512,682,10,180,0.20642201834862386
image_600.h5,743d09460bfd0af7f92caad15590d792060a9fa0106c278efe31b10167c3a93d,f5c065858f9050898f4cc2600527dae82020a73e5638f1bec6192248965a0f13,622,16384,0.7583081570996979,0.8625429553264605,0.9261992619926199,0.8070739549839229,0.874116929576168,0.990234375,15722,40,120,502,0.7583081570996979
image_601.h5,05520d988056b8f3905d8778e6576cb826d4837cffb27e60a244bdb6c75a1254,e48ee65f9a99fd3bb9aa699a442bf96ca86c902d8edb385ed61683b9f05b25ad,91,16384,0.5538461538461539,0.7128712871287128,0.6486486486486487,0.7912087912087912,0.775145244652356,0.9964599609375,16254,39,19,72,0.5538461538461539
image_602.h5,56190b4529f7af119e518619ed3c0bea9cf57b6c3eedef10ec649605e333452b,b9c94cd9aa726679787fe8b257ea31b46f2c6799645b9a7c97b5d24f7bb5bb3b,23,16384,0.0,0.0,0.0,0.0,0.499298095703125,0.99859619140625,16361,0,23,0,0.0
image_603.h5,5afb641f4c0e34aef4f50b52a5a1a6d63c8911875e9fb5564245b021acfae8d3,38bd1f7e533f86b28b3272b3d56c207038e681da8b637a0b243cfb89883b4f67,2806,16384,0.7053094564875904,0.8271923360353721,0.8562166285278413,0.800071275837491,0.8194840655378046,0.9427490234375,13201,377,561,2245,0.7053094564875904
image_604.h5,ece921d4caec42f34a9e718f7cc3c2c913929dcc3ba2d5a30fba910e16c14958,6ac518297e468204a932da6c6890b1f0ed22b2d26fceb1d93ae3ddfdaed0d53c,494,16384,0.7477954144620811,0.8557013118062563,0.8531187122736419,0.8582995951417004,0.8694177573563538,0.99127197265625,15817,73,70,424,0.7477954144620811
image_605.h5,ee81925f98da01970acd8051504d86233b4968dff1a531c68efee3e1cf0d3e8b,e4fc1dc9b7361c3f3d0de9cff7412b424a6490fe878448b1c586db37288dae55,2444,16384,0.7531929582326544,0.8592242567434535,0.8280834914611006,0.8927986906710311,0.8514239682023714,0.95635986328125,13487,453,262,2182,0.7531929582326544
image_606.h5,d90e9dfd6a9e92da2501d526b644f1ddd35b160e832d8ff37b833feddf74bdc4,b18f9b09dca1731c2ea23516f99221420588d33388c2755af361b591bfdaa4ea,0,16384,0.0,0.0,0.0,0.0,0.4652099609375,0.930419921875,15244,1140,0,0,
image_607.h5,abf7f566d220e655bb2af8bfb6535e66aeabd5d8f34770243e344fe52702a3ca,d450eeaf759bb3e9df515061b7897f9b41294b12e799bd8da695094b751bb560,21,16384,0.0,0.0,0.0,0.0,0.4947509765625,0.989501953125,16212,151,21,0,0.0
image_608.h5,8705584772b64e294c03610720530e11b6009f66641a4196ceca461d4b962a7d,4a34e0a5fed1f548578ef50365e348a8cf7337775c064dd79613196331fc41d9,197,16384,0.2776349614395887,0.4346076458752515,0.36,0.5482233502538071,0.6301851386209986,0.98284912109375,15995,192,89,108,0.2776349614395887
image_609.h5,60a11b1d22c1e8af2723f180096cfe92b0909c3da425ec8a00bc390f7a70b4e9,846ada326889a68f94e62b10a70de698b81aba8fb5124262fa6773004a461c08,336,16384,0.31596091205211724,0.4801980198019802,0.3321917808219178,0.8660714285714286,0.6384067283183597,0.9615478515625,15463,585,45,291,0.31596091205211724
image_610.h5,362f11e43f6f54f105ce0d9e8aec0f3015f0556e94fc78ae1fdaf67086a6a74f,b18f9b09dca1731c2ea23516f99221420588d33388c2755af361b591bfdaa4ea,0,16384,0.0,0.0,0.0,0.0,0.49810791015625,0.9962158203125,16322,62,0,0,
image_611.h5,cc6d64346754fa8f594e2596807b8c0148fd3501248cc583369b37a0cd1ef467,b4b503bc98bfd73e9b65b48bcbba3479727fd7528e476af9e5948b92d0e44d0d,138,16384,0.0,0.0,0.0,0.0,0.49578857421875,0.9915771484375,16246,0,138,0,0.0
image_612.h5,94cc3151455ef1e3a92dfce17892d7942f274feea8286beb67bce8efa6f551e8,b18f9b09dca1731c2ea23516f99221420588d33388c2755af361b591bfdaa4ea,0,16384,0.0,0.0,0.0,0.0,0.5,1.0,16384,0,0,0,
image_613.h5,426e661ef8bc117ae6cf04838a244734963c322c4bc9ca57f4837093728dba3a,181d7e2ca75c35bc986798c79fe3e4992f01e72898a73624d429acd79b1b8a84,1332,16384,0.6039741219963032,0.7530970901757419,0.6110331930808789,0.9812312312312312,0.7735662876347504,0.94769287109375,14220,832,25,1307,0.6039741219963032
image_614.h5,3cd1146e46a2f70008b53ae0a491adc89a85a833268bac826ee46076b9183f1d,7ecfb6082d4054b75e3054b63c615416d77a993d6c09b11c7feb7dbc8fef4d5a,1461,16384,0.8300536672629696,0.9071358748778103,0.8656716417910447,0.9527720739219713,0.9055217642611539,0.98260498046875,14707,216,69,1392,0.8300536672629696
image_615.h5,eceecd32d87179aeb4078be9f3c575fd8d4aa524537fbce2f2a5c1a99fae8ab8,c0d46cc92a117b26dc5a242ce65043cc99fdacc400ba032fb66eb1831367d9e0,753,16384,0.5824977210574294,0.7361751152073732,0.6500508646998983,0.848605577689243,0.7767045607510075,0.9720458984375,15287,344,114,639,0.5824977210574294
image_616.h5,39572a470f89eda5cbc42d83d8d86336cf5d19e8f055fd835e70751e7df6081b,6500ded30236bf82fc67cc1ca8089c747b280d0e62a1fa6e8759764a88a6e9a3,0,16384,0.0,0.0,0.0,0.0,0.493133544921875,0.98626708984375,16159,225,0,0,
image_617.h5,49882c47ffc99bca728481a4158e3fa5a11ccdaf407b210ed071f4cc1ef80d1a,add26f5b0dfb7641af6f01070dab1041abd7f76416c1aaaff4e4e6f13b6003da,251,16384,0.5103244837758112,0.67578125,0.6628352490421456,0.6892430278884463,0.7500422616275886,0.9898681640625,16045,88,78,173,0.5103244837758112
image_618.h5,33957ab45a851183f8ef2505c1535568dfb5a26ed501b7f8e3484a9a26edb503,5da287758aed77b0358cf13b2787ca61eacc5b68147feb732285f70a034e6012,89,16384,0.15081967213114755,0.2621082621082621,0.17557251908396945,0.5168539325842697,0.5674835292960794,0.98419189453125,16079,216,43,46,0.15081967213114755
image_619.h5,c8c5125457cdab64e1e721e0ea1a994879f20a51a0925cf31e817820a5404559,291be92073fd705cef0eae2b60a674195d660fe11a94478ec515854e132880d3,2978,16384,0.6274325172630257,0.7710703953712632,0.9057544177616674,0.6712558764271324,0.7724580035046447,0.92755126953125,13198,208,979,1999,0.6274325172630257
image_620.h5,5da114c97b1ae629ad6fb00faa93de7a1634f5eedd02746576e50db15ff382d4,54b3c3c9926ec90e32db13f0a11168b1e4495f9bae2e36958bc78410eb02375e,57,16384,0.0,0.0,0.0,0.0,0.498260498046875,0.99652099609375,16327,0,57,0,0.0
image_621.h5,0bb999d1b3cef9319fad5c8eb9793a8919670d92562119d91ca07cd89b149ce0,683b0c7dfffbcc445f948a0e8ce11f4ae400ebff4ce9965db8fd613d9ddad4d4,18,16384,0.0,0.0,0.0,0.0,0.49945068359375,0.9989013671875,16366,0,18,0,0.0
image_622.h5,943c378e4dcf0d3bbce49e9ce50d9f01ce261331e325db88ff4115a2349f5f47,b18f9b09dca1731c2ea23516f99221420588d33388c2755af361b591bfdaa4ea,0,16384,0.0,0.0,0.0,0.0,0.5,1.0,16384,0,0,0,
image_623.h5,cff0eb52c0924143d9e8ed36e6f51a4debef7d26d4a060bcc31281a19bc5097a,b8d513e5d453619fdff48aa1c94d4fff33029b15e788b580610e791e8e4db3f9,369,16384,0.46026986506746626,0.6303901437371663,0.5074380165289256,0.8319783197831978,0.7189388138548751,0.97802734375,15717,298,62,307,0.46026986506746626
image_624.h5,628785e9c014a7a87d1d9a477d167ccc968c23fc247b5004ab99897330b05051,c45546ec2eef3532d5247120ab0940592b5c7613af6fbb06b82d31523c6ec1e4,94,16384,0.0,0.0,0.0,0.0,0.492034912109375,0.98406982421875,16123,167,94,0,0.0
image_625.h5,e51543742184be60c7a350e47da14b2f87f2c917d72444757e1d4f732010fc91,b18f9b09dca1731c2ea23516f99221420588d33388c2755af361b591bfdaa4ea,0,16384,0.0,0.0,0.0,0.0,0.5,1.0,16384,0,0,0,
image_626.h5,b3b99b864a5e23920688f80d9e929dc170150b8d30399b1f6b4082ff6b72518a,8240a560acbb8b595091226cfd65fa793e5d43937616bbf6dbdba92d4b081f8d,931,16384,0.5687022900763359,0.7250608272506083,0.5824104234527687,0.9602577873254565,0.7624660578851661,0.9586181640625,14812,641,37,894,0.5687022900763359
image_627.h5,73cf86c22eae0f3351b99079cdb2ede7b53a7657af67398a87c8353c69a19ef1,b18f9b09dca1731c2ea23516f99221420588d33388c2755af361b591bfdaa4ea,0,16384,0.0,0.0,0.0,0.0,0.49932861328125,0.9986572265625,16362,22,0,0,
image_628.h5,535d8f362d60b96f027bdc3945e41aa1e12205d9726319e63846b0ffc8cb56fc,7f4c2682888e1468f920c0b3e5edeca65bcb0ba19554390daa0543de78123594,176,16384,0.3220338983050847,0.48717948717948717,0.3904109589041096,0.6477272727272727,0.6536414113529111,0.9853515625,16030,178,62,114,0.3220338983050847
image_629.h5,f4297ea9520ff8f469161500c5d407314bb253351ab9fb9d4b4c14974b6fe9c8,c63045c79a2910a7eca73b1fbe2a28ead0960a8170d7a624bef81987667ed378,617,16384,0.44036697247706424,0.6114649681528662,0.4546172059984215,0.93354943273906,0.697030652230435,0.955322265625,15076,691,41,576,0.44036697247706424
image_630.h5,53c932cd37080dc94f72edf54099669706e59bf3ae7ed8f18eced44486aea4f7,b18f9b09dca1731c2ea23516f99221420588d33388c2755af361b591bfdaa4ea,0,16384,0.0,0.0,0.0,0.0,0.5,1.0,16384,0,0,0,
image_631.h5,68bd04bc915648bba95aed25bde7fccea3a70e657dae73fdeffaf4ef7eb8b310,50a35738418560a973c60d10fcf59455a280c20eb5c73d36371e7f8bc5566afa,23,16384,0.16923076923076924,0.2894736842105263,0.20754716981132076,0.4782608695652174,0.5829663282420872,0.9967041015625,16319,42,12,11,0.16923076923076924
image_632.h5,1be3dc5d6e82915cb933df69a8bfe4ef3b6f248c8382d86e63c4b4ad72c16bdc,9452dd6cac56967b0742a34e594a1a3439e5a06d9d7ed7513476ec5c975e01b5,62,16384,0.625,0.7692307692307693,0.7352941176470589,0.8064516129032258,0.8115816701359129,0.9981689453125,16304,18,12,50,0.625
image_633.h5,1f7d4afd96073f71911e79399bc177d5471dfa9679e3fa2b7c72e5a5f6d1e363,fcc09ed4e3b5727bcdde3b672b5740d65f782065c98777f7fe247a77634c8e5a,73,16384,0.6296296296296297,0.7727272727272727,0.864406779661017,0.6986301369863014,0.8138964287253028,0.9981689453125,16303,8,22,51,0.6296296296296297
image_634.h5,ae8f576aff8eb4c727ce3275f3ae1b118c96c6f66e29b12a345d039828309e04,b18f9b09dca1731c2ea23516f99221420588d33388c2755af361b591bfdaa4ea,0,16384,0.0,0.0,0.0,0.0,0.5,1.0,16384,0,0,0,
image_635.h5,7ac7e7c67ba52881a9013c0ad2d783772e4a9a710153d12e74861a66b3d689da,b18f9b09dca1731c2ea23516f99221420588d33388c2755af361b591bfdaa4ea,0,16384,0.0,0.0,0.0,0.0,0.5,1.0,16384,0,0,0,
image_636.h5,5ea22a25287473a4a4880a4b14060bd5da80da4ed9b540b9c0ce147d153ed4b6,84779f65f92ff0c5d97e424de26dbf493f4536b667a767a18bcb982afaa0dd65,614,16384,0.8650674662668666,0.927652733118971,0.9158730158730158,0.9397394136807817,0.9296868931258417,0.9945068359375,15717,53,37,577,0.8650674662668666
image_637.h5,5e041c75f292ac2c371634106f54ffd3ff0b960ba4be3c54f75042e9fbd6607f,0e9bc466684b32b30e4626e01fd03d4edde3507fb7876dc4809b7159e483ede9,115,16384,0.627906976744186,0.7714285714285715,0.8526315789473684,0.7043478260869566,0.8124813666766995,0.9970703125,16255,14,34,81,0.627906976744186
image_638.h5,91f5d2920d351f55c2fd9ed994fe5d98bc5c139e43fe81f75ffe2f8eb2903a54,6ff6589d68a56bff932da4a90f01b5243fb7b7f9e2ca8575a8c3b91daba0637e,62,16384,0.36363636363636365,0.5333333333333333,0.6511627906976745,0.45161290322580644,0.6803202605660419,0.99700927734375,16307,15,34,28,0.36363636363636365
image_639.h5,e98f7a0b862ca46f4fa596b9bb9c37d4df60ed8f5f1139fbd5687bc4a950a632,85185da14618a43ddbd8a5e9e05a14d01502966a0c565629bb1fce94a80a2488,1102,16384,0.6807453416149069,0.8100517368810052,0.683291770573566,0.9945553539019963,0.8235621004254545,0.9686279296875,14774,508,6,1096,0.6807453416149069
image_640.h5,0cdaa771fa2ef1ba7570fbf66931e3e8b411a81f9d5b4105d6178ea850f4cb2d,8fe1dfae9a51e5ba205d3e7e2fe76ef5e20356d71819c3188043faf70b6d2934,68,16384,0.17142857142857143,0.2926829268292683,0.8571428571428571,0.17647058823529413,0.5839429688318034,0.9964599609375,16314,2,56,12,0.17142857142857143
image_641.h5,45d2c47e03056e22fd35da65d5771d48a47c9017647407c0acbcbafc5fc389d1,b8c4572c7c514aa923b5f981d2b32e71a1ad34fb71ef2eb849bde0e71169244c,294,16384,0.6126373626373627,0.7597955706984668,0.7610921501706485,0.7585034013605442,0.8019563275039421,0.99139404296875,16020,70,71,223,0.6126373626373627
image_642.h5,119bc42a56277ff4939ef1962bc51df6a7a993a44dbb3216d6d7322fd4fa1195,d9d557f7a6ed3e5b61d149d8b53814db7463650b4198dceccb8bcb815f253731,14475,16384,0.0,0.0,0.0,0.0,0.058258056640625,0.11651611328125,1909,0,14475,0,0.0
image_643.h5,dbdffe9581293399c2914aa50b94a5e64c36fbbba5f1de7b92ba3e84f92bd81d,6500ded30236bf82fc67cc1ca8089c747b280d0e62a1fa6e8759764a88a6e9a3,0,16384,0.0,0.0,0.0,0.0,0.5,1.0,16384,0,0,0,
image_644.h5,4dfdefde56b3e7c38796352cb71cef2ba28515905d6300b096863f4baa80d540,6500ded30236bf82fc67cc1ca8089c747b280d0e62a1fa6e8759764a88a6e9a3,0,16384,0.0,0.0,0.0,0.0,0.49957275390625,0.9991455078125,16370,14,0,0,
image_645.h5,2c4dceb1fdf974239e9a23c561104308c1c9b760d29317614540a2f0e95122a9,cb20180d0512a2cbbb4d4f1eb1c5e181d35f7167b3bca0963a8aa7afd0bd068a,525,16384,0.3682664054848188,0.5382963493199714,0.43119266055045874,0.7161904761904762,0.6639870258308651,0.96063232421875,15363,496,149,376,0.3682664054848188
image_646.h5,f4c79bd46d7938fff0846de75280655b3f859369f7f211087e1732829e55f7ae,b202c16074d3c096f94d30ac8027531b71c0c2d37f730cc6844c6a93ab323a96,1409,16384,0.6456059735784032,0.7846422338568936,0.771978021978022,0.7977288857345636,0.8025867351509316,0.96234130859375,14643,332,285,1124,0.6456059735784032
image_647.h5,5fa043f6d80df647be0079cbb71dfc67030550b2b4324a28329145bb757c71e3,e31b2edcd66aebf539170c39de4064e54e429b4e948f1ca28827def75264de22,15,16384,0.0,0.0,0.0,0.0,0.499542236328125,0.99908447265625,16369,0,15,0,0.0
image_648.h5,98e1707429fb38c33202525b0aa0ea2288440e04e7156436f5a39778cf510115,b18f9b09dca1731c2ea23516f99221420588d33388c2755af361b591bfdaa4ea,0,16384,0.0,0.0,0.0,0.0,0.5,1.0,16384,0,0,0,
image_649.h5,cafd7fac685d9330e64c29cb7604b7271490e5b385bf7c105c18d2cf50b743b9,c3e8603a879ee1751a68e2b23d54ed28b492001d5fa0f26b9afe07e32ea17436,21,16384,0.0,0.0,0.0,0.0,0.499359130859375,0.99871826171875,16363,0,21,0,0.0
image_650.h5,5a44a1c1455d9d5999fe2ab25af1d25fe3b73706511502640fbfea17002d0a96,b18f9b09dca1731c2ea23516f99221420588d33388c2755af361b591bfdaa4ea,0,16384,0.0,0.0,0.0,0.0,0.49078369140625,0.9815673828125,16082,302,0,0,
image_651.h5,efe594b4ec105313bed77106f277219b3119c197d57694d4b7f5a18a248f2c1c,b18f9b09dca1731c2ea23516f99221420588d33388c2755af361b591bfdaa4ea,0,16384,0.0,0.0,0.0,0.0,0.5,1.0,16384,0,0,0,
image_652.h5,6a1c16509fc07c8b0bf4cf3fcc2cdda944cf856a29e40a39b09e5a4839062f14,5e83edd650314cd7a84c5df23d1b90cedb5aac9a65cbc4c9ede820ccbbc6f25e,501,16384,0.6011315417256011,0.7508833922261484,0.6735340729001584,0.8483033932135728,0.7917306308164318,0.9827880859375,15677,206,76,425,0.6011315417256011
image_653.h5,6170bee45172d385921f0f2fbfea8639ec0b7ac7b5ab2b7ea9b4b6daba414da1,b18f9b09dca1731c2ea23516f99221420588d33388c2755af361b591bfdaa4ea,0,16384,0.0,0.0,0.0,0.0,0.5,1.0,16384,0,0,0,
image_654.h5,06c8946e3b18a9b8f5742dca90703ec2c332bfad8288b00b569d94ff529caeed,9d4b03879ff953852537ca147f0e4e12b9a43a42ddea3cc54cc51b14bbc6bf01,204,16384,0.4697674418604651,0.6392405063291139,0.9017857142857143,0.4950980392156863,0.7313831374996608,0.9930419921875,16169,11,103,101,0.4697674418604651
image_655.h5,527eec7d6abe3514fa91adb73975ca8b976894ad6d68c56b3d7ff930e006f15d,5e2995189fb160699393795a121777d3379feb4bb06ddeb9a8db93f330a78665,160,16384,0.575,0.7301587301587301,0.7419354838709677,0.71875,0.7848876698014629,0.99481201171875,16184,40,45,115,0.575
image_656.h5,ae172983aae84fbc44a3b917fad63d0b8b9c1d71e3f34ac02bfe224cb5650816,ccb0a08fce65739c45f21a3dc400a11da718eee4f3d4a03b9dcfe6e5a4b7dff4,95,16384,0.47904191616766467,0.6477732793522267,0.5263157894736842,0.8421052631578947,0.7368529011652847,0.99468994140625,16217,72,15,80,0.47904191616766467
image_657.h5,7398f74089f24a02c89831f65dee3fed13699f8678b425bb418fe62d2953b166,4bf704b4abd41d4e51eca6a675a2c60ec109675ffe13d1420c4138ba377d38e6,0,16384,0.0,0.0,0.0,0.0,0.5,1.0,16384,0,0,0,
image_658.h5,c33844e0e5bfbb85435e06d8b7de3281640f524e74271e5964376513b63b025f,a644d45af0c3b72609e5301159314a64a9b5810a0ea78e98db8d8a3bd138594d,216,16384,0.10657476139978792,0.19262098706276953,0.10742918225547836,0.9305555555555556,0.5012265761519115,0.89715576171875,14498,1670,15,201,0.10657476139978792
image_659.h5,c6d9406f8b8cedb0c987c6eadc764f5623e1528b75306dd118add6120a115b3f,b18f9b09dca1731c2ea23516f99221420588d33388c2755af361b591bfdaa4ea,0,16384,0.0,0.0,0.0,0.0,0.5,1.0,16384,0,0,0,
image_660.h5,94534479b496e3d88774f6b9efc464c7f28a6c8ddd1bb51558f41ec508db05ae,017475be155722989decb31df57addf310c4c8654a1634fa98fc0e1a2750e89f,327,16384,0.3799126637554585,0.5506329113924051,0.5704918032786885,0.5321100917431193,0.6811963072016034,0.982666015625,15926,131,153,174,0.3799126637554585
image_661.h5,feee907e8f97582839369d34e72a255df56fbbc0a16cd916beec377b171ec040,6500ded30236bf82fc67cc1ca8089c747b280d0e62a1fa6e8759764a88a6e9a3,0,16384,0.0,0.0,0.0,0.0,0.5,1.0,16384,0,0,0,
image_662.h5,4988e512c5a568d0754cc7e9da70f455471e31ff800507d28810b4a80bfda811,25e835454accf4226997409f49608ebde4b1cb88df2ecd8a779fdadc1294f756,200,16384,0.4745222929936306,0.6436285097192225,0.5665399239543726,0.745,0.7321795326994639,0.98992919921875,16070,114,51,149,0.4745222929936306
image_663.h5,352e83d8abf636803e2254bf34773025254df90635f3c6321c68c8bc3a75ed5f,ae71ac838316cad91449c7e0e22041f2330e4066eab0643e163458e6ab9fd18e,111,16384,0.38333333333333336,0.5542168674698795,0.8363636363636363,0.4144144144144144,0.6894020075896683,0.9954833984375,16264,9,65,46,0.38333333333333336
image_664.h5,421d449f284284f5d6e0bfc7308c016cfef0c6505d108aacc8df302bc142ab7c,94df6511675ecedbc796c066a3fbfece989736593de5e0dacd7a85c50a93dc53,915,16384,0.546047860768673,0.7063789868667918,0.61873459326212,0.8229508196721311,0.7529996197196317,0.9617919921875,15005,464,162,753,0.546047860768673
image_665.h5,15650c4735483e91b11308c33f34fcdfc128573cb2b57d13a3935b0b639ac4a1,e1ea113035b28f7a339b9a08f14df03d9b63fc5ffd1915a56198da3e0bfa133a,176,16384,0.04925053533190578,0.09387755102040816,0.0732484076433121,0.13068181818181818,0.5110564149063416,0.972900390625,15917,291,153,23,0.04925053533190578
image_666.h5,bc3ec6fd891e9a9ef56ae147f79af6e49b737064d4f71d15dd09064dbc85b0da,61866d311c93125cb328f93c3bd1fc1fae044df569b232e4fcd4db888ea6e59e,710,16384,0.0,0.0,0.0,0.0,0.47833251953125,0.9566650390625,15674,0,710,0,0.0
image_667.h5,6300022a66762dbba27cde3644f320866a2e7a41dcbf8e5b16950844586c4586,ffdf84d3fc8f5cf47853182522a49710dbb8db194274a14e8955aff491eeaaa2,56,16384,0.0,0.0,0.0,0.0,0.498291015625,0.99658203125,16328,0,56,0,0.0
image_668.h5,594a3753001865731e1a5450dda0d9242048e993cf2c940fece0bc99e1475686,5b318f3ed6c609685665c51eceec8fc71446d9453f1aff2b598bea3a62de9219,250,16384,0.4910394265232975,0.6586538461538461,0.8253012048192772,0.548,0.7411496757162558,0.9913330078125,16105,29,113,137,0.4910394265232975
image_669.h5,2364914d79bf2d59aec4dbc27bcaa7e760617c407676d09459b184bf7ca07c88,70fb4a260a1922b5080d691a8b3b64c53bfb1448ea0b015eaa2490874d0e04c5,7,16384,0.0,0.0,0.0,0.0,0.499786376953125,0.99957275390625,16377,0,7,0,0.0
image_670.h5,67a9a16629d150f0abc0d4794641d84e0c3f6841625f76cac16cda7685ecf31e,248cac0e5db174c078f3f3f0cc5076d7e3c3c4fb53b5610ca35d28b55f09107a,86,16384,0.5233644859813084,0.6871165644171779,0.7272727272727273,0.6511627906976745,0.7601205085467542,0.99688720703125,16277,21,30,56,0.5233644859813084
image_671.h5,38de2363cb5363682d51c84c1f6f68da85c9fc0e67a05422d3e66201471486ba,6345b78c420cf6d49cc8fdf2ee76d38c35ab339d9a5651e62f0bc45e446e8ff3,40,16384,0.0,0.0,0.0,0.0,0.498779296875,0.99755859375,16344,0,40,0,0.0
image_672.h5,c0520146482a4e362e5435f88f575a08c6a5afbf8ef43708de2d2b41d22613e4,ac65c4755918ea11e13df16f5e0f4b2109e6f1829bfc9b74565d26a5c7d8525a,488,16384,0.5958254269449715,0.746730083234245,0.8895184135977338,0.6434426229508197,0.7912854577164186,0.98699951171875,15857,39,174,314,0.5958254269449715
image_673.h5,645bf1bbd1e8f33a88f7a903b8b764bf18f2a99d07083876b02a5d9941a5bc52,4945231910f57cd7e0412939a6955e3d9d4248aa595d4bafddcb13c69abcfb77,166,16384,0.4166666666666667,0.5882352941176471,0.5288461538461539,0.6626506024096386,0.7036018598172955,0.9906005859375,16120,98,56,110,0.4166666666666667
image_674.h5,2662dd77617be3434348a6ae0beb6048b2aaff10548f11e3a41328ebe69d6a8c,c4d6f548f0a43e82b0c35175e855a18fe2b1b2b5bd57d96deb68ccce9a72753e,30,16384,0.18120805369127516,0.3068181818181818,0.18493150684931506,0.9,0.586874736633496,0.9925537109375,16235,119,3,27,0.18120805369127516
image_675.h5,c74699d868d6f900f734aed9219ca8b23a02ac2db6fed9faf21c1ef6ac0f8591,b18f9b09dca1731c2ea23516f99221420588d33388c2755af361b591bfdaa4ea,0,16384,0.0,0.0,0.0,0.0,0.5,1.0,16384,0,0,0,
image_676.h5,e088acbb14b28efd4e65e63c03b39c3d2c7a183ca2923da43feccb971b7b82f1,3bb9b869363a6e665c5d514c23d6bbd33fe50ff56dee5322a71e02cf80d994b0,197,16384,0.41232227488151657,0.5838926174496645,0.8613861386138614,0.4416243654822335,0.702356756266309,0.992431640625,16173,14,110,87,0.41232227488151657
image_677.h5,c3538303416f6fe2e21111550eb53f97d749b17397a351f270943d2e52a8b797,026c671edc8ca7f6d324051fbba92c10ae10924657a0c2ee5947d12ca2019dfe,1063,16384,0.6830092983939138,0.8116524359618282,0.8706896551724138,0.7601128880526811,0.8294668988117488,0.97711181640625,15201,120,255,808,0.6830092983939138
image_678.h5,ad1f5fc34362c284efbf663414b8300b003c5b95ae7d5c831b2cb742cb5a74e8,a6d79658ddc01fadd133653f440cbffdc5adce5d534ac554d8efe61978f42df3,565,16384,0.3968012185833968,0.5681570338058888,0.4105594956658786,0.9221238938053097,0.6734368571641058,0.95166015625,15071,748,44,521,0.3968012185833968
image_679.h5,651bcc6dd0aca8684a375c393ada8aa65084dfe24d45cce35b78d64b39c2523c,be376e03a062797151c6e646ee68b80c172ff2dff43b404a7d34603458da2e60,45,16384,0.0,0.0,0.0,0.0,0.498626708984375,0.99725341796875,16339,0,45,0,0.0
image_680.h5,06fd6173ef430910db40a4500d2fb761458bb6a3373dac103a9a52385a17a0c2,812bb5efc577a81f5b9dc58a1721ad8d13c622c242823728dfa170fe8337d7af,413,16384,0.43674176776429807,0.6079613992762364,0.6057692307692307,0.6101694915254238,0.7082977373411126,0.98016357421875,15807,164,161,252,0.43674176776429807
image_681.h5,b44a2fee581472fe6d3c6632f97016e6f8258a7860e4eb5d38587ab861ee82af,b18f9b09dca1731c2ea23516f99221420588d33388c2755af361b591bfdaa4ea,0,16384,0.0,0.0,0.0,0.0,0.5,1.0,16384,0,0,0,
image_682.h5,66ead4baff8be8318e668c9ae8daba8a8b718505d5f065a824454f51ca9a6f14,b18f9b09dca1731c2ea23516f99221420588d33388c2755af361b591bfdaa4ea,0,16384,0.0,0.0,0.0,0.0,0.5,1.0,16384,0,0,0,
image_683.h5,57e696e27d8280fb189c5c1b41d76c0b2f254b068e7efc86bad75bd753baeac9,aec8c00164df8fef67b84b292c09921a05327ae6cc6f5601cefd491c99baba97,80,16384,0.43137254901960786,0.6027397260273972,0.6666666666666666,0.55,0.7139114887080904,0.9964599609375,16282,22,36,44,0.43137254901960786
image_684.h5,b28b3d0c3ee8480f7bc1a35922d3db504b54324d6f25137ae59327e0173c2d16,b18f9b09dca1731c2ea23516f99221420588d33388c2755af361b591bfdaa4ea,0,16384,0.0,0.0,0.0,0.0,0.5,1.0,16384,0,0,0,
image_685.h5,826cba6de0db20def5469f479a501529b32997e0477f43702391894fc083597c,4bf704b4abd41d4e51eca6a675a2c60ec109675ffe13d1420c4138ba377d38e6,0,16384,0.0,0.0,0.0,0.0,0.5,1.0,16384,0,0,0,
image_686.h5,404d891e13f7ad731bd6278cbfa0a0d8b706b588593fe3321a543e2c7a4e66ad,2a3602dc0025dffbdf4ca510809c3cc7f923d02f644f2a3968c2be0c035bf734,210,16384,0.004761904761904762,0.009478672985781991,1.0,0.004761904761904762,0.4960023892362292,0.98724365234375,16174,0,209,1,0.004761904761904762
image_687.h5,8761528b75825c64861e3f7dd8f44efaf5f48fdc643340cdcdad4f3016fcfe80,13d4d118071331468ecdd368db651876c609d79ab7d5486e872c166a4fea9f0c,79,16384,0.1625,0.27956989247311825,0.9285714285714286,0.16455696202531644,0.5792036986134018,0.99591064453125,16304,1,66,13,0.1625
image_688.h5,9e47152b8f24d247fe026efc47367b5bd1500fb6b6a129347cb1d08dca7f62bf,b18f9b09dca1731c2ea23516f99221420588d33388c2755af361b591bfdaa4ea,0,16384,0.0,0.0,0.0,0.0,0.5,1.0,16384,0,0,0,
image_689.h5,1622b03a984d42cb15070d5a660ea4e8bb347512042b0925e5c5e85892e75df9,aeb61a8229919d30ef081515f7c59f9fe868ed6cf6fd12684704f2ec441f54b4,757,16384,0.707177033492823,0.82847533632287,0.7195715676728335,0.9762219286657859,0.8438090344837077,0.9813232421875,15339,288,18,739,0.707177033492823
image_690.h5,9cc66de53a126ccc8334365abf47feea40ce827b10a39c152b99d2f2eb58ecbf,1ff9be553942d151a318334a40f5c9d73e175985c7de93332f1da3e5b7cab8b9,86,16384,0.4387755102040816,0.6099290780141844,0.7818181818181819,0.5,0.7177048715575821,0.99664306640625,16286,12,43,43,0.4387755102040816
image_691.h5,6fa9426f38dc7c781a055ae411b3172801bb9ce124814a9dde097fdf5c1f38f3,71a3e2d7ec87b931308a4fd11c52504e356ff21b5f2ae997c3b63076adba6eab,17,16384,0.0,0.0,0.0,0.0,0.499481201171875,0.99896240234375,16367,0,17,0,0.0
image_692.h5,528f762f448b48733a32301b103dbbd22ccafbee06d8a4b1182ecf703feb4aaf,1771a3a4474b3531144bcd1fa36f8778e032563cb432b9e6b7db57d6f0c0308f,170,16384,0.5523465703971119,0.7116279069767442,0.5884615384615385,0.9,0.7723534342959621,0.992431640625,16107,107,17,153,0.5523465703971119
image_693.h5,6afeff0a461b0b73342d91bff2fc882168d3a02caf5d039e4ecb111f266054c7,b18f9b09dca1731c2ea23516f99221420588d33388c2755af361b591bfdaa4ea,0,16384,0.0,0.0,0.0,0.0,0.5,1.0,16384,0,0,0,
image_694.h5,7d2c32ec8a673c3303fd8c9c671fe721d661ab8f718462636fe9a26d96e9e8de,98936303c1a0e6e1bc6731a836834e2a326418a4ffde5185020b23f6fc07e033,169,16384,0.10650887573964497,0.1925133689839572,1.0,0.10650887573964497,0.5486412153352997,0.99078369140625,16215,0,151,18,0.10650887573964497
image_695.h5,ecd8b042a8ad457cc9c422beeb89b46e7f94543ca563f8a228b2c9a9b300f943,5a544432a5b85e4e004920470401d9a2efa4df7eff882338bd5d229f52e7e24a,392,16384,0.4612676056338028,0.6313253012048192,0.5981735159817352,0.6683673469387755,0.7211436651168642,0.9813232421875,15816,176,130,262,0.4612676056338028
image_696.h5,9692c094367e1f3ce35a7c8d6d1feb51010a4b7ea69dd0724a036f303845a8d1,070266643fd420026e47ca48eee989f9cc1bc71f93ee5b87c07726d5d0d508dc,85,16384,0.8571428571428571,0.9230769230769231,0.9285714285714286,0.9176470588235294,0.9281728022988909,0.99920654296875,16293,6,7,78,0.8571428571428571
image_697.h5,e201a75aa0d87fd6b7bdf352ec21245398d629421c39e9a87deb1afc975d37dc,92269d6960c656592a48dd0a66e1e68ed4e8480c4a3f047da9ebc6b91c1325a0,335,16384,0.0,0.0,0.0,0.0,0.489471435546875,0.97894287109375,16039,10,335,0,0.0
image_698.h5,73e6e0d31bebadaf91e600fb5e87ae11a215eef36f19ed8a196e9e5400af3f7b,0efc00257734d4bad7325070ee1ef437a2ff866d16cffdd1720d77d733a8fed0,210,16384,0.2122260668973472,0.35014272121788775,0.21878715814506539,0.8761904761904762,0.5850327865350934,0.95831298828125,15517,657,26,184,0.2122260668973472
image_699.h5,9ec650690b062b4bdfa6740a9754bf8c7efec3fbbf68ab56c9cd620c00d32b0e,bc8de75b1e1ee9ad913091695f18b1e4bb449d1a69cbac19dc3a01d448c7882b,719,16384,0.32309746328437916,0.4883955600403633,0.8897058823529411,0.33657858136300417,0.6458443579586312,0.96905517578125,15635,30,477,242,0.32309746328437916
image_700.h5,26c4e1cb41a9439d035cf5b0e358dda70855c0680c0cd8d46042362d2147cc8c,6500ded30236bf82fc67cc1ca8089c747b280d0e62a1fa6e8759764a88a6e9a3,0,16384,0.0,0.0,0.0,0.0,0.5,1.0,16384,0,0,0,
image_701.h5,d802ac44876a95ab070f466fa9c30f9587f5e5812c3e901c5e31974ca0530f65,637bc902ea381d05c885e07b23bfdd15d97001f2f34457ceed703cf94fb43f53,250,16384,0.2615769712140175,0.4146825396825397,0.2757255936675462,0.836,0.612550463968678,0.9639892578125,15585,549,41,209,0.2615769712140175
image_702.h5,3e647d6114a2513db8c18c43d8f539cd908676f3baa9643e85689433d8e46215,b3ac0fed714a3fdc72468019cb13a66dd9885b7571967a34be305a6c2df64833,61,16384,0.6923076923076923,0.8181818181818182,0.9183673469387755,0.7377049180327869,0.8455418135937139,0.998779296875,16319,4,16,45,0.6923076923076923
image_703.h5,b4797c20fb2465eab37fa63c7f868eaafe33d5e2d68f9713a7ac94dc69db610e,c740b9429bb47f9e4dc4253224ea8b13181825b48c6f1c30486838f2fcc0eaa4,157,16384,0.6318181818181818,0.7743732590529248,0.6881188118811881,0.8853503184713376,0.8134160161168471,0.99505615234375,16164,63,18,139,0.6318181818181818
image_704.h5,4c316b5fb43c52c010c0fdcc6ae3e8027503ea4d8931caaf510920c62197dbbb,597103f1d5afc1f5bfc45cb66740acbed99faf4c4070699724b2086e0841fa21,65,16384,0.2682926829268293,0.4230769230769231,0.3076923076923077,0.676923076923077,0.6304743708391796,0.99267578125,16220,99,21,44,0.2682926829268293
image_705.h5,9a66cf552a084323beef6156075366a26c5ebc88157fb68a1c668fc7449fffd0,061b5cc92b88f2bfeac797a7c2a0b83b49c8cbfd0a72e1629713dfc6988ed42e,105,16384,0.1523809523809524,0.2644628099173554,1.0,0.1523809523809524,0.5734717567378858,0.99456787109375,16279,0,89,16,0.1523809523809524
image_706.h5,d1fad058090bcb2490fba53d7c2c16df2b2ded715ee934f3aac92581daf34004,100540c3223254525eac25a40908befb973a41b86aa187b9f2401f17ef76b019,110,16384,0.21818181818181817,0.3582089552238806,1.0,0.21818181818181817,0.6064625472327184,0.9947509765625,16274,0,86,24,0.21818181818181817
image_707.h5,14633a0d50ab92dc9feff6594f7796a072964ec92e901faa244f596bf5377e9f,13838ab56e4b507bb162e74541c48642eb065863f8ceff8b35c8594d8c34ae52,422,16384,0.5298507462686567,0.6926829268292682,0.7135678391959799,0.6729857819905213,0.7570992861778065,0.984619140625,15848,114,138,284,0.5298507462686567
image_708.h5,2d008c566ebe0966dbf7efaa9623efd2b1e29c9ba4ac42f1a4019293615376c8,6e61c70d617f806dc30a8673168d359f214d889eae81af7794c03b984690aba9,70,16384,0.0,0.0,0.0,0.0,0.49786376953125,0.9957275390625,16314,0,70,0,0.0
image_709.h5,b78a2a0d537b4c5ff294f2552177e18d1f0ba8511b55a6cc06985c150ebd83ec,6500ded30236bf82fc67cc1ca8089c747b280d0e62a1fa6e8759764a88a6e9a3,0,16384,0.0,0.0,0.0,0.0,0.5,1.0,16384,0,0,0,
image_710.h5,fd1e9c6d0dd3a1fc15d2d9a66dfa0b28b77dee45c348ad4992d736d0c39c455f,aad1b7d2f8aff6faef940d98650ef441ad2177877ba7d42c5c0ee569c9d628fb,37,16384,0.0,0.0,0.0,0.0,0.498870849609375,0.99774169921875,16347,0,37,0,0.0
image_711.h5,dc813d2f6b52397503be33a5c0f4da88845f6220ab9eb4c44a4fa2bc001c1941,8b7a765d64c7bda0bea46eb5aac4b31b6eec4550736049785b5c72799d1f05e2,140,16384,0.0,0.0,0.0,0.0,0.4957275390625,0.991455078125,16244,0,140,0,0.0
image_712.h5,73eb883f9fd2c80afc46ca71f03e52ae8b41656699565699a3ff90df5a2a06fc,4bf704b4abd41d4e51eca6a675a2c60ec109675ffe13d1420c4138ba377d38e6,0,16384,0.0,0.0,0.0,0.0,0.5,1.0,16384,0,0,0,
image_713.h5,e4d5c00db6d5629b182003412cb98dc48edfbc2d8500d5dd5182546b478cbbf1,8bfa5e3a8da58334f1fa644a0a8c2c32f76702a830d1f6e3068b365df27c8bf0,27,16384,0.59375,0.7450980392156863,0.7916666666666666,0.7037037037037037,0.7964778108768713,0.99920654296875,16352,5,8,19,0.59375
image_714.h5,8a92402d85f7a1770b0979392c70c0923df76e0ae512a4fe7f46a1cd80704f91,6500ded30236bf82fc67cc1ca8089c747b280d0e62a1fa6e8759764a88a6e9a3,0,16384,0.0,0.0,0.0,0.0,0.5,1.0,16384,0,0,0,
image_715.h5,3db92671a003d876c91baad6ad9180f7b56922a2cea1e7e73a55f7d037494582,a0ecc8d94dc3e7bd2c8986f4652e4d26256f55165af81aad806275e15783201d,1313,16384,0.49797336421540245,0.6648627754155393,0.6750392464678179,0.654988575780655,0.7210621781138852,0.94708251953125,14657,414,453,860,0.49797336421540245
image_716.h5,5be799a6a3bfcb1c3d612b47c37b0ae1725b00fcc015de1268ee0d6d89f130c4,b18f9b09dca1731c2ea23516f99221420588d33388c2755af361b591bfdaa4ea,0,16384,0.0,0.0,0.0,0.0,0.5,1.0,16384,0,0,0,
image_717.h5,51280ca19340e99494322cddf8305fe745588073e4dec74327150999ac7fe27c,b18f9b09dca1731c2ea23516f99221420588d33388c2755af361b591bfdaa4ea,0,16384,0.0,0.0,0.0,0.0,0.5,1.0,16384,0,0,0,
image_718.h5,5b566ebeaa38c5b8922b222d4d78666d3b7f62b7f6c7ef8030daf27ec3fe0d25,3d48f5e5b8759122ddf48fd51147cded5bef742498d4c44e709aae9c7c90a06b,510,16384,0.5416666666666666,0.7027027027027027,0.5693430656934306,0.9176470588235294,0.7583930216972439,0.975830078125,15520,354,42,468,0.5416666666666666
image_719.h5,dcaa6f3dd104a64fcff2d6bd9d5b6a8c52aa768426a77a6f4e8a43a72b42a954,f693db8aedabb673800eb0389c3f150d791c9d18f96803a2464a4a20a2803429,294,16384,0.6567164179104478,0.7927927927927928,0.7096774193548387,0.8979591836734694,0.8240778119328913,0.9915771484375,15982,108,30,264,0.6567164179104478
image_720.h5,95f7d52b0e54d0b49d4e7f3f19dfe0af2425c9646521e71b4ced3653f3658427,df592922aedc813a2129ebcd94098fbbed7d64682e33fe439c92598a67d4131f,11,16384,0.0,0.0,0.0,0.0,0.499664306640625,0.99932861328125,16373,0,11,0,0.0
image_721.h5,bb890ec5346f45b24cc1e9dc7513630cdbba8ffe252229e69c3f5189a5de2928,57af6d16dcc473e5bbc1d851c914ac0ec72e3acbd7557839879b57d1f3081284,56,16384,0.35714285714285715,0.5263157894736842,1.0,0.35714285714285715,0.6774714530153298,0.997802734375,16328,0,36,20,0.35714285714285715
image_722.h5,7836795f4dbb68af1263ef736a773a921d5325566ecc40b26493c17e88cf42d7,380a6b2cbf1857616b55d815505b8df0dcf05b01603c699ac9f2b507116b9bb9,295,16384,0.38557993730407525,0.5565610859728507,0.8367346938775511,0.41694915254237286,0.6867632790265533,0.988037109375,16065,24,172,123,0.38557993730407525
image_723.h5,a009022b50d785e4d8c8fe99c8f8c663acfd46acf0eed4dc164338147a905443,bf3a712cca3bd0ff3dcb11d501cf2bbc87600d8b64899d5277f37e88fe9fb9dd,285,16384,0.5252525252525253,0.6887417218543046,0.9285714285714286,0.5473684210526316,0.7582819195155898,0.99139404296875,16087,12,129,156,0.5252525252525253
image_724.h5,e0467bbe3eafd4d3d8511ebfbf15541583ec3b337c42113c6474fda7b3c0b99e,b5607478a0534634d4642cc3527a620fd15cb3d561a2f27ae8297e9473eb1fb3,128,16384,0.3741721854304636,0.5445783132530121,0.39372822299651566,0.8828125,0.6812782136666178,0.98846435546875,16082,174,15,113,0.3741721854304636
image_725.h5,df4cc5ed64c06508c45d298db0c4a7dd7c2f55441cd914e89120236e8efa340d,46295e1b44d7e91a355ab19ca6d95049e56b51f4d91a415801887030ebd2d80c,119,16384,0.7564102564102564,0.8613138686131386,0.7612903225806451,0.9915966386554622,0.8770370475460848,0.9976806640625,16228,37,1,118,0.7564102564102564
image_726.h5,258dcc7a589de11b1a1a8326fd0c367912fcd2731f5862cc92f969c7c012cd3e,b18f9b09dca1731c2ea23516f99221420588d33388c2755af361b591bfdaa4ea,0,16384,0.0,0.0,0.0,0.0,0.498565673828125,0.99713134765625,16337,47,0,0,
image_727.h5,7d1630d8c8780429626064bf8f8ea8800123e7094ae9bb783da12e9551ff7e92,d8f2ea80e744e1d0c7bcbb5968a9f88688291474b69ab1eb3acc887e7366a128,414,16384,0.20074349442379183,0.33436532507739936,0.46551724137931033,0.2608695652173913,0.5871621133952334,0.9737548828125,15846,124,306,108,0.20074349442379183
image_728.h5,ff712f96a4b5e1d27b4322a67e8d19f5570a12055966f4f67a3bff2f7048e25b,b18f9b09dca1731c2ea23516f99221420588d33388c2755af361b591bfdaa4ea,0,16384,0.0,0.0,0.0,0.0,0.49932861328125,0.9986572265625,16362,22,0,0,
image_729.h5,898531f344c4f9d41674a06a676c610ad7641c95c943f23d603a1776aa1aa07c,571acc4e6da68cb4d1fa5b16a3e4c2c10f129ba0951668ebc00816feef2e2a05,178,16384,0.6867469879518072,0.8142857142857143,0.7066115702479339,0.9606741573033708,0.8409680168896148,0.9952392578125,16135,71,7,171,0.6867469879518072
image_730.h5,5d9d74fc6dfe271eb7ca84c8000c4314dd3f2766e980f6ec9dfae78a42951559,b18f9b09dca1731c2ea23516f99221420588d33388c2755af361b591bfdaa4ea,0,16384,0.0,0.0,0.0,0.0,0.5,1.0,16384,0,0,0,
image_731.h5,e78ae9ac991273e6a0e6e8d2b1df06f98d1358e01fdc2350026fd5d8123a17fc,64f068ad22fd372f7f3a5f8d77a466b2e4fb1a3bf7ecc83282353f168d905815,624,16384,0.5127701375245579,0.6779220779220779,0.5698689956331878,0.8365384615384616,0.7407502181759721,0.9697265625,15366,394,102,522,0.5127701375245579
image_732.h5,b8bc568204f0a10ae68caa8dfbcaa51de88968264ecbfd7fa03ee97270d55b81,c9dabe352fdd2fe8866d398a2bc5cfdf5a76a73b5740e91ddf362292e66323f8,277,16384,0.25644171779141106,0.408203125,0.2797858099062918,0.7545126353790613,0.6094882468400641,0.9630126953125,15569,538,68,209,0.25644171779141106
image_733.h5,2521d79bfffe369ea4f5ed67a1f13a4105e454ee505b2f9fd9f90185a76b2ae3,440c1214a7838178bb6df5c7b722d009dd9d74232814181c1dfea0f216123f41,1189,16384,0.5295902883156297,0.6924603174603174,0.8440145102781137,0.5870479394449117,0.7450322983080124,0.962158203125,15066,129,491,698,0.5295902883156297
image_734.h5,b3a8f0b274b55a0ed159178c60ebe4b67304cef3030058950886d6205b04dd41,28e29631a3cc3ea471805a5659f100d034c5e43059eec84b3ed658e66a180e58,294,16384,0.5944584382871536,0.7456556082148499,0.696165191740413,0.8027210884353742,0.7922440816652514,0.99017333984375,15987,103,58,236,0.5944584382871536
image_735.h5,7a32bd118802e17b7026574b479f1a4bed14fbebda788b7da5429369f70fcc56,543910358d7b3fa4e01f794896150cf3ebabff5f94c79c78b80205171562dd48,81,16384,0.04938271604938271,0.09411764705882353,1.0,0.04938271604938271,0.522340930674264,0.99530029296875,16303,0,77,4,0.04938271604938271
image_736.h5,6f9db2e1410c9e8b5f400211110ba1c14fe59e1c15566fd9ee91f55d8464c0b9,b18f9b09dca1731c2ea23516f99221420588d33388c2755af361b591bfdaa4ea,0,16384,0.0,0.0,0.0,0.0,0.5,1.0,16384,0,0,0,
image_737.h5,968deb3f0a2ee3428a1df3ce33c13a16d2be80a494b0bd520df3e1373310ac06,8a1afced56c83432141fd8819b70a932d4753c8d2ec11eda765595b4757d8991,250,16384,0.7709677419354839,0.8706739526411658,0.7993311036789298,0.956,0.8832850478026754,0.99566650390625,16074,60,11,239,0.7709677419354839
image_738.h5,e0d4e1b4717e72ae3981a9c63787d09671e2ec1d614e8eafc4cddab72d703a0f,95052b90843233e353824153e9e84532e35d9a7065ad72b7adb00f7fb99a9157,60,16384,0.059790732436472344,0.11283497884344147,0.061633281972265024,0.6666666666666666,0.5106528307312073,0.96160888671875,15715,609,20,40,0.059790732436472344
image_739.h5,3b3629bc43e0a109c8bbebab79d3ac918d098b71b385cefec7f7892110c66894,b18f9b09dca1731c2ea23516f99221420588d33388c2755af361b591bfdaa4ea,0,16384,0.0,0.0,0.0,0.0,0.5,1.0,16384,0,0,0,
image_740.h5,e76660e33e49f083c49e4b892c520464fbf7c316ef7fdefb9b0d061228c803ac,ce3cf37265381696373b2e9e2a242f181717e7ac1c653bd4bdf9f551aced3fc9,12,16384,0.0,0.0,0.0,0.0,0.4996337890625,0.999267578125,16372,0,12,0,0.0
image_741.h5,a475da712ebe09efb3ce798461bd7a9483e9f24661524172759e97e4040b6cdf,b4b6ac19ed01d8d7a9144d1fe4af85ca38b6852fba92ea9e36adfb47399d475e,2318,16384,0.8940527766837337,0.9440632148055729,0.9112806101967081,0.9792924935289042,0.9374968432093743,0.98358154296875,13845,221,48,2270,0.8940527766837337
image_742.h5,48bf1b8401005c15517f53d7774f31236385cde5685add027bce19b46c3ff224,96f88709060f3ac18b215d2be9c914c00799709bbe6bb71ec86fb813e2d9cf7a,436,16384,0.4954128440366973,0.6625766871165644,0.5977859778597786,0.7431192660550459,0.7374324494156089,0.9798583984375,15730,218,112,324,0.4954128440366973
image_743.h5,ed2129eee09fb1e73b37ddd40dcd7c8ab5a05a44a29024376bad5a330fa00640,b18f9b09dca1731c2ea23516f99221420588d33388c2755af361b591bfdaa4ea,0,16384,0.0,0.0,0.0,0.0,0.5,1.0,16384,0,0,0,
image_744.h5,ed8625ea75d659c427ec2475715890000dd98b3a556ecf40b6c3b4175d621a53,6500ded30236bf82fc67cc1ca8089c747b280d0e62a1fa6e8759764a88a6e9a3,0,16384,0.0,0.0,0.0,0.0,0.5,1.0,16384,0,0,0,
image_745.h5,3da5283dc26493febaeaad2acb1a732903272d5eb12ae21cbd0d67790d526f93,6c6af382640c207079f459ac7568a878db2fa6308c4ed27da0a0c9f96c20a7c8,949,16384,0.636211232187762,0.7776639344262295,0.7567298105682951,0.7997892518440464,0.804217616093881,0.9735107421875,15191,244,190,759,0.636211232187762
image_746.h5,717356662512d15d866500dba695391ea95ddce94cbe7484e0e50704e77a301c,b18f9b09dca1731c2ea23516f99221420588d33388c2755af361b591bfdaa4ea,0,16384,0.0,0.0,0.0,0.0,0.49847412109375,0.9969482421875,16334,50,0,0,
image_747.h5,60918ebd38f7708277290a6936bdcbf3c463942ae85c0b0b4750c96de25f1747,177f9b16cd59e8d7bb446028c79b30d673eaf073aa5c4c323afbed0afb659cab,2279,16384,0.464070908515353,0.633945945945946,0.6248934356351236,0.6432645897323388,0.675291922953212,0.89666748046875,13225,880,813,1466,0.464070908515353
image_748.h5,57b9e3c6dbe48213b307738bc2d964776440f066146f8ade345737742b311062,8eb6f6c8bc1ee358a19a1223824dee64fa6608653105a908b6721783fa6f0213,331,16384,0.4373956594323873,0.6085946573751452,0.49433962264150944,0.7915407854984894,0.7082462728373945,0.97943115234375,15785,268,69,262,0.4373956594323873
image_749.h5,92e6b24895c409865450e530977cc9227b717efd98aac885a5b352b80dc06381,95d60acc4a84deea033f28aff36a261b3a9f4e18aea00235247e3ee7e44f874e,444,16384,0.576592082616179,0.7314410480349345,0.7097457627118644,0.7545045045045045,0.7806320123966308,0.9849853515625,15803,137,109,335,0.576592082616179
image_750.h5,112602bd88ebe524a0ffe6e6f7aa9eb58ce59c7221bd01ca8854f4ed76331726,b18f9b09dca1731c2ea23516f99221420588d33388c2755af361b591bfdaa4ea,0,16384,0.0,0.0,0.0,0.0,0.5,1.0,16384,0,0,0,
image_751.h5,d6a5b3a4f1f2c43583bec3d1228a88b88e439bfe7d866d2b878f566f7871ce68,459fa50ab19142fd5e3e9c8acc0d85c27595c94998367bbec7d809f07bde0485,25,16384,0.5,0.6666666666666666,0.5526315789473685,0.84,0.7493583083786592,0.99871826171875,16342,17,4,21,0.5
image_752.h5,4f89fa05b67c31860d08ecd5946770cae079a07bff3369f5877dab07cb853adc,b0c809ea67b19bb4112c6446b399203ff24e1ddd272f11cdc9fb69e95b2a1ca6,548,16384,0.7636363636363637,0.865979381443299,0.8901734104046243,0.843065693430657,0.8773275399390209,0.99127197265625,15779,57,86,462,0.7636363636363637
image_753.h5,8e4f68c79560093f7f901ced2d7e80c6afc771054d3192e72927c415e7e74f30,556621e6f9d95d28d7252e766062a4c3bf92e1155be401d6d58e675ae9539776,364,16384,0.4756554307116105,0.6446700507614214,0.5990566037735849,0.6978021978021978,0.7291482361245591,0.98291015625,15850,170,110,254,0.4756554307116105
image_754.h5,0b993927218bf4944b1091f53d5d486f9422674b0e0d6390cc10e1ce5c32d679,b18f9b09dca1731c2ea23516f99221420588d33388c2755af361b591bfdaa4ea,0,16384,0.0,0.0,0.0,0.0,0.5,1.0,16384,0,0,0,
image_755.h5,66e9a2726d062ccab36c11e209b536e22f7f57af3b68752f1074ffeffbcf3960,f41a8719dcd8348786e84a3b59e4e32ec052dc4c39257f7f77686a8aa7879913,2273,16384,0.8073800738007381,0.893425888117599,0.8335238095238096,0.9626044874615046,0.885304576207216,0.9681396484375,13674,437,85,2188,0.8073800738007381
image_756.h5,dbff0939514b53d945efa5482e8e29e9dc971c4131d9e911369ef11addbb9009,5b4ad4cf05d67daa330faa7bcca688a2ad0d3d16067463d21b1a46f3fa2100ce,15,16384,0.0,0.0,0.0,0.0,0.499542236328125,0.99908447265625,16369,0,15,0,0.0
image_757.h5,48f6a57c168ae197dd05f200d32a68edde169ab4d281514ecaf5dcee0d014276,4bf704b4abd41d4e51eca6a675a2c60ec109675ffe13d1420c4138ba377d38e6,0,16384,0.0,0.0,0.0,0.0,0.5,1.0,16384,0,0,0,
image_758.h5,6c20cd9bc34f7550ca01c69ed3501551760d28a99be042bc932d030d1fa03b37,9846f568bc65e3d8ef4a7f4ec7f9fe420c6159fcfbb50191ade4536cb66e31e9,122,16384,0.06451612903225806,0.12121212121212122,0.07164179104477612,0.39344262295081966,0.5109554200499195,0.95751953125,15640,622,74,48,0.06451612903225806
image_759.h5,64cc110aabe6f091e25dbd7e6196e8b9c8b14f61ffdbaf48098d287b1eabf6e8,04b557032044229a9c4bb557fd64e5758b32b29f2437735611449d76a98dc1c9,2929,16384,0.8211901306240929,0.9018170226330889,0.8457399103139014,0.9658586548310003,0.887872822597181,0.96240234375,12939,516,100,2829,0.8211901306240929
image_760.h5,3e4ea6066915cf1cb0c50006f1c04ed71d1e425342efdf5f931bf2cd0fc84533,7db0d042a01a516de7fe0003394a01de5424a8c1d9735ebffc3207e5a5493dd8,82,16384,0.4268292682926829,0.5982905982905983,1.0,0.4268292682926829,0.7119772373636636,0.99713134765625,16302,0,47,35,0.4268292682926829
image_761.h5,770045b04820144e66e2b127fccb4e8b8276dbca15a65f8e50f9b29d1f263f9a,0bb250d10766dcd939c698e1fb16442ef37fb3f9757cbd9742721a0ffc24be71,110,16384,0.08898305084745763,0.16342412451361868,0.14285714285714285,0.19090909090909092,0.5379218254909537,0.98687744140625,16148,126,89,21,0.08898305084745763
image_762.h5,a01de41983cd2f3421e68ef8ca949a30662d8a8d86a814311a798e2a471ec163,36970a5ea3639d42fe43e98fe1374a5a78ed3e05f557a0c0ac03e97fbcbd7ab9,290,16384,0.323943661971831,0.48936170212765956,0.6388888888888888,0.39655172413793105,0.6545958398371049,0.9853515625,16029,65,175,115,0.323943661971831
image_763.h5,37f1e38e63fdf45816f010506bc50b31f2252937fa7d4f87dc0b2de56bef50a5,99913fc8cedafb7ce19321acd3be6b99f36d783c330ea83aa9a990e1be5f2ca4,910,16384,0.5149308084486526,0.6798076923076923,0.6042735042735042,0.7769230769230769,0.7362240953004251,0.9593505859375,15011,463,203,707,0.5149308084486526
image_764.h5,28beeb7edf7cf8985171fafce9229a8bb4b8c0ba96a65014f90933d216dd10a4,51b4d4a91af7f18eae2b9d453ae11a0851475dfdcb7da10136cc2fd457762566,7,16384,0.0,0.0,0.0,0.0,0.496795654296875,0.99359130859375,16279,98,7,0,0.0
image_765.h5,495aad565ede9c8b439b62f74686e22ab56f8b408c24440ba239c1eede03c176,5b05b25f4be84e2ac924dacc9ea54d4c370b57cd0cd670c983de7c8dbf336949,252,16384,0.24596774193548387,0.3948220064724919,0.3333333333333333,0.48412698412698413,0.6114846703774086,0.9771728515625,15888,244,130,122,0.24596774193548387
image_766.h5,949fbc3f7a60c64ade9d80e33c5b742750f54ff5bdb46ecd60ed05e4a4d7294e,2bb62fa8c1e4f9392a4dd683f0677b4cc7c8fa5dce0a651154872effbaabc996,9,16384,0.0,0.0,0.0,0.0,0.497711181640625,0.99542236328125,16309,66,9,0,0.0
image_767.h5,6562191fe498c4b24b817d875e67940cbd83a29b630c3dfc88d72f80775f7719,b18f9b09dca1731c2ea23516f99221420588d33388c2755af361b591bfdaa4ea,0,16384,0.0,0.0,0.0,0.0,0.5,1.0,16384,0,0,0,
image_768.h5,ae99c268296d88aa08eb39b5d46ab6dcde61ad455c8ad2ea2c1331975e8af0f5,91685c8d440941ddcfc34c8862576e43fcb3365dc8d4ad0c6a38dfa0ac80dd16,488,16384,0.6140350877192983,0.7608695652173914,0.8101851851851852,0.7172131147540983,0.8001571222555579,0.986572265625,15814,82,138,350,0.6140350877192983
image_769.h5,31eea6227635d40302f5553ebf27dbe1953295fe1a66de2c2559731556dfdf61,b18f9b09dca1731c2ea23516f99221420588d33388c2755af361b591bfdaa4ea,0,16384,0.0,0.0,0.0,0.0,0.47650146484375,0.9530029296875,15614,770,0,0,
image_770.h5,137ba9fbc6460b009d33b7053cfe6d55e3c714e3bc7da161abb7d4f53aa7a30f,b18f9b09dca1731c2ea23516f99221420588d33388c2755af361b591bfdaa4ea,0,16384,0.0,0.0,0.0,0.0,0.5,1.0,16384,0,0,0,
image_771.h5,e752e536ab534647d9d3ed4496fc5bb0dc90f199ca8645338e65f97538a34766,398f0cb844d7fe2c7828c91ca3a4e9289118e77a5917ae28b4e52b7a521e27de,40,16384,0.5111111111111111,0.6764705882352942,0.8214285714285714,0.575,0.7548832250134127,0.9986572265625,16339,5,17,23,0.5111111111111111
image_772.h5,2ef84781435110c4429b3b6e891bb2ac3515cb9a4c2079741108ec97c4ec73d5,951ac3528a7a21d3c24da39efa84e3b396f6ac9cd5efa272e0a906c22ebb2522,125,16384,0.20268006700167504,0.3370473537604457,0.20404721753794267,0.968,0.586705587211715,0.970947265625,15787,472,4,121,0.20268006700167504
image_773.h5,a61a237528add6a9a9d92cde15af071749b8f841a02ff8641698aa017d8958eb,88eb8f77ca4d8b9674ada5509a2913e8c2140dae6d478976eaf8ad3f115310b5,90,16384,0.0,0.0,0.0,0.0,0.49725341796875,0.9945068359375,16294,0,90,0,0.0
image_774.h5,f78cd761679a420586abb362024c28407dd05b727ce4f698c46412ddd67fff28,38b17089daf962b44757d0f1f82d71538b7891ca1f22f55112b1c54cf9cb7e26,2717,16384,0.4814723926380368,0.6499917177405996,0.5909638554216867,0.72211998527788,0.6674800598608295,0.87103271484375,12309,1358,755,1962,0.4814723926380368
image_775.h5,41a3c3cb5c4244457796a5e37f0d3e423d4f014c96c8737076555a5b185bf974,3d20b7ea612ffa42d09213263a5ec6c64df86e02d5fb480d80dc80cffcc86eb6,325,16384,0.4674457429048414,0.6370875995449374,0.5054151624548736,0.8615384615384616,0.7238184998677213,0.98052978515625,15785,274,45,280,0.4674457429048414
image_776.h5,322b1b57655d0cbda4c56960f1e2b96f82352bcc5bb1122bd3b320b4f8668711,b18f9b09dca1731c2ea23516f99221420588d33388c2755af361b591bfdaa4ea,0,16384,0.0,0.0,0.0,0.0,0.5,1.0,16384,0,0,0,
image_777.h5,73ce1930c55247c4c61212bff5571b182eeeaebcdc3605b4aaa95ec3b6d197d6,d461e34fa4c73198a8420288658218a582a68655483e232029a08fa73dad3344,105,16384,0.3111111111111111,0.4745762711864407,0.42748091603053434,0.5333333333333333,0.6517583972997986,0.992431640625,16204,75,49,56,0.3111111111111111
image_778.h5,18d97dabdbb90b9713b6c4946c78ab6422bedba1a26f7ab3a7bcf8a3dfd6d12f,0895a3477bfee2a664a866776b9e582a4222e44960934306537f7a7701adfc8f,40,16384,0.0,0.0,0.0,0.0,0.498779296875,0.99755859375,16344,0,40,0,0.0
image_779.h5,8d1829847692b8f975e7cdcbbadb9ffb9a949bf580fa0530491e78dee71e55cb,8d0be23c64158f1876c6961a2b04f7ee3072b3e7f626a397d179948e5ea15b37,1254,16384,0.43980582524271844,0.6109238031018206,0.5292056074766355,0.722488038277512,0.6826241944407158,0.9295654296875,14324,806,348,906,0.43980582524271844
image_780.h5,ba8dd0cc6fee27d45f6acb55ed0c68df292d22fb71a8f9acef4f6078124ceb82,02e2dbcc4042dff07c1ac9884edd7379c399ee51c209c667e12f3a1104f44ae8,956,16384,0.4042207792207792,0.5757225433526012,0.6434108527131783,0.5209205020920502,0.6790082871302184,0.9552001953125,15152,276,458,498,0.4042207792207792
image_781.h5,85ef42870e26eeec2fbaf6030da144dd856040951927d93190f68c3353ade37c,8640a33a2881dbe2f261691403daa899371715c13cda68e5c4477f77fbe4ceff,399,16384,0.1206896551724138,0.2153846153846154,0.875,0.12280701754385964,0.5494173712042051,0.97821044921875,15978,7,350,49,0.1206896551724138
image_782.h5,9d18576a773bc9acd14a04628879f2c6bc79b8dbc5703959021fb2d7a2598276,f518ab647dc87b252ec727288558e09f250b376e57103421aadd0588f463e7bb,3321,16384,0.7323158914728682,0.8454761571808139,0.7892950391644908,0.9102679915688046,0.8248062505040413,0.93255615234375,12256,807,298,3023,0.7323158914728682
image_783.h5,8181385e3a362143baa858f18d8f5a1ec12a8e40d56ea5ed573d9e05843ce418,5eefff8ecb68e9639538c6b7cacd2fac2d1851d2c41da49f9d02dad4e0cdf610,283,16384,0.0,0.0,0.0,0.0,0.491363525390625,0.98272705078125,16101,0,283,0,0.0
image_784.h5,3a5ead88cb9a073c5edb5d81e8689911f02d1d4da43e0e152b768e4fa67cc99a,99fb0d64ecdc3e72efffb6e9bccec39bd2eccfeb55c0fd0e4798d9aa1b0a2726,44,16384,0.0,0.0,0.0,0.0,0.4986572265625,0.997314453125,16340,0,44,0,0.0
image_785.h5,de3c029dbe4d1d9b29687a4e650b3859718b8e89285c075aab9acb1cbd4d22b6,95694aacb98a19c79476886ab38cdfc9c875e0eb9deca2467f5cdceeb6a2081a,138,16384,0.0547945205479452,0.1038961038961039,0.5,0.057971014492753624,0.5231837771279052,0.9915771484375,16238,8,130,8,0.0547945205479452
image_786.h5,25cd6acb06499e4098ae9ef7ecdd163768c2407d347b5eac6ccabdce10029f89,9e763f33f18d791941ac2e7bbaf21c9a520095172c104c587b80e1c4a477a7fe,2236,16384,0.43289146644573323,0.6042208730847065,0.8544562551103843,0.4673524150268336,0.6718209206535988,0.91644287109375,13970,178,1191,1045,0.43289146644573323
image_787.h5,dca9cc9402252901260c3702b2adcac357f2a963d4f77fe9bf66ca00ca8f4fa8,290bd5e424f1a666020b3408628e016401fa562e688bb28454457eca31466ae8,192,16384,0.21287128712871287,0.3510204081632653,0.8113207547169812,0.22395833333333334,0.6015705802267394,0.99029541015625,16182,10,149,43,0.21287128712871287
image_788.h5,5be4f9f78ac406e90bbf51fd814ed93a5810994d7c9039e18c44142a3fea4c5a,4eec94edf896a5d974bfae8dad68d46152da5d255f4d574ea213bba67d769684,137,16384,0.0,0.0,0.0,0.0,0.495819091796875,0.99163818359375,16247,0,137,0,0.0
image_789.h5,7c16054eccad3b3c860c4fe61176fe2efeb9e4b15d643bdc4d2d3dd3c64e9e68,090bfc4e4bf542f8e945aa40e2a1b24e408ba0d18dddabe9b2bc662549ffbc48,195,16384,0.05641025641025641,0.10679611650485436,1.0,0.05641025641025641,0.5225861213035219,0.98876953125,16189,0,184,11,0.05641025641025641
image_790.h5,b3a98a5f4a6e3554d403b77f4e2a950eee5bfbb2f8e30a900477402dafb6e285,df4a9d1cb54df71129d581bbd5d41b99f0a6ca380e18836dc824be4172247fa9,5,16384,0.0,0.0,0.0,0.0,0.499847412109375,0.99969482421875,16379,0,5,0,0.0
image_791.h5,4fc672e52443447c37ee8ca717f9361b3ddb818141cb6a5c1762d21b24ea2d42,bfe73e6e2cc90b94dde7a135c003204ba82899e9b230efe85987ac814a6dfe8e,136,16384,0.0,0.0,0.0,0.0,0.495849609375,0.99169921875,16248,0,136,0,0.0
image_792.h5,bc5fba1a695c1645c20a783682493b82396708e80849ed96045fdd5f217dcf04,fd09de2836f6b869e7c7b9f40cc61dd14b5998a817a55f532eccc8c7518064cf,153,16384,0.07051282051282051,0.1317365269461078,0.7857142857142857,0.0718954248366013,0.5308283885132966,0.99114990234375,16228,3,142,11,0.07051282051282051
image_793.h5,4b1691ba5363693541c0006fecb183dabcfbd9ee81946a6e5b1abd5303369fd3,77d3b488e8000e612d35831e0b39c5ffa983fac91f5ae40bf159e214da155eea,1110,16384,0.38866719872306466,0.5597701149425287,0.773015873015873,0.43873873873873875,0.6702410032742203,0.9532470703125,15131,143,623,487,0.38866719872306466
image_794.h5,c0789d973a0b9de0d882167bc56bbdd574626e56c940d9a148a8e7678d134fce,a6b3856a72df2c70661a6eaab7dc8eca13057a0dfb67fa8026f4f7029dd6f244,45,16384,0.0,0.0,0.0,0.0,0.498626708984375,0.99725341796875,16339,0,45,0,0.0
image_795.h5,2a400a4a87fc8c8df48db02d78435253be37482a25155d9b1027f80fd2f72f3e,8f386d4df44034257a80fde19f0ecc1e61e06dc0fda4cb41c5db798db3203eae,27,16384,0.0,0.0,0.0,0.0,0.499176025390625,0.99835205078125,16357,0,27,0,0.0
image_796.h5,95b57db13c41ce5a9fc00625518f44cac7d1124f5f5bd0a8e9df8b730e33db4f,eca3ca381afe53e59f9a3526e9cea61a952a2925da3838137cc2433b9bcda1e8,555,16384,0.43286219081272087,0.6041923551171393,0.95703125,0.44144144144144143,0.706486241326182,0.98040771484375,15818,11,310,245,0.43286219081272087
image_797.h5,8fa20da48e5b719393bfd46a8d416dbbef743c1343f9b5c6ebe602b1e0d17133,39be35430f849e25815f2fe90f44058c81a47926fc74f99be024ee425a751c14,281,16384,0.03180212014134275,0.06164383561643835,0.8181818181818182,0.03202846975088968,0.5075346478569309,0.9832763671875,16101,2,272,9,0.03180212014134275
image_798.h5,c94f95df8973d8245836c892cefeb16825a9ce5de78959b19466991c5c25cea4,710d6452de98c7ef29494dfb0a6ef261aaebb2b1f144642b903c845a946642b1,355,16384,0.19154929577464788,0.3215130023640662,1.0,0.19154929577464788,0.5869796000814892,0.98248291015625,16029,0,287,68,0.19154929577464788
image_799.h5,d98403c4cbd3e1c36bcc65e6741721ef422683a03628a207e65943b3679ac674,5727467e5f3e9a07f423a4583e67c06fe2d68b360662ee3c03153199596d567b,598,16384,0.1432192648922687,0.25055432372505543,0.3717105263157895,0.18896321070234115,0.5508364777537368,0.958740234375,15595,191,485,113,0.1432192648922687
image_800.h5,7497c0ef13866e37cd05b1f4fb110d3479d3322e177ea477851e8a0f2f008e51,7512063304cc709fcbc23d330bcdb6cc1719dee434919d30e0af536c9a6caf61,50,16384,0.5714285714285714,0.7272727272727273,0.7346938775510204,0.72,0.7848884966269356,0.99835205078125,16321,13,14,36,0.5714285714285714
